ISO-10303-21;
HEADER;
FILE_DESCRIPTION(('Hull surface model, 6 B-spline panel(s)'),'2;1');
FILE_NAME('hull-1786553680102.step','2026-08-12T16:54:40',('Batten'),(''),'Batten','Batten','');
FILE_SCHEMA(('AUTOMOTIVE_DESIGN { 1 0 10303 214 1 1 1 1 }'));
ENDSEC;
DATA;
#1 = APPLICATION_CONTEXT('automotive design');
#2 = APPLICATION_PROTOCOL_DEFINITION('international standard','automotive_design',2000,#1);
#3 = PRODUCT_CONTEXT('',#1,'mechanical');
#4 = PRODUCT('hull','hull','',(#3));
#5 = PRODUCT_DEFINITION_FORMATION_WITH_SPECIFIED_SOURCE('','',#4,.NOT_KNOWN.);
#6 = PRODUCT_DEFINITION_CONTEXT('part definition',#1,'design');
#7 = PRODUCT_DEFINITION('design','',#5,#6);
#8 = PRODUCT_DEFINITION_SHAPE('','',#7);
#9 = (LENGTH_UNIT()NAMED_UNIT(*)SI_UNIT(.MILLI.,.METRE.));
#10 = (NAMED_UNIT(*)PLANE_ANGLE_UNIT()SI_UNIT($,.RADIAN.));
#11 = (NAMED_UNIT(*)SI_UNIT($,.STERADIAN.)SOLID_ANGLE_UNIT());
#12 = UNCERTAINTY_MEASURE_WITH_UNIT(LENGTH_MEASURE(1.E-06),#9,'distance_accuracy_value','confusion accuracy');
#13 = (GEOMETRIC_REPRESENTATION_CONTEXT(3)GLOBAL_UNCERTAINTY_ASSIGNED_CONTEXT((#12))GLOBAL_UNIT_ASSIGNED_CONTEXT((#9,#10,#11))REPRESENTATION_CONTEXT('',''));
#14 = CARTESIAN_POINT('',(-435.866898326,0.,628.522553908));
#15 = CARTESIAN_POINT('',(-428.294094608,0.,614.683078933));
#16 = CARTESIAN_POINT('',(-416.852742204,0.,593.772708031));
#17 = CARTESIAN_POINT('',(-401.692985235,0.,565.994441157));
#18 = CARTESIAN_POINT('',(-390.344471965,0.,545.146358245));
#19 = CARTESIAN_POINT('',(-379.021229398,0.,524.27271316));
#20 = CARTESIAN_POINT('',(-367.733707713,0.,503.377764334));
#21 = CARTESIAN_POINT('',(-356.491268178,0.,482.448831658));
#22 = CARTESIAN_POINT('',(-345.311766954,0.,461.511394698));
#23 = CARTESIAN_POINT('',(-334.189506312,0.,440.533997808));
#24 = CARTESIAN_POINT('',(-323.131642195,0.,419.512770264));
#25 = CARTESIAN_POINT('',(-312.153125738,0.,398.455648889));
#26 = CARTESIAN_POINT('',(-301.257060417,0.,377.356569661));
#27 = CARTESIAN_POINT('',(-290.461113836,0.,356.205961739));
#28 = CARTESIAN_POINT('',(-279.764294886,0.,335.004877804));
#29 = CARTESIAN_POINT('',(-269.177038395,0.,313.748662393));
#30 = CARTESIAN_POINT('',(-258.706852364,0.,292.434362669));
#31 = CARTESIAN_POINT('',(-244.914383078,0.,263.932719697));
#32 = CARTESIAN_POINT('',(-234.769692487,0.,242.461581936));
#33 = CARTESIAN_POINT('',(-228.114560353,0.,228.097388055));
#34 = CARTESIAN_POINT('',(-400.14796422,48.3785980453,623.797816964));
#35 = CARTESIAN_POINT('',(-393.059359398,47.0956038499,610.104843968));
#36 = CARTESIAN_POINT('',(-382.349554926,45.1580409128,589.415261222));
#37 = CARTESIAN_POINT('',(-368.158829102,42.6169875503,561.900242228));
#38 = CARTESIAN_POINT('',(-357.535553207,40.7372900856,541.225708187));
#39 = CARTESIAN_POINT('',(-346.935682494,38.8916073102,520.495233238));
#40 = CARTESIAN_POINT('',(-336.368969537,37.0896723179,499.706500251));
#41 = CARTESIAN_POINT('',(-325.844056382,35.3459473201,478.837100332));
#42 = CARTESIAN_POINT('',(-315.377657903,33.6702561055,457.909695762));
#43 = CARTESIAN_POINT('',(-304.964409798,32.0765751541,436.885242295));
#44 = CARTESIAN_POINT('',(-294.610964109,30.5785242694,415.756486386));
#45 = CARTESIAN_POINT('',(-284.331139102,29.1905397839,394.530056856));
#46 = CARTESIAN_POINT('',(-274.127664075,27.9224300017,373.202478503));
#47 = CARTESIAN_POINT('',(-264.016614972,26.7503961534,351.783102771));
#48 = CARTESIAN_POINT('',(-253.997026105,25.6672467267,330.280142852));
#49 = CARTESIAN_POINT('',(-244.078357791,24.6551382337,308.699700492));
#50 = CARTESIAN_POINT('',(-234.267412394,23.6989364256,287.046358221));
#51 = CARTESIAN_POINT('',(-221.340406481,22.4829693024,258.080113742));
#52 = CARTESIAN_POINT('',(-211.828565559,21.6117268516,236.255816117));
#53 = CARTESIAN_POINT('',(-205.586420763,21.031515475,221.660234296));
#54 = CARTESIAN_POINT('',(-346.401514765,121.149688722,616.689732367));
#55 = CARTESIAN_POINT('',(-340.041763413,117.749147642,603.217185101));
#56 = CARTESIAN_POINT('',(-330.43314125,112.071809644,582.859798544));
#57 = CARTESIAN_POINT('',(-317.701077491,105.709646012,555.740860705));
#58 = CARTESIAN_POINT('',(-308.169487332,101.081659934,535.32744753));
#59 = CARTESIAN_POINT('',(-298.658495944,96.5178867297,514.812386165));
#60 = CARTESIAN_POINT('',(-289.176806157,92.0693214409,494.183466014));
#61 = CARTESIAN_POINT('',(-279.731978114,87.7650596579,473.403640433));
#62 = CARTESIAN_POINT('',(-270.339008894,83.6315397019,452.491332863));
#63 = CARTESIAN_POINT('',(-260.993036592,79.7033344236,431.396081411));
#64 = CARTESIAN_POINT('',(-251.699955142,76.0146943319,410.105542795));
#65 = CARTESIAN_POINT('',(-242.471878052,72.6017029682,388.624377808));
#66 = CARTESIAN_POINT('',(-233.310971728,69.4889472932,366.953006323));
#67 = CARTESIAN_POINT('',(-224.2309174,66.616821054,345.129249838));
#68 = CARTESIAN_POINT('',(-215.23078761,63.9673134377,323.172095112));
#69 = CARTESIAN_POINT('',(-206.318576453,61.4957338572,301.10382895));
#70 = CARTESIAN_POINT('',(-197.500024619,59.1641773748,278.940371431));
#71 = CARTESIAN_POINT('',(-185.875862715,56.2031287679,249.275098375));
#72 = CARTESIAN_POINT('',(-177.316709392,54.0843585474,226.919444308));
#73 = CARTESIAN_POINT('',(-171.696280597,52.6733899403,211.975721177));
#74 = CARTESIAN_POINT('',(-271.30839928,213.162617204,607.264282321));
#75 = CARTESIAN_POINT('',(-265.944152258,206.976264542,594.060603078));
#76 = CARTESIAN_POINT('',(-257.839581733,195.933921375,574.108388459));
#77 = CARTESIAN_POINT('',(-247.100006882,184.852081658,547.470951557));
#78 = CARTESIAN_POINT('',(-239.059745246,176.901046349,527.373551881));
#79 = CARTESIAN_POINT('',(-231.03641466,169.033828133,507.117130911));
#80 = CARTESIAN_POINT('',(-223.037309336,161.376713245,486.677060296));
#81 = CARTESIAN_POINT('',(-215.06858747,153.970943495,465.997921949));
#82 = CARTESIAN_POINT('',(-207.14290619,146.86538636,445.092829257));
#83 = CARTESIAN_POINT('',(-199.256121203,140.120224805,423.896966629));
#84 = CARTESIAN_POINT('',(-191.413125195,133.795755528,402.391602731));
#85 = CARTESIAN_POINT('',(-183.623793136,127.955082677,380.578968758));
#86 = CARTESIAN_POINT('',(-175.889605287,122.641362243,358.464388686));
#87 = CARTESIAN_POINT('',(-168.221198918,117.749983152,336.12148149));
#88 = CARTESIAN_POINT('',(-160.617712314,113.249328067,313.582764479));
#89 = CARTESIAN_POINT('',(-153.085284531,109.060966885,290.890875365));
#90 = CARTESIAN_POINT('',(-145.628314147,105.118366974,268.075993932));
#91 = CARTESIAN_POINT('',(-135.793298382,100.120794434,237.518737274));
#92 = CARTESIAN_POINT('',(-128.544457024,96.5516657902,214.485548643));
#93 = CARTESIAN_POINT('',(-123.780301824,94.1749566925,199.097990105));
#94 = CARTESIAN_POINT('',(-212.397586453,278.387725077,600.234168916));
#95 = CARTESIAN_POINT('',(-207.798142674,270.235267666,587.213318083));
#96 = CARTESIAN_POINT('',(-200.849071989,255.30068445,567.536593245));
#97 = CARTESIAN_POINT('',(-191.640371341,240.961665255,541.225238099));
#98 = CARTESIAN_POINT('',(-184.746019044,230.735969113,521.340676698));
#99 = CARTESIAN_POINT('',(-177.865902963,220.603820344,501.256748388));
#100 = CARTESIAN_POINT('',(-171.006253911,210.74981911,480.940093099));
#101 = CARTESIAN_POINT('',(-164.172209284,201.222366752,460.322375501));
#102 = CARTESIAN_POINT('',(-157.374633279,192.08643581,439.412983381));
#103 = CARTESIAN_POINT('',(-150.6099564,183.420243708,418.136989894));
#104 = CARTESIAN_POINT('',(-143.882327583,175.302453192,396.47117212));
#105 = CARTESIAN_POINT('',(-137.199968496,167.81508493,374.416085255));
#106 = CARTESIAN_POINT('',(-130.563893294,161.014357159,351.980513812));
#107 = CARTESIAN_POINT('',(-123.982568316,154.763964451,329.26329885));
#108 = CARTESIAN_POINT('',(-117.455192268,149.022700084,306.306478358));
#109 = CARTESIAN_POINT('',(-110.986588047,143.688375736,283.167029037));
#110 = CARTESIAN_POINT('',(-104.580202879,138.674291207,259.885181066));
#111 = CARTESIAN_POINT('',(-96.1268725758,132.326635075,228.68905304));
#112 = CARTESIAN_POINT('',(-89.8914210672,127.799204574,205.170977365));
#113 = CARTESIAN_POINT('',(-85.790367672,124.7844473,189.46584545));
#114 = CARTESIAN_POINT('',(-150.096856657,338.615555574,593.258024772));
#115 = CARTESIAN_POINT('',(-146.284297688,328.722392209,580.394789203));
#116 = CARTESIAN_POINT('',(-140.524090565,310.344683988,560.955525424));
#117 = CARTESIAN_POINT('',(-132.890625651,293.121174831,534.923312995));
#118 = CARTESIAN_POINT('',(-127.175497398,280.881688488,515.219218058));
#119 = CARTESIAN_POINT('',(-121.471984844,268.745849117,495.279011731));
#120 = CARTESIAN_POINT('',(-115.785247534,256.950111685,475.061382555));
#121 = CARTESIAN_POINT('',(-110.119442507,245.54981183,454.486233516));
#122 = CARTESIAN_POINT('',(-104.483594685,234.624455221,433.559571466));
#123 = CARTESIAN_POINT('',(-98.8747542479,224.268859229,412.197235849));
#124 = CARTESIAN_POINT('',(-93.2963361773,214.57843815,390.371913895));
#125 = CARTESIAN_POINT('',(-87.7549452987,205.65234677,368.082680792));
#126 = CARTESIAN_POINT('',(-82.2511941154,197.558697858,345.341489676));
#127 = CARTESIAN_POINT('',(-76.7915283814,190.132254549,322.270221964));
#128 = CARTESIAN_POINT('',(-71.3752220596,183.323046297,298.9195948));
#129 = CARTESIAN_POINT('',(-66.0058827241,177.007201472,275.359683823));
#130 = CARTESIAN_POINT('',(-60.6860803923,171.079600877,251.639904992));
#131 = CARTESIAN_POINT('',(-53.6632763917,163.585658531,219.845382303));
#132 = CARTESIAN_POINT('',(-48.4789039326,158.24805893,195.87368356));
#133 = CARTESIAN_POINT('',(-45.066696431,154.693936152,179.871543676));
#134 = CARTESIAN_POINT('',(-83.3481588906,392.21791073,586.354047448));
#135 = CARTESIAN_POINT('',(-80.3578261572,380.926815701,573.616712583));
#136 = CARTESIAN_POINT('',(-75.839880871,359.898339658,554.367079383));
#137 = CARTESIAN_POINT('',(-69.8526303643,340.282011192,528.554977804));
#138 = CARTESIAN_POINT('',(-65.3700170364,326.354062706,508.990637739));
#139 = CARTESIAN_POINT('',(-60.8964985658,312.545683756,489.157971857));
#140 = CARTESIAN_POINT('',(-56.4361494678,299.130262356,469.008698686));
#141 = CARTESIAN_POINT('',(-51.992201037,286.17160772,448.452413149));
#142 = CARTESIAN_POINT('',(-47.5717660471,273.761290567,427.49217472));
#143 = CARTESIAN_POINT('',(-43.1725859061,262.009056229,406.035693053));
#144 = CARTESIAN_POINT('',(-38.7973544146,251.025004352,384.05207088));
#145 = CARTESIAN_POINT('',(-34.4510990266,240.923190687,361.539149701));
#146 = CARTESIAN_POINT('',(-30.1341137175,231.782151434,338.511683973));
#147 = CARTESIAN_POINT('',(-25.8510134586,223.411194897,315.111850678));
#148 = CARTESIAN_POINT('',(-21.6011660502,215.752625176,291.397987504));
#149 = CARTESIAN_POINT('',(-17.3870906888,208.663497672,267.451708952));
#150 = CARTESIAN_POINT('',(-13.2105734847,202.022473999,243.330528968));
#151 = CARTESIAN_POINT('',(-7.69496550896,193.640446949,210.988533239));
#152 = CARTESIAN_POINT('',(-3.62051078215,187.680397226,186.602540756));
#153 = CARTESIAN_POINT('',(-0.937154917564,183.711963725,170.32926247));
#154 = CARTESIAN_POINT('',(-12.1419039527,438.975775188,579.544914519));
#155 = CARTESIAN_POINT('',(-9.98678247785,426.695258601,566.895229245));
#156 = CARTESIAN_POINT('',(-6.73071910361,404.067406261,547.777522002));
#157 = CARTESIAN_POINT('',(-2.4158360629,382.568994169,522.114302308));
#158 = CARTESIAN_POINT('',(0.814581503462,367.268500378,502.640602482));
#159 = CARTESIAN_POINT('',(4.03832168181,352.114432555,482.871835623));
#160 = CARTESIAN_POINT('',(7.25239469518,337.394120577,462.753936986));
#161 = CARTESIAN_POINT('',(10.4544408319,323.183022711,442.187949646));
#162 = CARTESIAN_POINT('',(13.6392892656,309.581529383,421.174509605));
#163 = CARTESIAN_POINT('',(16.8084776701,296.712293376,399.614530836));
#164 = CARTESIAN_POINT('',(19.9600178944,284.697575916,377.474142213));
#165 = CARTESIAN_POINT('',(23.0903859979,273.663685626,354.750248709));
#166 = CARTESIAN_POINT('',(26.1995140893,263.697789526,331.459962076));
#167 = CARTESIAN_POINT('',(29.2843897221,254.587940629,307.762437393));
#168 = CARTESIAN_POINT('',(32.3455291498,246.269972531,283.722353621));
#169 = CARTESIAN_POINT('',(35.3813479991,238.58502239,259.430978542));
#170 = CARTESIAN_POINT('',(38.3907311516,231.398191448,234.952609294));
#171 = CARTESIAN_POINT('',(42.3660473276,222.341184503,202.124763183));
#172 = CARTESIAN_POINT('',(45.3041350514,215.911346576,177.37206483));
#173 = CARTESIAN_POINT('',(47.2400582802,211.630267046,160.858947934));
#174 = CARTESIAN_POINT('',(62.9780876771,479.482952818,572.855683421));
#175 = CARTESIAN_POINT('',(64.3262868531,466.665949825,560.248863263));
#176 = CARTESIAN_POINT('',(66.3632091154,443.739462554,541.195583148));
#177 = CARTESIAN_POINT('',(69.0623464739,420.832783343,515.597975413));
#178 = CARTESIAN_POINT('',(71.0829632865,404.420278303,496.157472155));
#179 = CARTESIAN_POINT('',(73.0992269242,388.198201395,476.401540602));
#180 = CARTESIAN_POINT('',(75.1092078087,372.435426225,456.271712284));
#181 = CARTESIAN_POINT('',(77.1113728922,357.224244194,435.66252558));
#182 = CARTESIAN_POINT('',(79.1024431965,342.669812476,414.572803549));
#183 = CARTESIAN_POINT('',(81.0832846162,328.905311279,392.898218837));
#184 = CARTESIAN_POINT('',(83.0525969927,316.062191993,370.602637951));
#185 = CARTESIAN_POINT('',(85.0082359363,304.275998793,347.682375485));
#186 = CARTESIAN_POINT('',(86.9502636227,293.64042005,324.156382935));
#187 = CARTESIAN_POINT('',(88.8770062218,283.927144054,300.196927486));
#188 = CARTESIAN_POINT('',(90.7888385834,275.066995797,275.873538693));
#189 = CARTESIAN_POINT('',(92.6849321561,266.888870398,251.284940279));
#190 = CARTESIAN_POINT('',(94.5647110934,259.24740723,226.50068035));
#191 = CARTESIAN_POINT('',(97.0482601707,249.624884683,193.258495141));
#192 = CARTESIAN_POINT('',(98.8844693704,242.799009361,168.194319253));
#193 = CARTESIAN_POINT('',(100.094844082,238.254323361,151.477685437));
#194 = CARTESIAN_POINT('',(141.834121424,514.254798993,566.291048086));
#195 = CARTESIAN_POINT('',(142.438749892,501.373846141,553.675968585));
#196 = CARTESIAN_POINT('',(143.352248075,479.566711845,534.609817755));
#197 = CARTESIAN_POINT('',(144.562584506,455.695383147,508.982138851));
#198 = CARTESIAN_POINT('',(145.468537397,438.397718155,489.508812632));
#199 = CARTESIAN_POINT('',(146.372381847,421.353410796,469.706952489));
#200 = CARTESIAN_POINT('',(147.273204876,404.776736102,449.515270561));
#201 = CARTESIAN_POINT('',(148.170264859,388.782508613,428.824128507));
#202 = CARTESIAN_POINT('',(149.062057753,373.476180799,407.631233351));
#203 = CARTESIAN_POINT('',(149.948896208,358.998647049,385.828785405));
#204 = CARTESIAN_POINT('',(150.830150125,345.487168578,363.379199211));
#205 = CARTESIAN_POINT('',(151.704887372,333.083126623,340.278594604));
#206 = CARTESIAN_POINT('',(152.573199293,321.884315832,316.54717382));
#207 = CARTESIAN_POINT('',(153.434453184,311.651625062,292.365915155));
#208 = CARTESIAN_POINT('',(154.288853085,302.312534632,267.807501284));
#209 = CARTESIAN_POINT('',(155.136122915,293.687883088,242.975610454));
#210 = CARTESIAN_POINT('',(155.976076339,285.625375458,217.943297618));
#211 = CARTESIAN_POINT('',(157.085863073,275.468340716,184.367444585));
#212 = CARTESIAN_POINT('',(157.906552989,268.260180158,159.054122));
#213 = CARTESIAN_POINT('',(158.44770351,263.460910734,142.174965308));
#214 = CARTESIAN_POINT('',(223.5542793,543.629513339,559.90625874));
#215 = CARTESIAN_POINT('',(223.519485254,531.295318211,547.224888117));
#216 = CARTESIAN_POINT('',(223.466915804,512.69758058,528.059082707));
#217 = CARTESIAN_POINT('',(223.397201136,488.288252161,502.295035079));
#218 = CARTESIAN_POINT('',(223.344966192,470.242501138,482.715463989));
#219 = CARTESIAN_POINT('',(223.292785725,452.551407347,462.802446171));
#220 = CARTESIAN_POINT('',(223.240692903,435.312309236,442.493602987));
#221 = CARTESIAN_POINT('',(223.188706502,418.674740944,421.677748654));
#222 = CARTESIAN_POINT('',(223.136899901,402.737994012,400.352252783));
#223 = CARTESIAN_POINT('',(223.085224668,387.64779685,378.407833419));
#224 = CARTESIAN_POINT('',(223.033697562,373.543306549,355.806363352));
#225 = CARTESIAN_POINT('',(222.982380008,360.568017024,332.544209348));
#226 = CARTESIAN_POINT('',(222.931287893,348.821089512,308.642161497));
#227 = CARTESIAN_POINT('',(222.880493981,338.058869185,284.284959846));
#228 = CARTESIAN_POINT('',(222.829999841,328.207362274,259.546532401));
#229 = CARTESIAN_POINT('',(222.779852244,319.084056468,234.532698832));
#230 = CARTESIAN_POINT('',(222.730085299,310.533689211,209.318059207));
#231 = CARTESIAN_POINT('',(222.664285878,299.737557609,175.500146554));
#232 = CARTESIAN_POINT('',(222.61561488,292.057994782,150.008411268));
#233 = CARTESIAN_POINT('',(222.583545311,286.944567961,133.013243908));
#234 = CARTESIAN_POINT('',(309.67412999,568.539352811,553.587225028));
#235 = CARTESIAN_POINT('',(309.128503291,557.032135293,540.776190774));
#236 = CARTESIAN_POINT('',(308.304152345,542.208731841,521.412180847));
#237 = CARTESIAN_POINT('',(307.212200987,517.620808015,495.386462524));
#238 = CARTESIAN_POINT('',(306.395086242,499.09823578,475.614334067));
#239 = CARTESIAN_POINT('',(305.580160666,481.019240806,455.512867161));
#240 = CARTESIAN_POINT('',(304.768331152,463.364681704,435.020735082));
#241 = CARTESIAN_POINT('',(303.960369372,446.313652934,414.028097136));
#242 = CARTESIAN_POINT('',(303.15768905,429.957019924,392.532877097));
#243 = CARTESIAN_POINT('',(302.36013848,414.440873496,370.426530192));
#244 = CARTESIAN_POINT('',(301.568369833,399.902252329,347.671408999));
#245 = CARTESIAN_POINT('',(300.783190926,386.482433825,324.264633883));
#246 = CARTESIAN_POINT('',(300.004428731,374.278912043,300.226843926));
#247 = CARTESIAN_POINT('',(299.232498425,363.050478881,275.741011064));
#248 = CARTESIAN_POINT('',(298.467158847,352.723757752,250.880172432));
#249 = CARTESIAN_POINT('',(297.708526797,343.118147965,225.749146142));
#250 = CARTESIAN_POINT('',(296.956670221,334.079852863,200.421886697));
#251 = CARTESIAN_POINT('',(295.963473864,322.627210327,166.459389131));
#252 = CARTESIAN_POINT('',(295.229054959,314.451244983,140.864719326));
#253 = CARTESIAN_POINT('',(294.74469018,309.006811595,123.803196223));
#254 = CARTESIAN_POINT('',(398.106229485,588.956681903,547.480694952));
#255 = CARTESIAN_POINT('',(397.183119849,578.157619461,534.488100785));
#256 = CARTESIAN_POINT('',(395.788463212,565.921544427,514.842537772));
#257 = CARTESIAN_POINT('',(393.941521708,541.448234641,488.446540836));
#258 = CARTESIAN_POINT('',(392.559816371,522.858407427,468.407600778));
#259 = CARTESIAN_POINT('',(391.182290076,504.739432147,448.051348634));
#260 = CARTESIAN_POINT('',(389.810614386,487.020064759,427.319552012));
#261 = CARTESIAN_POINT('',(388.446265122,469.887195698,406.106251571));
#262 = CARTESIAN_POINT('',(387.091727187,453.425663902,384.410732552));
#263 = CARTESIAN_POINT('',(385.746959436,437.77681721,362.127174791));
#264 = CARTESIAN_POINT('',(384.413203585,423.072330666,339.219326501));
#265 = CARTESIAN_POINT('',(383.091773241,409.447340104,315.685484623));
#266 = CARTESIAN_POINT('',(381.782228137,396.995064005,291.545471052));
#267 = CARTESIAN_POINT('',(380.485018738,385.482992171,266.975563419));
#268 = CARTESIAN_POINT('',(379.199643371,374.840251656,242.046008365));
#269 = CARTESIAN_POINT('',(377.926084686,364.892852832,216.857820447));
#270 = CARTESIAN_POINT('',(376.664294797,355.492441649,191.482347435));
#271 = CARTESIAN_POINT('',(374.997833024,343.535526204,157.465111869));
#272 = CARTESIAN_POINT('',(373.765694851,334.966633098,131.836915873));
#273 = CARTESIAN_POINT('',(372.952930447,329.260013841,114.754655727));
#274 = CARTESIAN_POINT('',(488.821788027,605.471593045,541.580019888));
#275 = CARTESIAN_POINT('',(487.64035747,595.364981566,528.359000536));
#276 = CARTESIAN_POINT('',(485.855433639,585.125617832,508.35854471));
#277 = CARTESIAN_POINT('',(483.492237831,561.038342754,481.498638994));
#278 = CARTESIAN_POINT('',(481.724800926,542.687378207,461.128557489));
#279 = CARTESIAN_POINT('',(479.963323642,524.797638677,440.460035286));
#280 = CARTESIAN_POINT('',(478.210121733,507.280540691,419.43959671));
#281 = CARTESIAN_POINT('',(476.467302961,490.31755896,397.967357801));
#282 = CARTESIAN_POINT('',(474.738167278,473.988119823,376.044658112));
#283 = CARTESIAN_POINT('',(473.022939025,458.424765042,353.570115853));
#284 = CARTESIAN_POINT('',(471.323385252,443.750923318,330.509665743));
#285 = CARTESIAN_POINT('',(469.641119107,430.092360435,306.86312468));
#286 = CARTESIAN_POINT('',(467.975387689,417.535819913,282.64892167));
#287 = CARTESIAN_POINT('',(466.326444176,405.862860765,258.032435097));
#288 = CARTESIAN_POINT('',(464.693526166,395.006746558,233.07949838));
#289 = CARTESIAN_POINT('',(463.076335497,384.804129334,207.884928404));
#290 = CARTESIAN_POINT('',(461.474601825,375.115524314,182.515782547));
#291 = CARTESIAN_POINT('',(459.359631308,362.73955445,148.519946432));
#292 = CARTESIAN_POINT('',(457.796045335,353.832435554,122.917067421));
#293 = CARTESIAN_POINT('',(456.764461978,347.899960033,105.852730888));
#294 = CARTESIAN_POINT('',(581.214353139,618.454832744,535.927023648));
#295 = CARTESIAN_POINT('',(579.883006341,608.988125772,522.437749082));
#296 = CARTESIAN_POINT('',(577.871599192,600.093236913,502.020838497));
#297 = CARTESIAN_POINT('',(575.209237931,576.632011498,474.619233938));
#298 = CARTESIAN_POINT('',(573.218633418,558.792490391,453.86444439));
#299 = CARTESIAN_POINT('',(571.235480193,541.371730252,432.835795384));
#300 = CARTESIAN_POINT('',(569.262600283,524.295183489,411.485916198));
#301 = CARTESIAN_POINT('',(567.302632321,507.727226541,389.722828849));
#302 = CARTESIAN_POINT('',(565.359439146,491.742519567,367.550509098));
#303 = CARTESIAN_POINT('',(563.433607131,476.461338206,344.873451754));
#304 = CARTESIAN_POINT('',(561.527341652,461.996482306,321.660443263));
#305 = CARTESIAN_POINT('',(559.642378116,448.461757391,297.913080269));
#306 = CARTESIAN_POINT('',(557.777639453,435.935664731,273.647913015));
#307 = CARTESIAN_POINT('',(555.933020288,424.218322082,249.015936703));
#308 = CARTESIAN_POINT('',(554.107516424,413.248510063,224.077227051));
#309 = CARTESIAN_POINT('',(552.30045867,402.876882592,198.918416904));
#310 = CARTESIAN_POINT('',(550.511289975,392.9757006,173.600866614));
#311 = CARTESIAN_POINT('',(548.149375415,380.270324393,139.689620345));
#312 = CARTESIAN_POINT('',(546.403419246,371.084494726,114.160875221));
#313 = CARTESIAN_POINT('',(545.251287662,364.965725222,97.146506897));
#314 = CARTESIAN_POINT('',(674.893326597,628.455131339,530.537762201));
#315 = CARTESIAN_POINT('',(673.509789013,619.576056942,516.746890876));
#316 = CARTESIAN_POINT('',(671.419545941,611.495902689,495.863264643));
#317 = CARTESIAN_POINT('',(668.653625548,588.865682885,467.857796007));
#318 = CARTESIAN_POINT('',(666.586251575,571.751911823,446.67528461));
#319 = CARTESIAN_POINT('',(664.527459842,554.99155686,425.248092413));
#320 = CARTESIAN_POINT('',(662.480425108,538.54461532,403.535970549));
#321 = CARTESIAN_POINT('',(660.44819003,522.550212322,381.456321891));
#322 = CARTESIAN_POINT('',(658.43493308,507.078405063,359.016228744));
#323 = CARTESIAN_POINT('',(656.441643727,492.23446571,336.127227028));
#324 = CARTESIAN_POINT('',(654.470857889,478.118642368,312.761495291));
#325 = CARTESIAN_POINT('',(652.524285875,464.830843236,288.922588023));
#326 = CARTESIAN_POINT('',(650.600548719,452.439983073,264.624780667));
#327 = CARTESIAN_POINT('',(648.699093906,440.768349639,240.001920044));
#328 = CARTESIAN_POINT('',(646.818712805,429.761369286,215.107256423));
#329 = CARTESIAN_POINT('',(644.958331783,419.286390562,190.017658678));
#330 = CARTESIAN_POINT('',(643.117085426,409.229748313,164.787659811));
#331 = CARTESIAN_POINT('',(640.687067121,396.262108087,131.011207818));
#332 = CARTESIAN_POINT('',(638.891007078,386.841689366,105.595373796));
#333 = CARTESIAN_POINT('',(637.705559126,380.565949892,88.6564007204));
#334 = CARTESIAN_POINT('',(769.43717118,635.976253551,525.432447574));
#335 = CARTESIAN_POINT('',(768.088225314,627.622689513,511.313267757));
#336 = CARTESIAN_POINT('',(766.050258736,619.899394368,489.924081511));
#337 = CARTESIAN_POINT('',(763.354372369,598.271213098,461.268248885));
#338 = CARTESIAN_POINT('',(761.340062046,582.046156211,439.625602331));
#339 = CARTESIAN_POINT('',(759.335030627,566.094612468,417.770936786));
#340 = CARTESIAN_POINT('',(757.342636208,550.422834435,395.671816591));
#341 = CARTESIAN_POINT('',(755.366172108,535.139514631,373.25614394));
#342 = CARTESIAN_POINT('',(753.409890368,520.309938832,350.534466992));
#343 = CARTESIAN_POINT('',(751.475168082,506.022316795,327.426254174));
#344 = CARTESIAN_POINT('',(749.564742744,492.362888203,303.907491916));
#345 = CARTESIAN_POINT('',(747.680182098,479.416378681,279.983788735));
#346 = CARTESIAN_POINT('',(745.819861263,467.241194946,255.666838757));
#347 = CARTESIAN_POINT('',(743.982764259,455.684530313,231.071292103));
#348 = CARTESIAN_POINT('',(742.167533946,444.699334404,206.242781964));
#349 = CARTESIAN_POINT('',(740.372715489,434.171677304,181.247238723));
#350 = CARTESIAN_POINT('',(738.597155932,424.003749198,156.131513235));
#351 = CARTESIAN_POINT('',(736.25455473,410.825886602,122.527177851));
#352 = CARTESIAN_POINT('',(734.523392333,401.20515698,97.2530682613));
#353 = CARTESIAN_POINT('',(733.380514952,394.795233039,80.4083487352));
#354 = CARTESIAN_POINT('',(864.446458444,641.503985704,520.631106859));
#355 = CARTESIAN_POINT('',(863.207363492,633.607757545,506.16349721));
#356 = CARTESIAN_POINT('',(861.335373995,625.87086705,484.241285116));
#357 = CARTESIAN_POINT('',(858.859937893,605.383507851,454.904226401));
#358 = CARTESIAN_POINT('',(857.011086692,590.158429134,432.77960593));
#359 = CARTESIAN_POINT('',(855.17170322,575.121161231,410.477995656));
#360 = CARTESIAN_POINT('',(853.345144073,560.326571802,387.975137279));
#361 = CARTESIAN_POINT('',(851.534773257,545.850870439,365.210193948));
#362 = CARTESIAN_POINT('',(849.744680709,531.753991462,342.197427761));
#363 = CARTESIAN_POINT('',(847.976558146,518.105751328,318.86485737));
#364 = CARTESIAN_POINT('',(846.233194574,504.977400344,295.192568131));
#365 = CARTESIAN_POINT('',(844.515928177,492.437829232,271.188236943));
#366 = CARTESIAN_POINT('',(842.822977704,480.534443767,246.860759889));
#367 = CARTESIAN_POINT('',(841.152919737,469.141199571,222.304260412));
#368 = CARTESIAN_POINT('',(839.50432307,458.219195768,197.556239686));
#369 = CARTESIAN_POINT('',(837.875431612,447.674583699,172.670921266));
#370 = CARTESIAN_POINT('',(836.264868201,437.426642461,147.686895156));
#371 = CARTESIAN_POINT('',(834.140737533,424.075556858,114.279033381));
#372 = CARTESIAN_POINT('',(832.571350482,414.278997629,89.1654353355));
#373 = CARTESIAN_POINT('',(831.535014001,407.751167389,72.4272178288));
#374 = CARTESIAN_POINT('',(959.507160735,645.504759371,516.163366641));
#375 = CARTESIAN_POINT('',(958.442267415,637.991513273,501.333423558));
#376 = CARTESIAN_POINT('',(956.8334727,629.954839313,478.861551318));
#377 = CARTESIAN_POINT('',(954.706959344,610.716366627,448.827338281));
#378 = CARTESIAN_POINT('',(953.119449941,596.552168661,426.208951904));
#379 = CARTESIAN_POINT('',(951.541015951,582.492984935,403.449860432));
#380 = CARTESIAN_POINT('',(949.974811813,568.635382913,380.534019872));
#381 = CARTESIAN_POINT('',(948.424065844,555.024111025,357.412260125));
#382 = CARTESIAN_POINT('',(946.892475362,541.712918017,334.102694783));
#383 = CARTESIAN_POINT('',(945.381917318,528.752480162,310.542236632));
#384 = CARTESIAN_POINT('',(943.89506104,516.198509395,286.715236137));
#385 = CARTESIAN_POINT('',(942.432958071,504.104117831,262.631371079));
#386 = CARTESIAN_POINT('',(940.993794059,492.505624906,238.296611972));
#387 = CARTESIAN_POINT('',(939.575866527,481.304733763,213.783942127));
#388 = CARTESIAN_POINT('',(938.177763191,470.471066994,189.122491678));
#389 = CARTESIAN_POINT('',(936.797563329,459.931551361,164.354414363));
#390 = CARTESIAN_POINT('',(935.43377143,449.62324156,139.509736156));
#391 = CARTESIAN_POINT('',(933.635924902,436.122583947,106.309098147));
#392 = CARTESIAN_POINT('',(932.307987044,426.166147069,81.3642915487));
#393 = CARTESIAN_POINT('',(931.430858143,419.531026328,64.7378938448));
#394 = CARTESIAN_POINT('',(1054.22064328,648.504277692,512.040476219));
#395 = CARTESIAN_POINT('',(1053.38284654,641.291468691,496.841260758));
#396 = CARTESIAN_POINT('',(1052.11715452,632.751676612,473.814965931));
#397 = CARTESIAN_POINT('',(1050.44499498,614.834418857,443.083876991));
#398 = CARTESIAN_POINT('',(1049.19737408,601.73880947,419.97094418));
#399 = CARTESIAN_POINT('',(1047.95778166,588.676777345,396.753726587));
#400 = CARTESIAN_POINT('',(1046.72895389,575.770675975,373.424107901));
#401 = CARTESIAN_POINT('',(1045.51375043,563.037953315,349.944632995));
#402 = CARTESIAN_POINT('',(1044.31525174,550.52452817,326.337293487));
#403 = CARTESIAN_POINT('',(1043.13533325,538.262302493,302.547967734));
#404 = CARTESIAN_POINT('',(1041.97635233,526.291496703,278.565314047));
#405 = CARTESIAN_POINT('',(1040.83904719,514.649919264,254.400862753));
#406 = CARTESIAN_POINT('',(1039.72172718,503.363202786,230.057621864));
#407 = CARTESIAN_POINT('',(1038.62261139,492.360890661,205.587539499));
#408 = CARTESIAN_POINT('',(1037.54041795,481.621256261,181.011412624));
#409 = CARTESIAN_POINT('',(1036.47325477,471.092028976,156.359367872));
#410 = CARTESIAN_POINT('',(1035.41965632,460.728179362,131.652839657));
#411 = CARTESIAN_POINT('',(1034.03157534,447.084001781,98.6578124384));
#412 = CARTESIAN_POINT('',(1033.00673763,436.971921898,73.8805045481));
#413 = CARTESIAN_POINT('',(1032.32963337,430.23233878,57.3649369663));
#414 = CARTESIAN_POINT('',(1148.1890485,651.027047274,508.286055173));
#415 = CARTESIAN_POINT('',(1147.62149332,644.024672243,492.716526493));
#416 = CARTESIAN_POINT('',(1146.76407941,634.858347613,469.141650169));
#417 = CARTESIAN_POINT('',(1145.6320834,618.303019073,437.728922785));
#418 = CARTESIAN_POINT('',(1144.78812573,606.229687141,414.130711749));
#419 = CARTESIAN_POINT('',(1143.95042092,594.139338128,390.463699748));
#420 = CARTESIAN_POINT('',(1143.1210539,582.154019204,366.727076236));
#421 = CARTESIAN_POINT('',(1142.30225626,570.270955648,342.894804312));
#422 = CARTESIAN_POINT('',(1141.49626998,558.527859787,318.992668998));
#423 = CARTESIAN_POINT('',(1140.70472745,546.937341804,294.975315875));
#424 = CARTESIAN_POINT('',(1139.92946029,535.524153148,270.835627052));
#425 = CARTESIAN_POINT('',(1139.17089557,524.312776452,246.586751524));
#426 = CARTESIAN_POINT('',(1138.42765747,513.318746122,222.228782406));
#427 = CARTESIAN_POINT('',(1137.69816002,502.498736227,197.793439928));
#428 = CARTESIAN_POINT('',(1136.98138204,491.839534463,173.293495398));
#429 = CARTESIAN_POINT('',(1136.27571036,481.309047518,148.74749017));
#430 = CARTESIAN_POINT('',(1135.5799005,470.879761927,124.168510979));
#431 = CARTESIAN_POINT('',(1134.66410011,457.080608871,91.364377232));
#432 = CARTESIAN_POINT('',(1133.98851191,446.80545109,66.7431459629));
#433 = CARTESIAN_POINT('',(1133.5420795,439.956477613,50.3307391808));
#434 = CARTESIAN_POINT('',(1241.25413396,653.212290059,504.903273627));
#435 = CARTESIAN_POINT('',(1240.97701353,646.333454565,488.971175979));
#436 = CARTESIAN_POINT('',(1240.55837397,636.527161109,464.867274122));
#437 = CARTESIAN_POINT('',(1240.006251,621.355576115,432.805653725));
#438 = CARTESIAN_POINT('',(1239.59510074,610.22815413,408.743498189));
#439 = CARTESIAN_POINT('',(1239.18761972,599.059644269,384.645850692));
#440 = CARTESIAN_POINT('',(1238.78499989,587.939851379,360.518294628));
#441 = CARTESIAN_POINT('',(1238.3885545,576.856606115,336.345526248));
#442 = CARTESIAN_POINT('',(1237.99949438,565.832555879,312.156931806));
#443 = CARTESIAN_POINT('',(1237.61888834,554.867050876,287.915447309));
#444 = CARTESIAN_POINT('',(1237.24780763,543.971670047,263.617981756));
#445 = CARTESIAN_POINT('',(1236.88641083,533.15701084,239.279001648));
#446 = CARTESIAN_POINT('',(1236.53385826,522.430387393,214.895838537));
#447 = CARTESIAN_POINT('',(1236.18910372,511.773767508,190.481547888));
#448 = CARTESIAN_POINT('',(1235.85153522,501.18211977,166.041476947));
#449 = CARTESIAN_POINT('',(1235.52012517,490.642203339,141.583443707));
#450 = CARTESIAN_POINT('',(1235.19408352,480.14306347,117.112715458));
#451 = CARTESIAN_POINT('',(1234.76573399,466.186997047,84.4725983378));
#452 = CARTESIAN_POINT('',(1234.45026722,455.749986044,59.9866083086));
#453 = CARTESIAN_POINT('',(1234.24180311,448.792491589,43.6634941541));
#454 = CARTESIAN_POINT('',(1333.64485572,655.045137862,501.866827805));
#455 = CARTESIAN_POINT('',(1333.64942227,648.221378865,485.583139583));
#456 = CARTESIAN_POINT('',(1333.65632498,637.846158697,460.979695919));
#457 = CARTESIAN_POINT('',(1333.66566273,624.120517889,428.320124343));
#458 = CARTESIAN_POINT('',(1333.67281039,613.823550491,403.827470897));
#459 = CARTESIAN_POINT('',(1333.68014453,603.507918263,379.329730131));
#460 = CARTESIAN_POINT('',(1333.68771502,593.177290051,354.837484843));
#461 = CARTESIAN_POINT('',(1333.69558999,582.821707919,330.345218276));
#462 = CARTESIAN_POINT('',(1333.70379578,572.463949376,305.885585568));
#463 = CARTESIAN_POINT('',(1333.71242323,562.07540045,281.429071089));
#464 = CARTESIAN_POINT('',(1333.72152546,551.650597605,256.97623685));
#465 = CARTESIAN_POINT('',(1333.73108098,541.19807245,232.542422312));
#466 = CARTESIAN_POINT('',(1333.74103775,530.716068992,208.122388174));
#467 = CARTESIAN_POINT('',(1333.75130741,520.210005491,183.71270887));
#468 = CARTESIAN_POINT('',(1333.76185507,509.682228848,159.312137599));
#469 = CARTESIAN_POINT('',(1333.77260388,499.136438311,134.919008977));
#470 = CARTESIAN_POINT('',(1333.78349548,488.576733637,110.531561089));
#471 = CARTESIAN_POINT('',(1333.79814396,474.482189534,78.0203812664));
#472 = CARTESIAN_POINT('',(1333.80917322,463.901268128,53.6422852158));
#473 = CARTESIAN_POINT('',(1333.81647292,456.84729087,37.3903211975));
#474 = CARTESIAN_POINT('',(1424.91483752,656.538719219,499.174287987));
#475 = CARTESIAN_POINT('',(1425.16314153,649.683410151,482.575830612));
#476 = CARTESIAN_POINT('',(1425.53823256,639.016697906,457.529481429));
#477 = CARTESIAN_POINT('',(1426.03200407,626.661146418,424.342970451));
#478 = CARTESIAN_POINT('',(1426.39894092,617.103350796,399.468552199));
#479 = CARTESIAN_POINT('',(1426.76162226,607.563083428,374.613998394));
#480 = CARTESIAN_POINT('',(1427.11870771,597.941403061,349.793733663));
#481 = CARTESIAN_POINT('',(1427.46866869,588.253798696,325.010370173));
#482 = CARTESIAN_POINT('',(1427.81023888,578.455554535,300.299479232));
#483 = CARTESIAN_POINT('',(1428.14203554,568.554905485,275.638054657));
#484 = CARTESIAN_POINT('',(1428.46282149,558.550297841,251.030001735));
#485 = CARTESIAN_POINT('',(1428.7725286,548.417554382,226.491225669));
#486 = CARTESIAN_POINT('',(1429.07216741,538.157017975,202.014392428));
#487 = CARTESIAN_POINT('',(1429.36308924,527.791627426,177.582867162));
#488 = CARTESIAN_POINT('',(1429.64601862,517.330847201,153.190097103));
#489 = CARTESIAN_POINT('',(1429.92224392,506.792433623,128.826689205));
#490 = CARTESIAN_POINT('',(1430.19275271,496.193474944,104.484975153));
#491 = CARTESIAN_POINT('',(1430.54681437,481.997353295,72.0505529224));
#492 = CARTESIAN_POINT('',(1430.80662544,471.305992435,47.7400793649));
#493 = CARTESIAN_POINT('',(1430.9782668,464.177948384,31.532608615));
#494 = CARTESIAN_POINT('',(1515.64731323,657.713913775,496.79109472));
#495 = CARTESIAN_POINT('',(1516.10309651,650.741663837,479.925658968));
#496 = CARTESIAN_POINT('',(1516.79158205,640.108391467,454.497427547));
#497 = CARTESIAN_POINT('',(1517.69642425,628.9345259,420.8464517));
#498 = CARTESIAN_POINT('',(1518.36760834,620.084388711,395.634479992));
#499 = CARTESIAN_POINT('',(1519.02941654,611.262415985,370.461328385));
#500 = CARTESIAN_POINT('',(1519.67894822,602.295431956,345.344778029));
#501 = CARTESIAN_POINT('',(1520.31282866,593.249899753,320.293820265));
#502 = CARTESIAN_POINT('',(1520.92844025,583.889238476,295.346725308));
#503 = CARTESIAN_POINT('',(1521.52255771,574.377766308,270.486080578));
#504 = CARTESIAN_POINT('',(1522.09246185,564.755535857,245.719041703));
#505 = CARTESIAN_POINT('',(1522.63814701,554.904548757,221.062014341));
#506 = CARTESIAN_POINT('',(1523.16188531,544.84628863,196.506157055));
#507 = CARTESIAN_POINT('',(1523.66682593,534.613541398,172.024779929));
#508 = CARTESIAN_POINT('',(1524.15458361,524.223322423,147.607298469));
#509 = CARTESIAN_POINT('',(1524.62811722,513.704743621,123.238203243));
#510 = CARTESIAN_POINT('',(1525.08969152,503.086105244,98.9049365643));
#511 = CARTESIAN_POINT('',(1525.69151088,488.821986736,66.4959568329));
#512 = CARTESIAN_POINT('',(1526.13146895,478.05048979,42.2138310947));
#513 = CARTESIAN_POINT('',(1526.42204228,470.868670072,26.0248600358));
#514 = CARTESIAN_POINT('',(1605.75475582,658.57100136,494.714150107));
#515 = CARTESIAN_POINT('',(1606.38229944,651.433242547,477.621883031));
#516 = CARTESIAN_POINT('',(1607.33020557,641.08739648,451.865640253));
#517 = CARTESIAN_POINT('',(1608.57413463,630.951942257,417.809053212));
#518 = CARTESIAN_POINT('',(1609.49529797,622.761555542,392.300909402));
#519 = CARTESIAN_POINT('',(1610.40159367,614.59766681,366.845447679));
#520 = CARTESIAN_POINT('',(1611.28847682,606.227698848,341.463208019));
#521 = CARTESIAN_POINT('',(1612.1505889,597.785788246,316.168048561));
#522 = CARTESIAN_POINT('',(1612.98395874,588.768352356,291.000694036));
#523 = CARTESIAN_POINT('',(1613.78328535,579.568520116,265.948465868));
#524 = CARTESIAN_POINT('',(1614.54426362,570.291304759,241.021602618));
#525 = CARTESIAN_POINT('',(1615.26703565,560.688721264,216.236895283));
#526 = CARTESIAN_POINT('',(1615.95525251,550.815519553,191.584476237));
#527 = CARTESIAN_POINT('',(1616.61408838,540.708736399,167.030372484));
#528 = CARTESIAN_POINT('',(1617.24612312,530.392947525,142.561079615));
#529 = CARTESIAN_POINT('',(1617.85617503,519.90627082,118.156419381));
#530 = CARTESIAN_POINT('',(1618.44792867,509.286551662,93.7998747149));
#531 = CARTESIAN_POINT('',(1619.21635861,494.98611347,61.3724123815));
#532 = CARTESIAN_POINT('',(1619.77588236,484.162950956,37.0848401783));
#533 = CARTESIAN_POINT('',(1620.14531902,476.946416038,20.8920019504));
#534 = CARTESIAN_POINT('',(1695.38047793,659.130687268,492.917260622));
#535 = CARTESIAN_POINT('',(1696.14399112,651.80568546,475.636015637));
#536 = CARTESIAN_POINT('',(1697.29724037,641.960932127,449.602200005));
#537 = CARTESIAN_POINT('',(1698.80841674,632.723449874,415.194850017));
#538 = CARTESIAN_POINT('',(1699.92563181,625.147954925,389.429323274));
#539 = CARTESIAN_POINT('',(1701.02241344,617.584396961,363.725770773));
#540 = CARTESIAN_POINT('',(1702.09257227,609.757444482,338.10698799));
#541 = CARTESIAN_POINT('',(1703.12873628,601.87973977,312.590339169));
#542 = CARTESIAN_POINT('',(1704.12563453,593.126764284,287.218774484));
#543 = CARTESIAN_POINT('',(1705.07578773,584.173366052,261.983565601));
#544 = CARTESIAN_POINT('',(1705.97328623,575.206750039,236.897869672));
#545 = CARTESIAN_POINT('',(1706.81848209,565.8230733,211.978774501));
#546 = CARTESIAN_POINT('',(1707.61644288,556.119472479,187.215818654));
#547 = CARTESIAN_POINT('',(1708.37446661,546.132708218,162.570204748));
#548 = CARTESIAN_POINT('',(1709.09611893,535.894798923,138.026496651));
#549 = CARTESIAN_POINT('',(1709.78815268,525.450827318,113.56113556));
#550 = CARTESIAN_POINT('',(1710.45572834,514.846676073,89.1544823248));
#551 = CARTESIAN_POINT('',(1711.3186004,500.538279389,56.6712597624));
#552 = CARTESIAN_POINT('',(1711.94400262,489.688952829,32.3494804981));
#553 = CARTESIAN_POINT('',(1712.35679868,482.454773891,16.1337439151));
#554 = CARTESIAN_POINT('',(1784.57905819,659.40165076,491.386997791));
#555 = CARTESIAN_POINT('',(1785.44322479,651.897364128,473.950763905));
#556 = CARTESIAN_POINT('',(1786.74846181,642.719378832,447.685152722));
#557 = CARTESIAN_POINT('',(1788.45628956,634.253618639,412.977643493));
#558 = CARTESIAN_POINT('',(1789.71679635,627.246284544,386.990610194));
#559 = CARTESIAN_POINT('',(1790.95153078,620.226484008,361.07089237));
#560 = CARTESIAN_POINT('',(1792.15274319,612.890561797,335.243076945));
#561 = CARTESIAN_POINT('',(1793.31112789,605.533847286,309.526846262));
#562 = CARTESIAN_POINT('',(1794.42022334,596.985551647,283.967150908));
#563 = CARTESIAN_POINT('',(1795.47040247,588.228293568,258.558498097));
#564 = CARTESIAN_POINT('',(1796.4542186,579.54041154,233.316781278));
#565 = CARTESIAN_POINT('',(1797.37227236,570.350493985,208.259303043));
#566 = CARTESIAN_POINT('',(1798.23100502,560.803148853,183.375376918));
#567 = CARTESIAN_POINT('',(1799.03980799,550.931665323,158.623510806));
#568 = CARTESIAN_POINT('',(1799.80319852,540.775180215,133.98719217));
#569 = CARTESIAN_POINT('',(1800.5298245,530.384017309,109.440610873));
#570 = CARTESIAN_POINT('',(1801.22629114,519.810732421,84.9617528413));
#571 = CARTESIAN_POINT('',(1802.12161702,505.520261016,52.3918847121));
#572 = CARTESIAN_POINT('',(1802.7670099,494.667958265,28.0119492748));
#573 = CARTESIAN_POINT('',(1803.19283087,487.431654487,11.7574690202));
#574 = CARTESIAN_POINT('',(1873.42209359,659.396394941,490.106163067));
#575 = CARTESIAN_POINT('',(1874.35190911,651.749701958,472.545518279));
#576 = CARTESIAN_POINT('',(1875.75625447,643.358150852,446.089609045));
#577 = CARTESIAN_POINT('',(1877.59105393,635.548919844,411.128435559));
#578 = CARTESIAN_POINT('',(1878.9430141,629.062354253,384.952997706));
#579 = CARTESIAN_POINT('',(1880.26439018,622.531165682,358.84685814));
#580 = CARTESIAN_POINT('',(1881.54604072,615.636658534,332.835984766));
#581 = CARTESIAN_POINT('',(1882.77691544,608.754582984,306.941356725));
#582 = CARTESIAN_POINT('',(1883.94952709,600.369206396,281.209706771));
#583 = CARTESIAN_POINT('',(1885.0522638,591.771959554,255.638133477));
#584 = CARTESIAN_POINT('',(1886.07629549,583.33353558,230.24507166));
#585 = CARTESIAN_POINT('',(1887.02248645,574.316390309,205.047968443));
#586 = CARTESIAN_POINT('',(1887.89852853,564.913922257,180.03622149));
#587 = CARTESIAN_POINT('',(1888.71574701,555.154015536,155.167449479));
#588 = CARTESIAN_POINT('',(1889.47952183,545.082414951,130.424788638));
#589 = CARTESIAN_POINT('',(1890.20024178,534.753275788,105.781148025));
#590 = CARTESIAN_POINT('',(1890.88583857,524.224609802,81.2127953377));
#591 = CARTESIAN_POINT('',(1891.76146791,509.975201906,48.5318945105));
#592 = CARTESIAN_POINT('',(1892.38850567,499.140591134,24.0747521904));
#593 = CARTESIAN_POINT('',(1892.80201469,491.915992264,7.76892722983));
#594 = CARTESIAN_POINT('',(1961.97193984,659.119481725,489.064487055));
#595 = CARTESIAN_POINT('',(1962.93297039,651.396633806,471.406269121));
#596 = CARTESIAN_POINT('',(1964.38441183,643.865024327,444.796862289));
#597 = CARTESIAN_POINT('',(1966.27793918,636.609507533,409.623954724));
#598 = CARTESIAN_POINT('',(1967.67082576,630.595706523,383.290088212));
#599 = CARTESIAN_POINT('',(1969.02914434,624.499716465,357.024743739));
#600 = CARTESIAN_POINT('',(1970.34261441,617.999654843,330.854909646));
#601 = CARTESIAN_POINT('',(1971.59873948,611.542924937,304.802008786));
#602 = CARTESIAN_POINT('',(1972.78922672,603.29735029,278.914344318));
#603 = CARTESIAN_POINT('',(1973.90077558,594.838716215,253.191031737));
#604 = CARTESIAN_POINT('',(1974.9234122,586.623421038,227.65283827));
#605 = CARTESIAN_POINT('',(1975.85825594,577.762638657,202.317295869));
#606 = CARTESIAN_POINT('',(1976.71404586,568.496040731,177.174134791));
#607 = CARTESIAN_POINT('',(1977.50375245,558.845452992,152.181564516));
#608 = CARTESIAN_POINT('',(1978.23347465,548.862526298,127.322964331));
#609 = CARTESIAN_POINT('',(1978.91507349,538.604152994,102.570774228));
#610 = CARTESIAN_POINT('',(1979.55760172,528.132729709,77.9001099776));
#611 = CARTESIAN_POINT('',(1980.37174482,513.945335933,45.0898404319));
#612 = CARTESIAN_POINT('',(1980.9500159,503.146985209,20.5410016986));
#613 = CARTESIAN_POINT('',(1981.33113524,495.946511309,4.17425034476));
#614 = CARTESIAN_POINT('',(2050.30297618,658.589220193,488.239652225));
#615 = CARTESIAN_POINT('',(2051.26084504,650.885302174,470.507407865));
#616 = CARTESIAN_POINT('',(2052.70746168,644.240387543,443.777264496));
#617 = CARTESIAN_POINT('',(2054.59187904,637.446965832,408.430835608));
#618 = CARTESIAN_POINT('',(2055.97570413,631.856675459,381.966028293));
#619 = CARTESIAN_POINT('',(2057.32210553,626.143497392,355.566805432));
#620 = CARTESIAN_POINT('',(2058.62000092,619.992860684,329.260865909));
#621 = CARTESIAN_POINT('',(2059.85585524,613.908566269,303.069391135));
#622 = CARTESIAN_POINT('',(2061.02084645,605.797532766,277.042048738));
#623 = CARTESIAN_POINT('',(2062.10041352,597.470074037,251.179467272));
#624 = CARTESIAN_POINT('',(2063.08376457,589.453810846,225.504523724));
#625 = CARTESIAN_POINT('',(2063.97224219,580.736830993,200.034785758));
#626 = CARTESIAN_POINT('',(2064.77534885,571.598743435,174.76050438));
#627 = CARTESIAN_POINT('',(2065.50728234,562.0559375,149.641634791));
#628 = CARTESIAN_POINT('',(2066.17466211,552.165077943,124.662262961));
#629 = CARTESIAN_POINT('',(2066.79043814,541.98501449,99.7950128141));
#630 = CARTESIAN_POINT('',(2067.36449157,531.581603806,75.014324112));
#631 = CARTESIAN_POINT('',(2068.0846933,517.47402026,42.0632428575));
#632 = CARTESIAN_POINT('',(2068.59095093,506.727672451,17.4134111344));
#633 = CARTESIAN_POINT('',(2068.92434901,499.561850492,0.979592254499));
#634 = CARTESIAN_POINT('',(2138.48113908,657.814847716,487.617418223));
#635 = CARTESIAN_POINT('',(2139.40191221,650.254176358,469.831107999));
#636 = CARTESIAN_POINT('',(2140.79245705,644.476364515,443.00850982));
#637 = CARTESIAN_POINT('',(2142.60110578,638.065313494,407.52247865));
#638 = CARTESIAN_POINT('',(2143.92700045,632.84848145,380.951297802));
#639 = CARTESIAN_POINT('',(2145.21404445,627.467226716,354.44120107));
#640 = CARTESIAN_POINT('',(2146.45077528,621.62341358,328.020338619));
#641 = CARTESIAN_POINT('',(2147.62313621,615.855485308,301.709133328));
#642 = CARTESIAN_POINT('',(2148.72210782,607.892111567,275.558417681));
#643 = CARTESIAN_POINT('',(2149.73242968,599.702858888,249.569899508));
#644 = CARTESIAN_POINT('',(2150.6429037,591.864241524,223.768329042));
#645 = CARTESIAN_POINT('',(2151.45504026,583.282837432,198.171271146));
#646 = CARTESIAN_POINT('',(2152.17874112,574.268029324,172.76962515));
#647 = CARTESIAN_POINT('',(2152.82888435,564.832670106,147.525921473));
#648 = CARTESIAN_POINT('',(2153.41235667,555.037355463,122.425285562));
#649 = CARTESIAN_POINT('',(2153.94269909,544.942427885,97.4410194302));
#650 = CARTESIAN_POINT('',(2154.43024132,534.616425522,72.5472723194));
#651 = CARTESIAN_POINT('',(2155.03415088,520.603933032,39.4502624565));
#652 = CARTESIAN_POINT('',(2155.4528902,509.922984874,14.6949088118));
#653 = CARTESIAN_POINT('',(2155.7283664,502.800768117,-1.80896172993));
#654 = CARTESIAN_POINT('',(2226.57412906,656.807074309,487.18217873));
#655 = CARTESIAN_POINT('',(2227.42423421,649.542876563,469.358233385));
#656 = CARTESIAN_POINT('',(2228.70801194,644.566353689,442.46706499));
#657 = CARTESIAN_POINT('',(2230.37525039,638.469760769,406.871160676));
#658 = CARTESIAN_POINT('',(2231.595343,633.575518368,380.215329784));
#659 = CARTESIAN_POINT('',(2232.77688725,628.476765608,353.615116562));
#660 = CARTESIAN_POINT('',(2233.90854638,622.899554092,327.098913669));
#661 = CARTESIAN_POINT('',(2234.97636822,617.388754177,300.686036079));
#662 = CARTESIAN_POINT('',(2235.97152343,609.604358792,274.42828791));
#663 = CARTESIAN_POINT('',(2236.87874596,601.574676841,248.328092689));
#664 = CARTESIAN_POINT('',(2237.6869294,593.894960934,222.411824025));
#665 = CARTESIAN_POINT('',(2238.39767299,585.445153361,196.697016585));
#666 = CARTESIAN_POINT('',(2239.02083329,576.550441433,171.175285493));
#667 = CARTESIAN_POINT('',(2239.57129246,567.223313653,145.812241196));
#668 = CARTESIAN_POINT('',(2240.05589647,557.527024424,120.594250952));
#669 = CARTESIAN_POINT('',(2240.48816485,547.523259,95.4956303584));
#670 = CARTESIAN_POINT('',(2240.87840888,537.282604846,70.4905332522));
#671 = CARTESIAN_POINT('',(2241.35361918,523.377860159,37.2488893285));
#672 = CARTESIAN_POINT('',(2241.67695692,512.773280746,12.3883171016));
#673 = CARTESIAN_POINT('',(2241.8893613,505.701994397,-4.18538909841));
#674 = CARTESIAN_POINT('',(2314.65048964,655.574117247,486.920091354));
#675 = CARTESIAN_POINT('',(2315.3966734,648.78962046,469.071328518));
#676 = CARTESIAN_POINT('',(2316.52347544,644.501741736,442.130957383));
#677 = CARTESIAN_POINT('',(2317.98459279,638.66353813,406.450573564));
#678 = CARTESIAN_POINT('',(2319.0519444,634.040118463,379.728867677));
#679 = CARTESIAN_POINT('',(2320.08307974,629.17586322,353.056950365));
#680 = CARTESIAN_POINT('',(2321.06737807,623.827398415,326.463299243));
#681 = CARTESIAN_POINT('',(2321.99172735,618.511197661,299.965940873));
#682 = CARTESIAN_POINT('',(2322.8479315,610.955794149,273.617463752));
#683 = CARTESIAN_POINT('',(2323.62154521,603.121711448,247.420713393));
#684 = CARTESIAN_POINT('',(2324.30213776,595.584890241,221.40342172));
#685 = CARTESIAN_POINT('',(2324.89129477,587.267106046,195.583074984));
#686 = CARTESIAN_POINT('',(2325.39830283,578.491496389,169.952009819));
#687 = CARTESIAN_POINT('',(2325.8372428,569.274650782,144.479094156));
#688 = CARTESIAN_POINT('',(2326.21455708,559.681015169,119.15200759));
#689 = CARTESIAN_POINT('',(2326.54301664,549.773783718,93.946255531));
#690 = CARTESIAN_POINT('',(2326.83236012,539.625107012,68.8362009457));
#691 = CARTESIAN_POINT('',(2327.17632151,525.838336398,35.4575483392));
#692 = CARTESIAN_POINT('',(2327.4039312,515.318812354,10.4968303557));
#693 = CARTESIAN_POINT('',(2327.55312134,508.304250353,-6.14333743235));
#694 = CARTESIAN_POINT('',(2402.77857987,654.131406039,486.811860012));
#695 = CARTESIAN_POINT('',(2403.38791878,648.035858437,468.9477527));
#696 = CARTESIAN_POINT('',(2404.30804013,644.279492376,441.973414881));
#697 = CARTESIAN_POINT('',(2405.49927867,638.655493211,406.230073233));
#698 = CARTESIAN_POINT('',(2406.36789973,634.250635083,379.458649683));
#699 = CARTESIAN_POINT('',(2407.20496685,629.574582345,352.731401487));
#700 = CARTESIAN_POINT('',(2408.00125006,624.41952713,326.076781959));
#701 = CARTESIAN_POINT('',(2408.74532222,619.232665101,299.511513457));
#702 = CARTESIAN_POINT('',(2409.4301194,611.97323556,273.088789176));
#703 = CARTESIAN_POINT('',(2410.04297605,604.384330306,246.811653994));
#704 = CARTESIAN_POINT('',(2410.5748072,596.976885789,220.708924644));
#705 = CARTESIAN_POINT('',(2411.02705889,588.795477073,194.798037144));
#706 = CARTESIAN_POINT('',(2411.40784263,580.139746413,169.071999685));
#707 = CARTESIAN_POINT('',(2411.72950342,571.036064257,143.502797512));
#708 = CARTESIAN_POINT('',(2411.9976625,561.548427094,118.079366246));
#709 = CARTESIAN_POINT('',(2412.22350056,551.742014656,92.7784202341));
#710 = CARTESIAN_POINT('',(2412.41554225,541.690201948,67.5746462753));
#711 = CARTESIAN_POINT('',(2412.63558438,528.028624976,34.0731673372));
#712 = CARTESIAN_POINT('',(2412.77471282,517.600128312,9.02232409352));
#713 = CARTESIAN_POINT('',(2412.86556477,510.646265216,-7.67765356565));
#714 = CARTESIAN_POINT('',(2491.02535543,652.489206342,486.842275528));
#715 = CARTESIAN_POINT('',(2491.46530693,647.331914747,468.968518707));
#716 = CARTESIAN_POINT('',(2492.12962307,643.895589385,441.970737873));
#717 = CARTESIAN_POINT('',(2492.98828035,638.451827697,406.18149691));
#718 = CARTESIAN_POINT('',(2493.61320727,634.210140115,379.373515037));
#719 = CARTESIAN_POINT('',(2494.21387336,629.675481169,352.604982791));
#720 = CARTESIAN_POINT('',(2494.78319842,624.679319981,325.904278994));
#721 = CARTESIAN_POINT('',(2495.31239433,619.550586748,299.286986414));
#722 = CARTESIAN_POINT('',(2495.79608376,612.676362424,272.806723765));
#723 = CARTESIAN_POINT('',(2496.22447269,605.398766369,246.466580329));
#724 = CARTESIAN_POINT('',(2496.59057801,598.109457113,220.296150646));
#725 = CARTESIAN_POINT('',(2496.89555672,590.073351008,194.312807749));
#726 = CARTESIAN_POINT('',(2497.14565977,581.540465363,168.510103249));
#727 = CARTESIAN_POINT('',(2497.35043259,572.554139088,142.862645791));
#728 = CARTESIAN_POINT('',(2497.51420292,563.176025845,117.360425351));
#729 = CARTESIAN_POINT('',(2497.64560487,553.47409913,91.9812191911));
#730 = CARTESIAN_POINT('',(2497.75122055,543.522761532,66.7000600089));
#731 = CARTESIAN_POINT('',(2497.86465362,529.991214509,33.0967878404));
#732 = CARTESIAN_POINT('',(2497.93019671,519.657470051,7.97097596237));
#733 = CARTESIAN_POINT('',(2497.97265555,512.766772717,-8.77875950537));
#734 = CARTESIAN_POINT('',(2579.4564119,650.657036056,486.996614643));
#735 = CARTESIAN_POINT('',(2579.69478232,646.675747256,469.116189619));
#736 = CARTESIAN_POINT('',(2580.05470098,643.331410053,442.102110221));
#737 = CARTESIAN_POINT('',(2580.51906546,638.051745431,406.280664783));
#738 = CARTESIAN_POINT('',(2580.85631219,633.925575814,379.446875413));
#739 = CARTESIAN_POINT('',(2581.17952222,629.494321569,352.649022063));
#740 = CARTESIAN_POINT('',(2581.48460846,624.630730172,325.915378071));
#741 = CARTESIAN_POINT('',(2581.76648508,619.496009527,299.260672991));
#742 = CARTESIAN_POINT('',(2582.02207145,613.099843674,272.738799791));
#743 = CARTESIAN_POINT('',(2582.24566935,606.206097563,246.352816571));
#744 = CARTESIAN_POINT('',(2582.43323971,599.027801228,220.132848482));
#745 = CARTESIAN_POINT('',(2582.58547748,591.149130192,194.09628415));
#746 = CARTESIAN_POINT('',(2582.70600734,582.743736769,168.237096004));
#747 = CARTESIAN_POINT('',(2582.80038237,573.879531184,142.531802841));
#748 = CARTESIAN_POINT('',(2582.87110972,564.613971267,116.971170951));
#749 = CARTESIAN_POINT('',(2582.92320608,555.0188855,91.5337592557));
#750 = CARTESIAN_POINT('',(2582.9604954,545.169670081,66.1948862241));
#751 = CARTESIAN_POINT('',(2582.994539,531.769686407,32.5155091471));
#752 = CARTESIAN_POINT('',(2583.00898823,521.531482616,7.33349348612));
#753 = CARTESIAN_POINT('',(2583.0180324,514.704450539,-9.45355503502));
#754 = CARTESIAN_POINT('',(2668.13333865,648.645840349,487.25841478));
#755 = CARTESIAN_POINT('',(2668.13805948,646.258940711,469.36761701));
#756 = CARTESIAN_POINT('',(2668.1451824,642.621305511,442.336028659));
#757 = CARTESIAN_POINT('',(2668.15408219,637.479144868,406.488605121));
#758 = CARTESIAN_POINT('',(2668.16029985,633.388136176,379.635148932));
#759 = CARTESIAN_POINT('',(2668.16593365,628.996397275,352.816946134));
#760 = CARTESIAN_POINT('',(2668.17081665,624.219834587,326.062301477));
#761 = CARTESIAN_POINT('',(2668.17473685,618.973583963,299.385718179));
#762 = CARTESIAN_POINT('',(2668.17757601,613.22136635,272.841137885));
#763 = CARTESIAN_POINT('',(2668.17908706,606.828232458,246.431547627));
#764 = CARTESIAN_POINT('',(2668.17910243,599.751147589,220.187067806));
#765 = CARTESIAN_POINT('',(2668.17765889,592.050412705,194.124891197));
#766 = CARTESIAN_POINT('',(2668.17490942,583.780799862,168.238981761));
#767 = CARTESIAN_POINT('',(2668.1710938,575.046873653,142.506334511));
#768 = CARTESIAN_POINT('',(2668.16631723,565.898993351,116.917880286));
#769 = CARTESIAN_POINT('',(2668.16079453,556.414448256,91.452431592));
#770 = CARTESIAN_POINT('',(2668.15468932,546.6696785,66.0854113578));
#771 = CARTESIAN_POINT('',(2668.14594758,533.403016259,32.3684592134));
#772 = CARTESIAN_POINT('',(2668.13899452,523.260849804,7.15830972451));
#773 = CARTESIAN_POINT('',(2668.13437208,516.497778918,-9.64745732623));
#774 = CARTESIAN_POINT('',(2757.04076872,646.473405993,487.61598492));
#775 = CARTESIAN_POINT('',(2756.78309525,645.56121113,469.719312291));
#776 = CARTESIAN_POINT('',(2756.39405116,641.612682312,442.67930987));
#777 = CARTESIAN_POINT('',(2755.89327096,636.67570046,406.820095758));
#778 = CARTESIAN_POINT('',(2755.53056146,632.657215029,379.956800689));
#779 = CARTESIAN_POINT('',(2755.18424997,628.34424353,353.12769237));
#780 = CARTESIAN_POINT('',(2754.85909887,623.691668125,326.360856583));
#781 = CARTESIAN_POINT('',(2754.56105131,618.367564093,299.670720412));
#782 = CARTESIAN_POINT('',(2754.29366658,613.238152603,273.111355952));
#783 = CARTESIAN_POINT('',(2754.06364164,607.364591389,246.685838078));
#784 = CARTESIAN_POINT('',(2753.87569339,600.400989625,220.424758199));
#785 = CARTESIAN_POINT('',(2753.72897836,592.887110563,194.34603523));
#786 = CARTESIAN_POINT('',(2753.61925338,584.757242697,168.444054486));
#787 = CARTESIAN_POINT('',(2753.53999593,576.153970871,142.696005528));
#788 = CARTESIAN_POINT('',(2753.48827346,567.12067746,117.092999561));
#789 = CARTESIAN_POINT('',(2753.45820067,557.741170855,91.6137449038));
#790 = CARTESIAN_POINT('',(2753.44529215,548.0933624,66.2336122823));
#791 = CARTESIAN_POINT('',(2753.44619081,534.948003455,32.4999695467));
#792 = CARTESIAN_POINT('',(2753.45955546,524.891585392,7.27784979054));
#793 = CARTESIAN_POINT('',(2753.46900309,518.185569493,-9.53587991712));
#794 = CARTESIAN_POINT('',(2846.16165914,644.155705853,488.060010427));
#795 = CARTESIAN_POINT('',(2845.61578807,644.117928128,470.172017684));
#796 = CARTESIAN_POINT('',(2844.79164394,640.209246485,443.144883307));
#797 = CARTESIAN_POINT('',(2843.73252462,635.609181687,407.297440765));
#798 = CARTESIAN_POINT('',(2842.96688099,631.800463596,380.439014598));
#799 = CARTESIAN_POINT('',(2842.2377938,627.69055976,353.610029726));
#800 = CARTESIAN_POINT('',(2841.55586311,623.264084446,326.837752847));
#801 = CARTESIAN_POINT('',(2840.93434059,618.02080056,300.13610567));
#802 = CARTESIAN_POINT('',(2840.38110661,613.319337633,273.559627417));
#803 = CARTESIAN_POINT('',(2839.91114607,607.876260436,247.111736185));
#804 = CARTESIAN_POINT('',(2839.53497212,601.056354957,220.824817072));
#805 = CARTESIAN_POINT('',(2839.25066112,593.72293696,194.719324796));
#806 = CARTESIAN_POINT('',(2839.04874169,585.730964953,168.791255439));
#807 = CARTESIAN_POINT('',(2838.91462472,577.250853623,143.019028796));
#808 = CARTESIAN_POINT('',(2838.84176769,568.322179351,117.394612381));
#809 = CARTESIAN_POINT('',(2838.81701656,559.035401457,91.8965753813));
#810 = CARTESIAN_POINT('',(2838.83034699,549.470507014,66.5001956759));
#811 = CARTESIAN_POINT('',(2838.88821669,536.42586986,32.7478707401));
#812 = CARTESIAN_POINT('',(2838.959558,526.438621203,7.51387560312));
#813 = CARTESIAN_POINT('',(2839.00811278,519.778563388,-9.30766633135));
#814 = CARTESIAN_POINT('',(2935.4800158,641.706687071,488.582078145));
#815 = CARTESIAN_POINT('',(2934.62286715,642.180529618,470.712303939));
#816 = CARTESIAN_POINT('',(2933.32879871,638.506033553,443.712563404));
#817 = CARTESIAN_POINT('',(2931.66780015,634.333704878,407.894013655));
#818 = CARTESIAN_POINT('',(2930.46877882,630.821321547,381.051454249));
#819 = CARTESIAN_POINT('',(2929.32929661,626.994637864,354.231446256));
#820 = CARTESIAN_POINT('',(2928.26659895,622.859640439,327.460042247));
#821 = CARTESIAN_POINT('',(2927.30227144,617.800078215,300.75046612));
#822 = CARTESIAN_POINT('',(2926.449088,613.41763567,274.157934862));
#823 = CARTESIAN_POINT('',(2925.73151608,608.349587177,247.686398223));
#824 = CARTESIAN_POINT('',(2925.16667576,601.696545975,221.370906353));
#825 = CARTESIAN_POINT('',(2924.75138557,594.541565103,195.235724898));
#826 = CARTESIAN_POINT('',(2924.47020612,586.687534222,169.279244828));
#827 = CARTESIAN_POINT('',(2924.29932208,578.326138604,143.481598144));
#828 = CARTESIAN_POINT('',(2924.22807211,569.495297485,117.835984348));
#829 = CARTESIAN_POINT('',(2924.23499448,560.292418034,92.3207047963));
#830 = CARTESIAN_POINT('',(2924.30373465,550.800052372,66.9108742627));
#831 = CARTESIAN_POINT('',(2924.460381,537.840647323,33.1450524151));
#832 = CARTESIAN_POINT('',(2924.62297468,527.909933598,7.90409554346));
#833 = CARTESIAN_POINT('',(2924.73275918,521.287371994,-8.92194110043));
#834 = CARTESIAN_POINT('',(3024.96960075,639.144025699,489.171695977));
#835 = CARTESIAN_POINT('',(3023.7810509,639.811347651,471.328770825));
#836 = CARTESIAN_POINT('',(3021.98669476,636.549586046,444.369373144));
#837 = CARTESIAN_POINT('',(3019.68586259,632.882834177,408.594769337));
#838 = CARTESIAN_POINT('',(3018.02693297,629.742901072,381.777766577));
#839 = CARTESIAN_POINT('',(3016.45299651,626.269936368,354.974519965));
#840 = CARTESIAN_POINT('',(3014.98865075,622.482225842,328.209529103));
#841 = CARTESIAN_POINT('',(3013.66471249,617.701851817,301.49514554));
#842 = CARTESIAN_POINT('',(3012.49935003,613.545580941,274.887450684));
#843 = CARTESIAN_POINT('',(3011.5275588,608.792542707,248.391091402));
#844 = CARTESIAN_POINT('',(3010.77377522,602.329023943,222.044551214));
#845 = CARTESIAN_POINT('',(3010.23340448,595.34937463,195.877028783));
#846 = CARTESIAN_POINT('',(3009.88439181,587.632987227,169.890001313));
#847 = CARTESIAN_POINT('',(3009.69268091,579.385813389,144.065743125));
#848 = CARTESIAN_POINT('',(3009.64304646,570.646334539,118.399018745));
#849 = CARTESIAN_POINT('',(3009.70480984,561.519074633,92.8677509492));
#850 = CARTESIAN_POINT('',(3009.85459397,552.089603365,67.4468305869));
#851 = CARTESIAN_POINT('',(3010.14674338,539.201145309,33.6719439945));
#852 = CARTESIAN_POINT('',(3010.42981555,529.315363137,8.42825352168));
#853 = CARTESIAN_POINT('',(3010.62026032,522.722527898,-8.39942185824));
#854 = CARTESIAN_POINT('',(3114.60562439,636.484329953,489.818984936));
#855 = CARTESIAN_POINT('',(3113.06844222,637.123339426,472.009527578));
#856 = CARTESIAN_POINT('',(3110.74779935,634.399372228,445.100452963));
#857 = CARTESIAN_POINT('',(3107.77463681,631.295570694,409.381603563));
#858 = CARTESIAN_POINT('',(3105.63308512,628.582968344,382.597892285));
#859 = CARTESIAN_POINT('',(3103.60409902,625.515321565,355.817822949));
#860 = CARTESIAN_POINT('',(3101.7202339,622.113856351,329.064099475));
#861 = CARTESIAN_POINT('',(3100.02230696,617.687746035,302.348103136));
#862 = CARTESIAN_POINT('',(3098.53431008,613.699605059,275.726915066));
#863 = CARTESIAN_POINT('',(3097.30266284,609.207235951,249.206009943));
#864 = CARTESIAN_POINT('',(3096.35972608,602.953638957,222.827876525));
#865 = CARTESIAN_POINT('',(3095.69935831,596.14659862,196.627513242));
#866 = CARTESIAN_POINT('',(3095.2923345,588.567817238,170.609998278));
#867 = CARTESIAN_POINT('',(3095.09348762,580.4311562,144.759991944));
#868 = CARTESIAN_POINT('',(3095.08264671,571.777656062,119.074045085));
#869 = CARTESIAN_POINT('',(3095.21913697,562.719077013,93.5295791471));
#870 = CARTESIAN_POINT('',(3095.4719653,553.344401006,68.1011991922));
#871 = CARTESIAN_POINT('',(3095.93113504,540.514856907,34.3230498383));
#872 = CARTESIAN_POINT('',(3096.35976487,530.664219158,9.0816417148));
#873 = CARTESIAN_POINT('',(3096.64754343,524.094556102,-7.74430671634));
#874 = CARTESIAN_POINT('',(3204.36353033,633.743871969,490.514275031));
#875 = CARTESIAN_POINT('',(3202.46336213,634.215282794,472.743175244));
#876 = CARTESIAN_POINT('',(3199.59477507,632.110823904,445.891788542));
#877 = CARTESIAN_POINT('',(3195.92221272,629.608930268,410.237546509));
#878 = CARTESIAN_POINT('',(3193.2791192,627.360228281,383.493060276));
#879 = CARTESIAN_POINT('',(3190.77792903,624.733110443,356.741276137));
#880 = CARTESIAN_POINT('',(3188.4596603,621.74198341,330.002945038));
#881 = CARTESIAN_POINT('',(3186.37577152,617.728328657,303.28844091));
#882 = CARTESIAN_POINT('',(3184.55643587,613.88009244,276.655935937));
#883 = CARTESIAN_POINT('',(3183.0602439,609.597013896,250.11183167));
#884 = CARTESIAN_POINT('',(3181.92798758,603.571980932,223.703022567));
#885 = CARTESIAN_POINT('',(3181.15186764,596.934849735,197.470945664));
#886 = CARTESIAN_POINT('',(3180.69502639,589.49376807,171.424640747));
#887 = CARTESIAN_POINT('',(3180.50046124,581.464504871,145.551247428));
#888 = CARTESIAN_POINT('',(3180.54273756,572.892512941,119.849230947));
#889 = CARTESIAN_POINT('',(3180.77053497,563.896837584,94.2953846992));
#890 = CARTESIAN_POINT('',(3181.14474977,554.570215498,68.8639678718));
#891 = CARTESIAN_POINT('',(3181.79721585,541.789567381,35.0891320236));
#892 = CARTESIAN_POINT('',(3182.39231137,531.965925561,9.85539523875));
#893 = CARTESIAN_POINT('',(3182.79132414,525.413977708,-6.96522442656));
#894 = CARTESIAN_POINT('',(3294.22058076,630.937392136,491.248810359));
#895 = CARTESIAN_POINT('',(3291.94587035,631.188195449,473.519118727));
#896 = CARTESIAN_POINT('',(3288.51190251,629.738974897,446.730022677));
#897 = CARTESIAN_POINT('',(3284.11813773,627.859091503,411.146139009));
#898 = CARTESIAN_POINT('',(3280.95825611,626.091847451,384.444917256));
#899 = CARTESIAN_POINT('',(3277.97102768,623.923491218,357.72515043));
#900 = CARTESIAN_POINT('',(3275.20633701,621.351480873,331.00556755));
#901 = CARTESIAN_POINT('',(3272.72679663,617.790732504,304.295563213));
#902 = CARTESIAN_POINT('',(3270.56904724,614.085416196,277.654446072));
#903 = CARTESIAN_POINT('',(3268.80444764,609.964025696,251.089611069));
#904 = CARTESIAN_POINT('',(3267.48262623,604.184392075,224.652580666));
#905 = CARTESIAN_POINT('',(3266.59403717,597.714674788,198.391634063));
#906 = CARTESIAN_POINT('',(3266.09382022,590.411637731,172.31997308));
#907 = CARTESIAN_POINT('',(3265.91255739,582.487388305,146.427149889));
#908 = CARTESIAN_POINT('',(3266.01929603,573.993479726,120.713574001));
#909 = CARTESIAN_POINT('',(3266.35155068,565.056226338,95.1552779224));
#910 = CARTESIAN_POINT('',(3266.86171146,555.772408323,69.7261158978));
#911 = CARTESIAN_POINT('',(3267.72834212,543.032831756,35.9620352493));
#912 = CARTESIAN_POINT('',(3268.5065152,533.229809896,10.7417916057));
#913 = CARTESIAN_POINT('',(3269.02780615,526.691306743,-6.06962228414));
#914 = CARTESIAN_POINT('',(3414.1318492,627.130877613,492.266502184));
#915 = CARTESIAN_POINT('',(3411.34625765,627.130413718,474.593750917));
#916 = CARTESIAN_POINT('',(3407.14110992,626.541973914,447.890328858));
#917 = CARTESIAN_POINT('',(3401.7640708,625.493054425,412.403990187));
#918 = CARTESIAN_POINT('',(3397.89999225,624.365914219,385.763459492));
#919 = CARTESIAN_POINT('',(3394.25098056,622.81097077,359.08965922));
#920 = CARTESIAN_POINT('',(3390.87914665,620.789072866,332.398647123));
#921 = CARTESIAN_POINT('',(3387.86248845,617.862633544,305.69863459));
#922 = CARTESIAN_POINT('',(3385.24655649,614.392870658,279.050445548));
#923 = CARTESIAN_POINT('',(3383.12033205,610.428164049,252.462845288));
#924 = CARTESIAN_POINT('',(3381.54563131,604.995619131,225.993588523));
#925 = CARTESIAN_POINT('',(3380.51049067,598.745829327,199.700304734));
#926 = CARTESIAN_POINT('',(3379.95900946,591.627429944,173.601801238));
#927 = CARTESIAN_POINT('',(3379.80463534,583.840769787,147.690548166));
#928 = CARTESIAN_POINT('',(3380.00880355,575.447574935,121.969458207));
#929 = CARTESIAN_POINT('',(3380.49362173,566.583742199,96.4133647858));
#930 = CARTESIAN_POINT('',(3381.19974231,557.351757237,70.995505063));
#931 = CARTESIAN_POINT('',(3382.37298125,544.65912987,37.2569541857));
#932 = CARTESIAN_POINT('',(3383.41201135,534.877233922,12.0631293112));
#933 = CARTESIAN_POINT('',(3384.10747838,528.352392006,-4.73041469666));
#934 = CARTESIAN_POINT('',(3504.13109985,624.227630903,493.058592519));
#935 = CARTESIAN_POINT('',(3500.95375968,624.215240395,475.427787106));
#936 = CARTESIAN_POINT('',(3496.15726942,624.18955068,448.787499958));
#937 = CARTESIAN_POINT('',(3490.0265793,623.737343501,413.373955086));
#938 = CARTESIAN_POINT('',(3485.62303392,623.059765538,386.779544056));
#939 = CARTESIAN_POINT('',(3481.46742221,621.941403814,360.14189741));
#940 = CARTESIAN_POINT('',(3477.63132699,620.299327367,333.475229058));
#941 = CARTESIAN_POINT('',(3474.20466881,617.856366247,306.787097391));
#942 = CARTESIAN_POINT('',(3471.23989469,614.66023666,280.139394271));
#943 = CARTESIAN_POINT('',(3468.83964972,610.752118976,253.541915669));
#944 = CARTESIAN_POINT('',(3467.0751942,605.599467296,227.056893886));
#945 = CARTESIAN_POINT('',(3465.93268471,599.5110831,200.748875201));
#946 = CARTESIAN_POINT('',(3465.34766349,592.532066676,174.640695122));
#947 = CARTESIAN_POINT('',(3465.22029361,584.846839293,148.726438586));
#948 = CARTESIAN_POINT('',(3465.50611088,576.526808336,123.010649248));
#949 = CARTESIAN_POINT('',(3466.1152791,567.714834114,97.4670451526));
#950 = CARTESIAN_POINT('',(3466.97935141,558.517954085,72.0683156632));
#951 = CARTESIAN_POINT('',(3468.39827803,545.854890743,38.3628234854));
#952 = CARTESIAN_POINT('',(3469.64546819,536.084224611,13.1989638714));
#953 = CARTESIAN_POINT('',(3470.47988915,529.566536812,-3.57445606961));
#954 = CARTESIAN_POINT('',(3564.13310167,622.291938451,493.586744363));
#955 = CARTESIAN_POINT('',(3560.6945797,622.463939165,475.9811767));
#956 = CARTESIAN_POINT('',(3555.50383689,622.71601734,449.378889101));
#957 = CARTESIAN_POINT('',(3548.87068137,622.624767182,414.009680646));
#958 = CARTESIAN_POINT('',(3544.1074685,622.20814685,387.443831315));
#959 = CARTESIAN_POINT('',(3539.6141013,621.347895138,360.829264305));
#960 = CARTESIAN_POINT('',(3535.46847737,619.924137239,334.179152024));
#961 = CARTESIAN_POINT('',(3531.76846602,617.783486711,307.500807209));
#962 = CARTESIAN_POINT('',(3528.57111205,614.85405654,280.856742598));
#963 = CARTESIAN_POINT('',(3525.9881701,610.961327231,254.257399576));
#964 = CARTESIAN_POINT('',(3524.09719675,606.001519933,227.767672842));
#965 = CARTESIAN_POINT('',(3522.88309535,600.019324759,201.456366108));
#966 = CARTESIAN_POINT('',(3522.2757032,593.133868748,175.348710605));
#967 = CARTESIAN_POINT('',(3522.16632666,585.516350198,149.439402393));
#968 = CARTESIAN_POINT('',(3522.50656847,577.245329073,123.733833554));
#969 = CARTESIAN_POINT('',(3523.19862954,568.468121038,98.2048749253));
#970 = CARTESIAN_POINT('',(3524.16799663,559.294848346,72.824814445));
#971 = CARTESIAN_POINT('',(3525.75070738,546.651762251,39.1487311457));
#972 = CARTESIAN_POINT('',(3527.13666575,536.888784379,14.0099646948));
#973 = CARTESIAN_POINT('',(3528.06371923,530.375999989,-2.7466662339));
#974 = B_SPLINE_SURFACE_WITH_KNOTS('',3,3,((#14,#15,#16,#17,#18,#19,#20,#21,#22,#23,#24,#25,#26,#27,#28,#29,#30,#31,#32,#33),(#34,#35,#36,#37,#38,#39,#40,#41,#42,#43,#44,#45,#46,#47,#48,#49,#50,#51,#52,#53),(#54,#55,#56,#57,#58,#59,#60,#61,#62,#63,
#64,#65,#66,#67,#68,#69,#70,#71,#72,#73),(#74,#75,#76,#77,#78,#79,#80,#81,#82,#83,#84,#85,#86,#87,#88,#89,#90,#91,#92,#93),(#94,#95,#96,#97,#98,#99,#100,#101,#102,#103,#104,#105,#106,#107,#108,#109,#110,#111,#112,#113),(#114,#115,#116,#117,#118,#119,
#120,#121,#122,#123,#124,#125,#126,#127,#128,#129,#130,#131,#132,#133),(#134,#135,#136,#137,#138,#139,#140,#141,#142,#143,#144,#145,#146,#147,#148,#149,#150,#151,#152,#153),(#154,#155,#156,#157,#158,#159,#160,#161,#162,#163,#164,#165,#166,#167,#168,
#169,#170,#171,#172,#173),(#174,#175,#176,#177,#178,#179,#180,#181,#182,#183,#184,#185,#186,#187,#188,#189,#190,#191,#192,#193),(#194,#195,#196,#197,#198,#199,#200,#201,#202,#203,#204,#205,#206,#207,#208,#209,#210,#211,#212,#213),(#214,#215,#216,#217,
#218,#219,#220,#221,#222,#223,#224,#225,#226,#227,#228,#229,#230,#231,#232,#233),(#234,#235,#236,#237,#238,#239,#240,#241,#242,#243,#244,#245,#246,#247,#248,#249,#250,#251,#252,#253),(#254,#255,#256,#257,#258,#259,#260,#261,#262,#263,#264,#265,#266,
#267,#268,#269,#270,#271,#272,#273),(#274,#275,#276,#277,#278,#279,#280,#281,#282,#283,#284,#285,#286,#287,#288,#289,#290,#291,#292,#293),(#294,#295,#296,#297,#298,#299,#300,#301,#302,#303,#304,#305,#306,#307,#308,#309,#310,#311,#312,#313),(#314,#315,
#316,#317,#318,#319,#320,#321,#322,#323,#324,#325,#326,#327,#328,#329,#330,#331,#332,#333),(#334,#335,#336,#337,#338,#339,#340,#341,#342,#343,#344,#345,#346,#347,#348,#349,#350,#351,#352,#353),(#354,#355,#356,#357,#358,#359,#360,#361,#362,#363,#364,
#365,#366,#367,#368,#369,#370,#371,#372,#373),(#374,#375,#376,#377,#378,#379,#380,#381,#382,#383,#384,#385,#386,#387,#388,#389,#390,#391,#392,#393),(#394,#395,#396,#397,#398,#399,#400,#401,#402,#403,#404,#405,#406,#407,#408,#409,#410,#411,#412,#413),
(#414,#415,#416,#417,#418,#419,#420,#421,#422,#423,#424,#425,#426,#427,#428,#429,#430,#431,#432,#433),(#434,#435,#436,#437,#438,#439,#440,#441,#442,#443,#444,#445,#446,#447,#448,#449,#450,#451,#452,#453),(#454,#455,#456,#457,#458,#459,#460,#461,#462,
#463,#464,#465,#466,#467,#468,#469,#470,#471,#472,#473),(#474,#475,#476,#477,#478,#479,#480,#481,#482,#483,#484,#485,#486,#487,#488,#489,#490,#491,#492,#493),(#494,#495,#496,#497,#498,#499,#500,#501,#502,#503,#504,#505,#506,#507,#508,#509,#510,#511,
#512,#513),(#514,#515,#516,#517,#518,#519,#520,#521,#522,#523,#524,#525,#526,#527,#528,#529,#530,#531,#532,#533),(#534,#535,#536,#537,#538,#539,#540,#541,#542,#543,#544,#545,#546,#547,#548,#549,#550,#551,#552,#553),(#554,#555,#556,#557,#558,#559,#560,
#561,#562,#563,#564,#565,#566,#567,#568,#569,#570,#571,#572,#573),(#574,#575,#576,#577,#578,#579,#580,#581,#582,#583,#584,#585,#586,#587,#588,#589,#590,#591,#592,#593),(#594,#595,#596,#597,#598,#599,#600,#601,#602,#603,#604,#605,#606,#607,#608,#609,
#610,#611,#612,#613),(#614,#615,#616,#617,#618,#619,#620,#621,#622,#623,#624,#625,#626,#627,#628,#629,#630,#631,#632,#633),(#634,#635,#636,#637,#638,#639,#640,#641,#642,#643,#644,#645,#646,#647,#648,#649,#650,#651,#652,#653),(#654,#655,#656,#657,#658,
#659,#660,#661,#662,#663,#664,#665,#666,#667,#668,#669,#670,#671,#672,#673),(#674,#675,#676,#677,#678,#679,#680,#681,#682,#683,#684,#685,#686,#687,#688,#689,#690,#691,#692,#693),(#694,#695,#696,#697,#698,#699,#700,#701,#702,#703,#704,#705,#706,#707,
#708,#709,#710,#711,#712,#713),(#714,#715,#716,#717,#718,#719,#720,#721,#722,#723,#724,#725,#726,#727,#728,#729,#730,#731,#732,#733),(#734,#735,#736,#737,#738,#739,#740,#741,#742,#743,#744,#745,#746,#747,#748,#749,#750,#751,#752,#753),(#754,#755,#756,
#757,#758,#759,#760,#761,#762,#763,#764,#765,#766,#767,#768,#769,#770,#771,#772,#773),(#774,#775,#776,#777,#778,#779,#780,#781,#782,#783,#784,#785,#786,#787,#788,#789,#790,#791,#792,#793),(#794,#795,#796,#797,#798,#799,#800,#801,#802,#803,#804,#805,
#806,#807,#808,#809,#810,#811,#812,#813),(#814,#815,#816,#817,#818,#819,#820,#821,#822,#823,#824,#825,#826,#827,#828,#829,#830,#831,#832,#833),(#834,#835,#836,#837,#838,#839,#840,#841,#842,#843,#844,#845,#846,#847,#848,#849,#850,#851,#852,#853),(#854,
#855,#856,#857,#858,#859,#860,#861,#862,#863,#864,#865,#866,#867,#868,#869,#870,#871,#872,#873),(#874,#875,#876,#877,#878,#879,#880,#881,#882,#883,#884,#885,#886,#887,#888,#889,#890,#891,#892,#893),(#894,#895,#896,#897,#898,#899,#900,#901,#902,#903,
#904,#905,#906,#907,#908,#909,#910,#911,#912,#913),(#914,#915,#916,#917,#918,#919,#920,#921,#922,#923,#924,#925,#926,#927,#928,#929,#930,#931,#932,#933),(#934,#935,#936,#937,#938,#939,#940,#941,#942,#943,#944,#945,#946,#947,#948,#949,#950,#951,#952,
#953),(#954,#955,#956,#957,#958,#959,#960,#961,#962,#963,#964,#965,#966,#967,#968,#969,#970,#971,#972,#973)),.UNSPECIFIED.,.F.,.F.,.F.,(4,1,1,1,1,1,1,1,1,1,1,1,1,1,1,1,1,1,1,1,1,1,1,1,1,1,1,1,1,1,1,1,1,1,1,1,1,1,1,1,1,1,1,1,1,4),(4,1,1,1,1,1,1,1,1,1,
1,1,1,1,1,1,1,4),(0.,0.0371829657699,0.0557737115362,0.0744105526668,0.0931511300071,0.112069856914,0.131249770542,0.15077137904,0.170703163197,0.191152064598,0.21211830878,0.23356901537,0.255388756938,0.277527850135,0.299932284358,0.322544955779,
0.345306679675,0.3681567002,0.391033435998,0.413879685483,0.436646048209,0.459272943782,0.481738427577,0.504036994822,0.526197735982,0.548231852875,0.570150821492,0.591966033174,0.613689075594,0.635331641848,0.656905547537,0.678422596576,
0.699894654218,0.721333613755,0.742751390562,0.764159700934,0.785568578002,0.806984010363,0.828407942999,0.849839711465,0.871278370836,0.89272292754,0.914172419265,0.935625867992,0.957082283906,1.),(0.,0.10500164302,0.157507003566,0.210059795278,
0.262633280699,0.315218126763,0.367827032348,0.420459254408,0.473108854726,0.525764728112,0.578428203391,0.631103402485,0.683788197882,0.736480235402,0.789177759872,0.841879422208,0.894584221343,1.),.UNSPECIFIED.);
#975 = B_SPLINE_CURVE_WITH_KNOTS('',3,(#14,#15,#16,#17,#18,#19,#20,#21,#22,#23,#24,#25,#26,#27,#28,#29,#30,#31,#32,#33),.UNSPECIFIED.,.F.,.F.,(4,1,1,1,1,1,1,1,1,1,1,1,1,1,1,1,1,4),(0.,0.10500164302,0.157507003566,0.210059795278,0.262633280699,
0.315218126763,0.367827032348,0.420459254408,0.473108854726,0.525764728112,0.578428203391,0.631103402485,0.683788197882,0.736480235402,0.789177759872,0.841879422208,0.894584221343,1.),.UNSPECIFIED.);
#976 = B_SPLINE_CURVE_WITH_KNOTS('',3,(#954,#955,#956,#957,#958,#959,#960,#961,#962,#963,#964,#965,#966,#967,#968,#969,#970,#971,#972,#973),.UNSPECIFIED.,.F.,.F.,(4,1,1,1,1,1,1,1,1,1,1,1,1,1,1,1,1,4),(0.,0.10500164302,0.157507003566,0.210059795278,
0.262633280699,0.315218126763,0.367827032348,0.420459254408,0.473108854726,0.525764728112,0.578428203391,0.631103402485,0.683788197882,0.736480235402,0.789177759872,0.841879422208,0.894584221343,1.),.UNSPECIFIED.);
#977 = B_SPLINE_CURVE_WITH_KNOTS('',3,(#14,#34,#54,#74,#94,#114,#134,#154,#174,#194,#214,#234,#254,#274,#294,#314,#334,#354,#374,#394,#414,#434,#454,#474,#494,#514,#534,#554,#574,#594,#614,#634,#654,#674,#694,#714,#734,#754,#774,#794,#814,#834,#854,
#874,#894,#914,#934,#954),.UNSPECIFIED.,.F.,.F.,(4,1,1,1,1,1,1,1,1,1,1,1,1,1,1,1,1,1,1,1,1,1,1,1,1,1,1,1,1,1,1,1,1,1,1,1,1,1,1,1,1,1,1,1,1,4),(0.,0.0371829657699,0.0557737115362,0.0744105526668,0.0931511300071,0.112069856914,0.131249770542,
0.15077137904,0.170703163197,0.191152064598,0.21211830878,0.23356901537,0.255388756938,0.277527850135,0.299932284358,0.322544955779,0.345306679675,0.3681567002,0.391033435998,0.413879685483,0.436646048209,0.459272943782,0.481738427577,0.504036994822,
0.526197735982,0.548231852875,0.570150821492,0.591966033174,0.613689075594,0.635331641848,0.656905547537,0.678422596576,0.699894654218,0.721333613755,0.742751390562,0.764159700934,0.785568578002,0.806984010363,0.828407942999,0.849839711465,
0.871278370836,0.89272292754,0.914172419265,0.935625867992,0.957082283906,1.),.UNSPECIFIED.);
#978 = B_SPLINE_CURVE_WITH_KNOTS('',3,(#33,#53,#73,#93,#113,#133,#153,#173,#193,#213,#233,#253,#273,#293,#313,#333,#353,#373,#393,#413,#433,#453,#473,#493,#513,#533,#553,#573,#593,#613,#633,#653,#673,#693,#713,#733,#753,#773,#793,#813,#833,#853,#873,
#893,#913,#933,#953,#973),.UNSPECIFIED.,.F.,.F.,(4,1,1,1,1,1,1,1,1,1,1,1,1,1,1,1,1,1,1,1,1,1,1,1,1,1,1,1,1,1,1,1,1,1,1,1,1,1,1,1,1,1,1,1,1,4),(0.,0.0371829657699,0.0557737115362,0.0744105526668,0.0931511300071,0.112069856914,0.131249770542,
0.15077137904,0.170703163197,0.191152064598,0.21211830878,0.23356901537,0.255388756938,0.277527850135,0.299932284358,0.322544955779,0.345306679675,0.3681567002,0.391033435998,0.413879685483,0.436646048209,0.459272943782,0.481738427577,0.504036994822,
0.526197735982,0.548231852875,0.570150821492,0.591966033174,0.613689075594,0.635331641848,0.656905547537,0.678422596576,0.699894654218,0.721333613755,0.742751390562,0.764159700934,0.785568578002,0.806984010363,0.828407942999,0.849839711465,
0.871278370836,0.89272292754,0.914172419265,0.935625867992,0.957082283906,1.),.UNSPECIFIED.);
#979 = VERTEX_POINT('',#14);
#980 = VERTEX_POINT('',#954);
#981 = VERTEX_POINT('',#973);
#982 = VERTEX_POINT('',#33);
#983 = EDGE_CURVE('',#979,#980,#977,.T.);
#984 = ORIENTED_EDGE('',*,*,#983,.T.);
#985 = EDGE_CURVE('',#980,#981,#976,.T.);
#986 = ORIENTED_EDGE('',*,*,#985,.T.);
#987 = EDGE_CURVE('',#982,#981,#978,.T.);
#988 = ORIENTED_EDGE('',*,*,#987,.F.);
#989 = EDGE_CURVE('',#979,#982,#975,.T.);
#990 = ORIENTED_EDGE('',*,*,#989,.F.);
#991 = EDGE_LOOP('',(#984,#986,#988,#990));
#992 = FACE_OUTER_BOUND('',#991,.T.);
#993 = ADVANCED_FACE('',(#992),#974,.T.);
#994 = CARTESIAN_POINT('',(-228.114560353,0.,228.097388055));
#995 = CARTESIAN_POINT('',(-227.507906163,0.,226.796363714));
#996 = CARTESIAN_POINT('',(-226.607688389,0.,224.840307731));
#997 = CARTESIAN_POINT('',(-225.405105971,0.,222.233293847));
#998 = CARTESIAN_POINT('',(-224.503444123,0.,220.277905606));
#999 = CARTESIAN_POINT('',(-223.601827707,0.,218.322496705));
#1000 = CARTESIAN_POINT('',(-222.699754245,0.,216.3672975));
#1001 = CARTESIAN_POINT('',(-221.799462981,0.,214.411278977));
#1002 = CARTESIAN_POINT('',(-220.903031824,0.,212.453486827));
#1003 = CARTESIAN_POINT('',(-220.005569437,0.,210.496168082));
#1004 = CARTESIAN_POINT('',(-219.108371186,0.,208.538727865));
#1005 = CARTESIAN_POINT('',(-218.211147323,0.,206.581299475));
#1006 = CARTESIAN_POINT('',(-217.313761651,0.,204.623944993));
#1007 = CARTESIAN_POINT('',(-216.417048614,0.,202.666282592));
#1008 = CARTESIAN_POINT('',(-215.521770576,0.,200.707963558));
#1009 = CARTESIAN_POINT('',(-214.626106143,0.,198.74982133));
#1010 = CARTESIAN_POINT('',(-213.730552965,0.,196.791629986));
#1011 = CARTESIAN_POINT('',(-212.536408106,0.,194.180743609));
#1012 = CARTESIAN_POINT('',(-211.640965042,0.,192.222492413));
#1013 = CARTESIAN_POINT('',(-211.043401408,0.,190.917272932));
#1014 = CARTESIAN_POINT('',(-205.444074849,21.1689657833,221.618412036));
#1015 = CARTESIAN_POINT('',(-204.887786582,21.0833411192,220.421570675));
#1016 = CARTESIAN_POINT('',(-204.062306236,20.9549043246,218.622164788));
#1017 = CARTESIAN_POINT('',(-202.959564218,20.7836552033,216.223929538));
#1018 = CARTESIAN_POINT('',(-202.132759818,20.6552183447,214.425135894));
#1019 = CARTESIAN_POINT('',(-201.305997072,20.5267814828,212.626323308));
#1020 = CARTESIAN_POINT('',(-200.478815267,20.3983446014,210.827702988));
#1021 = CARTESIAN_POINT('',(-199.653267539,20.2699077225,209.028331445));
#1022 = CARTESIAN_POINT('',(-198.831259101,20.1414709035,207.227333686));
#1023 = CARTESIAN_POINT('',(-198.008305139,20.0130340454,205.426769985));
#1024 = CARTESIAN_POINT('',(-197.18559336,19.8845971869,203.626094907));
#1025 = CARTESIAN_POINT('',(-196.362858098,19.7561603262,201.825430673));
#1026 = CARTESIAN_POINT('',(-195.539974477,19.6277234579,200.024834206));
#1027 = CARTESIAN_POINT('',(-194.717707586,19.4992865921,198.223955409));
#1028 = CARTESIAN_POINT('',(-193.896756429,19.3708497486,196.422474555));
#1029 = CARTESIAN_POINT('',(-193.075450991,19.2424128991,194.621155812));
#1030 = CARTESIAN_POINT('',(-192.254247562,19.1139761483,192.81979204));
#1031 = CARTESIAN_POINT('',(-191.159241848,18.942727232,190.418006151));
#1032 = CARTESIAN_POINT('',(-190.33813938,18.8142899684,188.616587478));
#1033 = CARTESIAN_POINT('',(-189.790186144,18.7286654499,187.415899646));
#1034 = CARTESIAN_POINT('',(-171.291616176,53.037133011,211.863628202));
#1035 = CARTESIAN_POINT('',(-170.811137426,52.8226199856,210.823600485));
#1036 = CARTESIAN_POINT('',(-170.098149975,52.5008509527,209.259980448));
#1037 = CARTESIAN_POINT('',(-169.145685211,52.0718254204,207.175993629));
#1038 = CARTESIAN_POINT('',(-168.431554354,51.7500562272,205.612902298));
#1039 = CARTESIAN_POINT('',(-167.717459468,51.4282870255,204.049794609));
#1040 = CARTESIAN_POINT('',(-167.003002698,51.1065177751,202.486852953));
#1041 = CARTESIAN_POINT('',(-166.289957057,50.7847485309,200.923262568));
#1042 = CARTESIAN_POINT('',(-165.579967821,50.4629794369,199.358267846));
#1043 = CARTESIAN_POINT('',(-164.869162064,50.1412102449,197.793647957));
#1044 = CARTESIAN_POINT('',(-164.158565448,49.8194410518,196.228931888));
#1045 = CARTESIAN_POINT('',(-163.447948552,49.4976718531,194.664225183));
#1046 = CARTESIAN_POINT('',(-162.737203539,49.1759026355,193.099576997));
#1047 = CARTESIAN_POINT('',(-162.026991112,48.8541334242,191.534685003));
#1048 = CARTESIAN_POINT('',(-161.317914905,48.5323642688,189.969273095));
#1049 = CARTESIAN_POINT('',(-160.608532755,48.2105950982,188.40400118));
#1050 = CARTESIAN_POINT('',(-159.899238695,47.8888261751,186.838690387));
#1051 = CARTESIAN_POINT('',(-158.953454726,47.4598011564,184.751637379));
#1052 = CARTESIAN_POINT('',(-158.244247853,47.1380309484,183.186279137));
#1053 = CARTESIAN_POINT('',(-157.770966936,46.9235182878,182.142929756));
#1054 = CARTESIAN_POINT('',(-123.430268228,94.4693925317,199.006117147));
#1055 = CARTESIAN_POINT('',(-123.046566983,94.0891429006,198.166283001));
#1056 = CARTESIAN_POINT('',(-122.477186839,93.5187693493,196.903674968));
#1057 = CARTESIAN_POINT('',(-121.716564459,92.7582710061,195.220868108));
#1058 = CARTESIAN_POINT('',(-121.146271486,92.1878971705,193.958682156));
#1059 = CARTESIAN_POINT('',(-120.57600723,91.61752332,192.696483145));
#1060 = CARTESIAN_POINT('',(-120.005454066,91.0471493833,191.434416682));
#1061 = CARTESIAN_POINT('',(-119.436027467,90.4767754575,190.171832312));
#1062 = CARTESIAN_POINT('',(-118.869040925,89.9064017979,188.908126806));
#1063 = CARTESIAN_POINT('',(-118.30140252,89.3360279646,187.644720543));
#1064 = CARTESIAN_POINT('',(-117.73393108,88.7656541293,186.381237494));
#1065 = CARTESIAN_POINT('',(-117.166443451,88.1952802843,185.11776192));
#1066 = CARTESIAN_POINT('',(-116.59885354,87.6249064055,183.854333064));
#1067 = CARTESIAN_POINT('',(-116.031688815,87.0545325381,182.590709566));
#1068 = CARTESIAN_POINT('',(-115.465431183,86.4841587697,181.326671001));
#1069 = CARTESIAN_POINT('',(-114.898929303,85.9137849742,180.062744198));
#1070 = CARTESIAN_POINT('',(-114.332497749,85.3434116177,178.798786367));
#1071 = CARTESIAN_POINT('',(-113.57720893,84.5829141847,177.113531663));
#1072 = CARTESIAN_POINT('',(-113.01084698,84.0125385506,175.849535894));
#1073 = CARTESIAN_POINT('',(-112.63289207,83.632289566,175.00704994));
#1074 = CARTESIAN_POINT('',(-85.3571996875,125.11954616,189.359522459));
#1075 = CARTESIAN_POINT('',(-85.0437160869,124.618103458,188.664945902));
#1076 = CARTESIAN_POINT('',(-84.5785314987,123.865940585,187.620747759));
#1077 = CARTESIAN_POINT('',(-83.9571020153,122.863056393,186.229031213));
#1078 = CARTESIAN_POINT('',(-83.4911718646,122.110893145,185.185177802));
#1079 = CARTESIAN_POINT('',(-83.0252651697,121.358729878,184.141313724));
#1080 = CARTESIAN_POINT('',(-82.5591225067,120.606566498,183.097557905));
#1081 = CARTESIAN_POINT('',(-82.0938999755,119.854403131,182.05337908));
#1082 = CARTESIAN_POINT('',(-81.6306703834,119.102240116,181.008284563));
#1083 = CARTESIAN_POINT('',(-81.1669083761,118.350076872,179.963434451));
#1084 = CARTESIAN_POINT('',(-80.7032827394,117.597913625,178.918521624));
#1085 = CARTESIAN_POINT('',(-80.2396438798,116.845750365,177.873614902));
#1086 = CARTESIAN_POINT('',(-79.7759214802,116.093587061,176.828746337));
#1087 = CARTESIAN_POINT('',(-79.3125463555,115.341423771,175.783718796));
#1088 = CARTESIAN_POINT('',(-78.8499121076,114.589260613,174.738352248));
#1089 = CARTESIAN_POINT('',(-78.3870783676,113.837097418,173.693076981));
#1090 = CARTESIAN_POINT('',(-77.9243020675,113.084934803,172.647776383));
#1091 = CARTESIAN_POINT('',(-77.3072288193,112.082051811,171.254060558));
#1092 = CARTESIAN_POINT('',(-76.8445093686,111.329886191,170.208728922));
#1093 = CARTESIAN_POINT('',(-76.5357191399,110.828444342,169.511986491));
#1094 = CARTESIAN_POINT('',(-44.5650980187,155.04366116,179.758072088));
#1095 = CARTESIAN_POINT('',(-44.3183018739,154.425814852,179.201458115));
#1096 = CARTESIAN_POINT('',(-43.9520746869,153.499046845,178.364700906));
#1097 = CARTESIAN_POINT('',(-43.4628404829,152.263355722,177.249455607));
#1098 = CARTESIAN_POINT('',(-43.0960265514,151.336587253,176.412969689));
#1099 = CARTESIAN_POINT('',(-42.7292310791,150.409818759,175.576475376));
#1100 = CARTESIAN_POINT('',(-42.3622499042,149.483050125,174.740066258));
#1101 = CARTESIAN_POINT('',(-41.9959928565,148.556281509,173.903324243));
#1102 = CARTESIAN_POINT('',(-41.6313042166,147.629513326,173.065861601));
#1103 = CARTESIAN_POINT('',(-41.2661965753,146.702744861,172.228591297));
#1104 = CARTESIAN_POINT('',(-40.9011962553,145.775976392,171.391271637));
#1105 = CARTESIAN_POINT('',(-40.536185529,144.849207907,170.553956782));
#1106 = CARTESIAN_POINT('',(-40.1711090583,143.922439368,169.716671954));
#1107 = CARTESIAN_POINT('',(-39.8063058867,142.995670847,168.879262016));
#1108 = CARTESIAN_POINT('',(-39.442085772,142.068902486,168.041585288));
#1109 = CARTESIAN_POINT('',(-39.0777086605,141.142134082,167.203980395));
#1110 = CARTESIAN_POINT('',(-38.7133767533,140.215366391,166.366355579));
#1111 = CARTESIAN_POINT('',(-38.2275708291,138.979676747,165.249536908));
#1112 = CARTESIAN_POINT('',(-37.8632836609,138.052905356,164.411887605));
#1113 = CARTESIAN_POINT('',(-37.6201811165,137.435060098,163.853569145));
#1114 = CARTESIAN_POINT('',(-0.382913574418,184.054791007,170.214862024));
#1115 = CARTESIAN_POINT('',(-0.198380696769,183.326548391,169.787068176));
#1116 = CARTESIAN_POINT('',(0.0754537771412,182.234186182,169.144005074));
#1117 = CARTESIAN_POINT('',(0.441262426431,180.777702711,168.286909697));
#1118 = CARTESIAN_POINT('',(0.715535416062,179.685339957,167.64404934));
#1119 = CARTESIAN_POINT('',(0.989794609797,178.592977175,167.001182709));
#1120 = CARTESIAN_POINT('',(1.26419259231,177.500614228,166.358379747));
#1121 = CARTESIAN_POINT('',(1.5380493832,176.408251302,165.715327988));
#1122 = CARTESIAN_POINT('',(1.81073399197,175.315888885,165.071737662));
#1123 = CARTESIAN_POINT('',(2.0837317501,174.223526136,164.428291078));
#1124 = CARTESIAN_POINT('',(2.35664929948,173.131163384,163.784807608));
#1125 = CARTESIAN_POINT('',(2.62957462613,172.038800612,163.141327727));
#1126 = CARTESIAN_POINT('',(2.90254908833,170.946437776,162.497870288));
#1127 = CARTESIAN_POINT('',(3.17531929474,169.854074961,161.854319344));
#1128 = CARTESIAN_POINT('',(3.44765374143,168.761712337,161.210569013));
#1129 = CARTESIAN_POINT('',(3.72010552288,167.66934966,160.566872369));
#1130 = CARTESIAN_POINT('',(3.99252351992,166.576987824,159.923160848));
#1131 = CARTESIAN_POINT('',(4.35576997282,165.120506095,159.064889606));
#1132 = CARTESIAN_POINT('',(4.62815453375,164.028139898,158.421159714));
#1133 = CARTESIAN_POINT('',(4.8099269223,163.29989852,157.992092003));
#1134 = CARTESIAN_POINT('',(47.8630057105,211.968037364,160.74234188));
#1135 = CARTESIAN_POINT('',(47.9905888223,211.136615479,160.43238796));
#1136 = CARTESIAN_POINT('',(48.1799148486,209.88948461,159.966508862));
#1137 = CARTESIAN_POINT('',(48.4328304832,208.226642851,159.345559281));
#1138 = CARTESIAN_POINT('',(48.6224595144,206.97951136,158.879820265));
#1139 = CARTESIAN_POINT('',(48.8120790128,205.732379837,158.414076914));
#1140 = CARTESIAN_POINT('',(49.0017944113,204.485248126,157.948377553));
#1141 = CARTESIAN_POINT('',(49.1911358583,203.238116438,157.48250628));
#1142 = CARTESIAN_POINT('',(49.379667353,201.990985332,157.016262878));
#1143 = CARTESIAN_POINT('',(49.5684152272,200.743853847,156.550118793));
#1144 = CARTESIAN_POINT('',(49.7571076789,199.496722357,156.08394922));
#1145 = CARTESIAN_POINT('',(49.9458055045,198.249590845,155.617782126));
#1146 = CARTESIAN_POINT('',(50.1345372816,197.00245926,155.151630538));
#1147 = CARTESIAN_POINT('',(50.3231279225,195.7553277,154.685414341));
#1148 = CARTESIAN_POINT('',(50.511417463,194.508196357,154.219060376));
#1149 = CARTESIAN_POINT('',(50.6997880793,193.261064954,153.752743506));
#1150 = CARTESIAN_POINT('',(50.8881353511,192.013934511,153.286416372));
#1151 = CARTESIAN_POINT('',(51.1392805641,190.351094742,152.664654329));
#1152 = CARTESIAN_POINT('',(51.3276047328,189.103959319,152.198314416));
#1153 = CARTESIAN_POINT('',(51.453280407,188.272538848,151.887480308));
#1154 = CARTESIAN_POINT('',(100.817332438,238.592081475,151.356040801));
#1155 = CARTESIAN_POINT('',(100.894172579,237.665921458,151.151100536));
#1156 = CARTESIAN_POINT('',(101.008199911,236.276683613,150.843119541));
#1157 = CARTESIAN_POINT('',(101.16052578,234.424365817,150.432612132));
#1158 = CARTESIAN_POINT('',(101.274735461,233.03512728,150.124715426));
#1159 = CARTESIAN_POINT('',(101.388939406,231.645888706,149.81681611));
#1160 = CARTESIAN_POINT('',(101.503201063,230.256649923,149.508943263));
#1161 = CARTESIAN_POINT('',(101.617237675,228.867411165,149.200966958));
#1162 = CARTESIAN_POINT('',(101.730786855,227.478173057,148.892766719));
#1163 = CARTESIAN_POINT('',(101.844466252,226.088934525,148.584626241));
#1164 = CARTESIAN_POINT('',(101.958112296,224.699695988,148.276470423));
#1165 = CARTESIAN_POINT('',(102.071761575,223.310457428,147.968316097));
#1166 = CARTESIAN_POINT('',(102.185431285,221.921218785,147.660171101));
#1167 = CARTESIAN_POINT('',(102.299016059,220.53198017,147.351987224));
#1168 = CARTESIAN_POINT('',(102.41241963,219.142741797,147.043720441));
#1169 = CARTESIAN_POINT('',(102.525871993,217.753503357,146.735475982));
#1170 = CARTESIAN_POINT('',(102.639310306,216.364265986,146.427225367));
#1171 = CARTESIAN_POINT('',(102.790570729,214.511950407,146.01622906));
#1172 = CARTESIAN_POINT('',(102.90399514,213.122707489,145.707970644));
#1173 = CARTESIAN_POINT('',(102.979687378,212.196549047,145.50250071));
#1174 = CARTESIAN_POINT('',(159.28703324,263.797079679,142.047807836));
#1175 = CARTESIAN_POINT('',(159.320133553,262.785648816,141.933409824));
#1176 = CARTESIAN_POINT('',(159.369253566,261.268504904,141.761567363));
#1177 = CARTESIAN_POINT('',(159.434871445,259.245645623,141.532501681));
#1178 = CARTESIAN_POINT('',(159.484069915,257.728500954,141.360695466));
#1179 = CARTESIAN_POINT('',(159.533265917,256.211356246,141.188888127));
#1180 = CARTESIAN_POINT('',(159.58248675,254.694211308,141.017092171));
#1181 = CARTESIAN_POINT('',(159.631610756,253.1770664,140.845251702));
#1182 = CARTESIAN_POINT('',(159.68052504,251.659922199,140.673314901));
#1183 = CARTESIAN_POINT('',(159.729495351,250.142777537,140.501403801));
#1184 = CARTESIAN_POINT('',(159.778451312,248.625632869,140.329486102));
#1185 = CARTESIAN_POINT('',(159.827408665,247.108488175,140.157569043));
#1186 = CARTESIAN_POINT('',(159.876374808,245.591343392,139.985655996));
#1187 = CARTESIAN_POINT('',(159.925304407,244.074198639,139.813726221));
#1188 = CARTESIAN_POINT('',(159.974156042,242.557054149,139.641760783));
#1189 = CARTESIAN_POINT('',(160.023028669,241.039909587,139.469804947));
#1190 = CARTESIAN_POINT('',(160.071895253,239.522766192,139.297846493));
#1191 = CARTESIAN_POINT('',(160.137054714,237.499909333,139.068570522));
#1192 = CARTESIAN_POINT('',(160.185915316,235.98275988,138.896608554));
#1193 = CARTESIAN_POINT('',(160.218521734,234.971330737,138.781982692));
#1194 = CARTESIAN_POINT('',(223.610193172,287.287924792,132.874773536));
#1195 = CARTESIAN_POINT('',(223.607597557,286.202231961,132.834294224));
#1196 = CARTESIAN_POINT('',(223.603745946,284.573695271,132.773594718));
#1197 = CARTESIAN_POINT('',(223.598600648,282.402312233,132.692657468));
#1198 = CARTESIAN_POINT('',(223.594742853,280.773774731,132.631955069));
#1199 = CARTESIAN_POINT('',(223.590885252,279.145237187,132.571252756));
#1200 = CARTESIAN_POINT('',(223.587025694,277.516699397,132.510549534));
#1201 = CARTESIAN_POINT('',(223.583173768,275.888161637,132.449849823));
#1202 = CARTESIAN_POINT('',(223.579338373,274.259624638,132.38915774));
#1203 = CARTESIAN_POINT('',(223.575498562,272.631087143,132.328463608));
#1204 = CARTESIAN_POINT('',(223.571659882,271.002549642,132.267769996));
#1205 = CARTESIAN_POINT('',(223.567821092,269.374012113,132.207076332));
#1206 = CARTESIAN_POINT('',(223.56398161,267.745474488,132.146382347));
#1207 = CARTESIAN_POINT('',(223.560145008,266.116936896,132.085689683));
#1208 = CARTESIAN_POINT('',(223.556314551,264.488399586,132.024999843));
#1209 = CARTESIAN_POINT('',(223.552482439,262.859862199,131.964309242));
#1210 = CARTESIAN_POINT('',(223.548650804,261.231326065,131.903618905));
#1211 = CARTESIAN_POINT('',(223.543541641,259.059945626,131.822698349));
#1212 = CARTESIAN_POINT('',(223.539710478,257.431402989,131.762007992));
#1213 = CARTESIAN_POINT('',(223.537153792,256.345712004,131.721546724));
#1214 = CARTESIAN_POINT('',(295.786021753,309.296209077,123.677645826));
#1215 = CARTESIAN_POINT('',(295.756120282,308.147248826,123.693752055));
#1216 = CARTESIAN_POINT('',(295.711746304,306.423811153,123.718132879));
#1217 = CARTESIAN_POINT('',(295.652468732,304.125893427,123.750588654));
#1218 = CARTESIAN_POINT('',(295.608024021,302.402454896,123.774936736));
#1219 = CARTESIAN_POINT('',(295.563581535,300.679016319,123.799285828));
#1220 = CARTESIAN_POINT('',(295.519116663,298.955577482,123.823624638));
#1221 = CARTESIAN_POINT('',(295.474739084,297.232138679,123.848003581));
#1222 = CARTESIAN_POINT('',(295.430550578,295.508700679,123.872469431));
#1223 = CARTESIAN_POINT('',(295.386311561,293.785262155,123.896912071));
#1224 = CARTESIAN_POINT('',(295.342085482,292.061823625,123.921360661));
#1225 = CARTESIAN_POINT('',(295.297858148,290.338385065,123.945808671));
#1226 = CARTESIAN_POINT('',(295.253622889,288.614946403,123.970253056));
#1227 = CARTESIAN_POINT('',(295.209420576,286.891507776,123.994712525));
#1228 = CARTESIAN_POINT('',(295.165288551,285.168069447,124.019204169));
#1229 = CARTESIAN_POINT('',(295.121137599,283.444631037,124.043687149));
#1230 = CARTESIAN_POINT('',(295.076992098,281.721193954,124.06817259));
#1231 = CARTESIAN_POINT('',(295.018127807,279.423278977,124.100818157));
#1232 = CARTESIAN_POINT('',(294.973987697,277.699835011,124.125306245));
#1233 = CARTESIAN_POINT('',(294.944531492,276.550876713,124.141618037));
#1234 = CARTESIAN_POINT('',(373.848674119,329.472146618,114.656140593));
#1235 = CARTESIAN_POINT('',(373.799613521,328.271238676,114.712125663));
#1236 = CARTESIAN_POINT('',(373.726805684,326.46987959,114.796465857));
#1237 = CARTESIAN_POINT('',(373.629544739,324.068066608,114.908834338));
#1238 = CARTESIAN_POINT('',(373.556621083,322.266706625,114.99312094));
#1239 = CARTESIAN_POINT('',(373.483701071,320.465346594,115.077409198));
#1240 = CARTESIAN_POINT('',(373.410744403,318.663986291,115.161680627));
#1241 = CARTESIAN_POINT('',(373.337930671,316.862626023,115.246017768));
#1242 = CARTESIAN_POINT('',(373.265426531,315.061266595,115.330497193));
#1243 = CARTESIAN_POINT('',(373.192839683,313.259906619,115.414938627));
#1244 = CARTESIAN_POINT('',(373.120274019,311.458546636,115.499389804));
#1245 = CARTESIAN_POINT('',(373.047706301,309.657186623,115.583840031));
#1246 = CARTESIAN_POINT('',(372.975125606,307.855826503,115.668284326));
#1247 = CARTESIAN_POINT('',(372.902598858,306.054466419,115.752753318));
#1248 = CARTESIAN_POINT('',(372.830187201,304.253106648,115.837274986));
#1249 = CARTESIAN_POINT('',(372.757744553,302.451746791,115.921782471));
#1250 = CARTESIAN_POINT('',(372.685310829,300.65038832,116.006293951));
#1251 = CARTESIAN_POINT('',(372.5887266,298.248578213,116.118973131));
#1252 = CARTESIAN_POINT('',(372.516301705,296.447212549,116.203489122));
#1253 = CARTESIAN_POINT('',(372.467970194,295.246306649,116.259810736));
#1254 = CARTESIAN_POINT('',(457.521213413,348.055041021,105.775833027));
#1255 = CARTESIAN_POINT('',(457.460046585,346.812013575,105.857375372));
#1256 = CARTESIAN_POINT('',(457.369270544,344.947475332,105.980139956));
#1257 = CARTESIAN_POINT('',(457.248007121,342.461423444,106.14372019));
#1258 = CARTESIAN_POINT('',(457.15708699,340.596884272,106.26641811));
#1259 = CARTESIAN_POINT('',(457.066171393,338.732345051,106.38911809));
#1260 = CARTESIAN_POINT('',(456.975210191,336.867805548,106.511797136));
#1261 = CARTESIAN_POINT('',(456.884426816,335.003266081,106.634557934));
#1262 = CARTESIAN_POINT('',(456.794028602,333.138727485,106.757495738));
#1263 = CARTESIAN_POINT('',(456.703527491,331.27418832,106.880386283));
#1264 = CARTESIAN_POINT('',(456.613052736,329.409649149,107.003288949));
#1265 = CARTESIAN_POINT('',(456.522575426,327.545109946,107.126190433));
#1266 = CARTESIAN_POINT('',(456.43208197,325.680570633,107.249084539));
#1267 = CARTESIAN_POINT('',(456.341655629,323.816031357,107.37200937));
#1268 = CARTESIAN_POINT('',(456.251372472,321.951492405,107.494999732));
#1269 = CARTESIAN_POINT('',(456.161050761,320.086953364,107.617972449));
#1270 = CARTESIAN_POINT('',(456.070740152,318.222415758,107.740950123));
#1271 = CARTESIAN_POINT('',(455.950318627,315.736366845,107.904916868));
#1272 = CARTESIAN_POINT('',(455.860019001,313.871821793,108.027900225));
#1273 = CARTESIAN_POINT('',(455.799759226,312.628796461,108.109861242));
#1274 = CARTESIAN_POINT('',(545.883343487,365.078564088,97.0867621093));
#1275 = CARTESIAN_POINT('',(545.816298468,363.802359272,97.1813690884));
#1276 = CARTESIAN_POINT('',(545.716796179,361.888055052,97.3237727612));
#1277 = CARTESIAN_POINT('',(545.583876389,359.335648504,97.5135285572));
#1278 = CARTESIAN_POINT('',(545.484216546,357.421343331,97.6558593412));
#1279 = CARTESIAN_POINT('',(545.384561659,355.507038107,97.7981923773));
#1280 = CARTESIAN_POINT('',(545.284856907,353.592732594,97.9405025241));
#1281 = CARTESIAN_POINT('',(545.185346599,351.678427118,98.082902063));
#1282 = CARTESIAN_POINT('',(545.086257446,349.764122535,98.225495145));
#1283 = CARTESIAN_POINT('',(544.987055781,347.84981737,98.3680365548));
#1284 = CARTESIAN_POINT('',(544.887882934,345.935512197,98.5105912176));
#1285 = CARTESIAN_POINT('',(544.788707292,344.021206992,98.6531445888));
#1286 = CARTESIAN_POINT('',(544.689513997,342.106901674,98.795689892));
#1287 = CARTESIAN_POINT('',(544.590394089,340.192596393,98.938268792));
#1288 = CARTESIAN_POINT('',(544.491430745,338.278291445,99.0809193454));
#1289 = CARTESIAN_POINT('',(544.392425244,336.363986407,99.2235506053));
#1290 = CARTESIAN_POINT('',(544.293431882,334.449682841,99.3661872786));
#1291 = CARTESIAN_POINT('',(544.161432665,331.897279348,99.5563656926));
#1292 = CARTESIAN_POINT('',(544.062451312,329.982968138,99.6990086124));
#1293 = CARTESIAN_POINT('',(543.99639811,328.706765492,99.7940733787));
#1294 = CARTESIAN_POINT('',(638.230071667,380.648264541,88.6099556494));
#1295 = CARTESIAN_POINT('',(638.162452083,379.346721137,88.707169689));
#1296 = CARTESIAN_POINT('',(638.062094068,377.394409095,88.8534867817));
#1297 = CARTESIAN_POINT('',(637.928031871,374.791325433,89.0484598073));
#1298 = CARTESIAN_POINT('',(637.827515396,372.839012419,89.194703594));
#1299 = CARTESIAN_POINT('',(637.727003905,370.886699353,89.3409496457));
#1300 = CARTESIAN_POINT('',(637.626442263,368.934385992,89.4871726771));
#1301 = CARTESIAN_POINT('',(637.526076182,366.982072669,89.6334856143));
#1302 = CARTESIAN_POINT('',(637.426133676,365.029760257,89.7799932053));
#1303 = CARTESIAN_POINT('',(637.326078012,363.07744725,89.9264488281));
#1304 = CARTESIAN_POINT('',(637.226051331,361.125134237,90.07291778));
#1305 = CARTESIAN_POINT('',(637.12602184,359.17282119,90.219385433));
#1306 = CARTESIAN_POINT('',(637.025974593,357.220508028,90.3658449719));
#1307 = CARTESIAN_POINT('',(636.926001155,355.268194904,90.5123383005));
#1308 = CARTESIAN_POINT('',(636.826185182,353.31588212,90.6589036938));
#1309 = CARTESIAN_POINT('',(636.726326808,351.363569243,90.8054496828));
#1310 = CARTESIAN_POINT('',(636.626480644,349.411257868,90.952001114));
#1311 = CARTESIAN_POINT('',(636.493344312,346.808177321,91.1473991811));
#1312 = CARTESIAN_POINT('',(636.393510224,344.85585815,91.293956907));
#1313 = CARTESIAN_POINT('',(636.326888157,343.554316959,91.3916313608));
#1314 = CARTESIAN_POINT('',(733.809199885,394.854745238,80.3726184175));
#1315 = CARTESIAN_POINT('',(733.745404031,393.534642222,80.4639777042));
#1316 = CARTESIAN_POINT('',(733.650717696,391.554490806,80.6014830746));
#1317 = CARTESIAN_POINT('',(733.524232744,388.914287964,80.7847140832));
#1318 = CARTESIAN_POINT('',(733.429397401,386.934135562,80.9221505209));
#1319 = CARTESIAN_POINT('',(733.334566747,384.953983108,81.0595890885));
#1320 = CARTESIAN_POINT('',(733.239688932,382.973830354,81.1970060092));
#1321 = CARTESIAN_POINT('',(733.144995013,380.993677638,81.3345074718));
#1322 = CARTESIAN_POINT('',(733.050699397,379.013525846,81.4721919753));
#1323 = CARTESIAN_POINT('',(732.956297374,377.033373452,81.6098276111));
#1324 = CARTESIAN_POINT('',(732.861922606,375.05322105,81.7474757807));
#1325 = CARTESIAN_POINT('',(732.767545194,373.073068615,81.8851227289));
#1326 = CARTESIAN_POINT('',(732.673151087,371.092916062,82.022762047));
#1327 = CARTESIAN_POINT('',(732.578826385,369.112763549,82.1604331389));
#1328 = CARTESIAN_POINT('',(732.484649753,367.13261138,82.2981719963));
#1329 = CARTESIAN_POINT('',(732.390433251,365.152459117,82.435892607));
#1330 = CARTESIAN_POINT('',(732.29622823,363.172308377,82.5736183352));
#1331 = CARTESIAN_POINT('',(732.170613905,360.532108696,82.7572490276));
#1332 = CARTESIAN_POINT('',(732.076420239,358.551950049,82.8949806747));
#1333 = CARTESIAN_POINT('',(732.013562392,357.231849278,82.9867729076));
#1334 = CARTESIAN_POINT('',(831.879864531,407.793798351,72.4000535851));
#1335 = CARTESIAN_POINT('',(831.823376096,406.460837049,72.4791110662));
#1336 = CARTESIAN_POINT('',(831.739531962,404.461398235,72.5981086695));
#1337 = CARTESIAN_POINT('',(831.627531198,401.795478854,72.7566755788));
#1338 = CARTESIAN_POINT('',(831.543555647,399.796039044,72.8756123856));
#1339 = CARTESIAN_POINT('',(831.459584231,397.796599181,72.9945510709));
#1340 = CARTESIAN_POINT('',(831.375571221,395.797159016,73.1134706643));
#1341 = CARTESIAN_POINT('',(831.291720398,393.797718889,73.2324648197));
#1342 = CARTESIAN_POINT('',(831.20822086,391.798279696,73.3516204094));
#1343 = CARTESIAN_POINT('',(831.124627476,389.798839894,73.4707328995));
#1344 = CARTESIAN_POINT('',(831.041058129,387.799400085,73.5898564438));
#1345 = CARTESIAN_POINT('',(830.957486451,385.799960241,73.7089789108));
#1346 = CARTESIAN_POINT('',(830.873900048,383.800520279,73.8280946484));
#1347 = CARTESIAN_POINT('',(830.790374857,381.801080358,73.947238409));
#1348 = CARTESIAN_POINT('',(830.706980257,379.801640783,74.0664419358));
#1349 = CARTESIAN_POINT('',(830.623550493,377.802201113,74.1856293698));
#1350 = CARTESIAN_POINT('',(830.540130855,375.802762982,74.304821319));
#1351 = CARTESIAN_POINT('',(830.428897943,373.136846791,74.463740734));
#1352 = CARTESIAN_POINT('',(830.345488318,371.137400676,74.5829378943));
#1353 = CARTESIAN_POINT('',(830.28982716,369.804441641,74.6623772158));
#1354 = CARTESIAN_POINT('',(931.69790477,419.560605081,64.7179539402));
#1355 = CARTESIAN_POINT('',(931.651292818,418.219410138,64.7802780277));
#1356 = CARTESIAN_POINT('',(931.5821045,416.207620882,64.8741019712));
#1357 = CARTESIAN_POINT('',(931.489682129,413.525234238,64.9991212689));
#1358 = CARTESIAN_POINT('',(931.420385898,411.513443979,65.0928952874));
#1359 = CARTESIAN_POINT('',(931.351093061,409.501653667,65.1866708483));
#1360 = CARTESIAN_POINT('',(931.281766071,407.489863052,65.2804307313));
#1361 = CARTESIAN_POINT('',(931.21257226,405.478072475,65.374251841));
#1362 = CARTESIAN_POINT('',(931.143666909,403.466282837,65.4682055144));
#1363 = CARTESIAN_POINT('',(931.074684495,401.454492586,65.5621237953));
#1364 = CARTESIAN_POINT('',(931.005721819,399.442702328,65.6560511533));
#1365 = CARTESIAN_POINT('',(930.936757229,397.430912036,65.7499776267));
#1366 = CARTESIAN_POINT('',(930.867780548,395.419121624,65.8438985739));
#1367 = CARTESIAN_POINT('',(930.798854131,393.407331253,65.9378425324));
#1368 = CARTESIAN_POINT('',(930.730034949,391.395541232,66.0318355686));
#1369 = CARTESIAN_POINT('',(930.661186893,389.383751114,66.12581539));
#1370 = CARTESIAN_POINT('',(930.592347152,387.371962545,66.219798922));
#1371 = CARTESIAN_POINT('',(930.500555305,384.689579111,66.3451076861));
#1372 = CARTESIAN_POINT('',(930.431723785,382.677782509,66.4390954817));
#1373 = CARTESIAN_POINT('',(930.385791154,381.336589846,66.501733122));
#1374 = CARTESIAN_POINT('',(1032.51565875,430.250819851,57.3517799733));
#1375 = CARTESIAN_POINT('',(1032.48057555,428.904936181,57.3949561456));
#1376 = CARTESIAN_POINT('',(1032.42849654,426.886113844,57.4599731162));
#1377 = CARTESIAN_POINT('',(1032.35892972,424.194349756,57.5466030914));
#1378 = CARTESIAN_POINT('',(1032.30676998,422.175526413,57.6115827125));
#1379 = CARTESIAN_POINT('',(1032.25461278,420.156703017,57.6765634873));
#1380 = CARTESIAN_POINT('',(1032.20243003,418.137879316,57.7415325332));
#1381 = CARTESIAN_POINT('',(1032.15034691,416.119055654,57.8065473805));
#1382 = CARTESIAN_POINT('',(1032.09847956,414.100232934,57.8716613959));
#1383 = CARTESIAN_POINT('',(1032.04655457,412.081409599,57.936748934));
#1384 = CARTESIAN_POINT('',(1031.99464435,410.062586257,58.0018432623));
#1385 = CARTESIAN_POINT('',(1031.94273269,408.043762881,58.0669369288));
#1386 = CARTESIAN_POINT('',(1031.89081199,406.024939385,58.132026461));
#1387 = CARTESIAN_POINT('',(1031.83892889,404.006115929,58.1971332072));
#1388 = CARTESIAN_POINT('',(1031.787126,401.987292824,58.2622766673));
#1389 = CARTESIAN_POINT('',(1031.73530152,399.968469623,58.3274102417));
#1390 = CARTESIAN_POINT('',(1031.68348325,397.949647976,58.3925465959));
#1391 = CARTESIAN_POINT('',(1031.6143881,395.257887109,58.4793931177));
#1392 = CARTESIAN_POINT('',(1031.56257599,393.239057401,58.5445326406));
#1393 = CARTESIAN_POINT('',(1031.52800095,391.893176018,58.5879433752));
#1394 = CARTESIAN_POINT('',(1133.59989672,439.961432511,50.3269544597));
#1395 = CARTESIAN_POINT('',(1133.57707877,438.613324353,50.3505933566));
#1396 = CARTESIAN_POINT('',(1133.54320392,436.59116529,50.3862147213));
#1397 = CARTESIAN_POINT('',(1133.49795481,433.894952232,50.4336716082));
#1398 = CARTESIAN_POINT('',(1133.46402789,431.872792162,50.4692688778));
#1399 = CARTESIAN_POINT('',(1133.43010261,429.850632038,50.5048668915));
#1400 = CARTESIAN_POINT('',(1133.39616085,427.828471609,50.5404573386));
#1401 = CARTESIAN_POINT('',(1133.36228335,425.806311218,50.5760773296));
#1402 = CARTESIAN_POINT('',(1133.32854506,423.784151771,50.6117612909));
#1403 = CARTESIAN_POINT('',(1133.29476957,421.761991709,50.6474281714));
#1404 = CARTESIAN_POINT('',(1133.26100362,419.739831639,50.6830994318));
#1405 = CARTESIAN_POINT('',(1133.22723674,417.717671535,50.7187702651));
#1406 = CARTESIAN_POINT('',(1133.19346402,415.695511311,50.7544384314));
#1407 = CARTESIAN_POINT('',(1133.15971556,413.673351128,50.7901177014));
#1408 = CARTESIAN_POINT('',(1133.12601885,411.651191295,50.8258206546));
#1409 = CARTESIAN_POINT('',(1133.0923082,409.629031367,50.8615172307));
#1410 = CARTESIAN_POINT('',(1133.05860157,407.606872995,50.8972156048));
#1411 = CARTESIAN_POINT('',(1133.01365673,404.910663164,50.9448121829));
#1412 = CARTESIAN_POINT('',(1132.97995406,402.888496716,50.9805125757));
#1413 = CARTESIAN_POINT('',(1132.95746393,401.540390851,51.0043027818));
#1414 = CARTESIAN_POINT('',(1234.13980939,448.783619499,43.6702183056));
#1415 = CARTESIAN_POINT('',(1234.1290688,447.43467002,43.6759329687));
#1416 = CARTESIAN_POINT('',(1234.1131216,445.411248977,43.6845808253));
#1417 = CARTESIAN_POINT('',(1234.09182024,442.713353279,43.6960934926));
#1418 = CARTESIAN_POINT('',(1234.07584884,440.689931228,43.7047301344));
#1419 = CARTESIAN_POINT('',(1234.05987819,438.666509124,43.7133671221));
#1420 = CARTESIAN_POINT('',(1234.04389988,436.643086714,43.722000588));
#1421 = CARTESIAN_POINT('',(1234.02795145,434.619664343,43.7306478003));
#1422 = CARTESIAN_POINT('',(1234.01206774,432.596242916,43.7393247803));
#1423 = CARTESIAN_POINT('',(1233.99616674,430.572820873,43.7479938105));
#1424 = CARTESIAN_POINT('',(1233.98027017,428.549398823,43.7566648785));
#1425 = CARTESIAN_POINT('',(1233.96437317,426.525976738,43.7653357478));
#1426 = CARTESIAN_POINT('',(1233.94847346,424.502554534,43.7740053756));
#1427 = CARTESIAN_POINT('',(1233.93258502,422.47913237,43.78268017));
#1428 = CARTESIAN_POINT('',(1233.91672065,420.455710557,43.7913659849));
#1429 = CARTESIAN_POINT('',(1233.90084979,418.432288648,43.8000488324));
#1430 = CARTESIAN_POINT('',(1233.8849808,416.408868296,43.8087325226));
#1431 = CARTESIAN_POINT('',(1233.86382091,413.710975827,43.8203101979));
#1432 = CARTESIAN_POINT('',(1233.84795377,411.687547395,43.8289947956));
#1433 = CARTESIAN_POINT('',(1233.83736559,410.33860021,43.8347798687));
#1434 = CARTESIAN_POINT('',(1333.58427567,456.829052328,37.4046768768));
#1435 = CARTESIAN_POINT('',(1333.58452883,455.479562972,37.3961693059));
#1436 = CARTESIAN_POINT('',(1333.58490393,453.455332116,37.3834056374));
#1437 = CARTESIAN_POINT('',(1333.58540515,450.756356666,37.3663879541));
#1438 = CARTESIAN_POINT('',(1333.58578093,448.732124801,37.353624624));
#1439 = CARTESIAN_POINT('',(1333.5861567,446.707892883,37.340861283));
#1440 = CARTESIAN_POINT('',(1333.58653268,444.683660659,37.3280980484));
#1441 = CARTESIAN_POINT('',(1333.58690781,442.659428474,37.3153343914));
#1442 = CARTESIAN_POINT('',(1333.58728111,440.635197234,37.3025698253));
#1443 = CARTESIAN_POINT('',(1333.58765489,438.610965377,37.2898054997));
#1444 = CARTESIAN_POINT('',(1333.58802856,436.586733513,37.2770411115));
#1445 = CARTESIAN_POINT('',(1333.58840223,434.562501615,37.2642767292));
#1446 = CARTESIAN_POINT('',(1333.58877598,432.538269596,37.2515123842));
#1447 = CARTESIAN_POINT('',(1333.58914941,430.514037619,37.2387478807));
#1448 = CARTESIAN_POINT('',(1333.58952216,428.489805992,37.2259830407));
#1449 = CARTESIAN_POINT('',(1333.5898951,426.46557427,37.2132182912));
#1450 = CARTESIAN_POINT('',(1333.59026798,424.441344105,37.2004535255));
#1451 = CARTESIAN_POINT('',(1333.59076518,421.742371885,37.1834338638));
#1452 = CARTESIAN_POINT('',(1333.59113801,419.718133637,37.1706690203));
#1453 = CARTESIAN_POINT('',(1333.59138685,418.368646576,37.1621592993));
#1454 = CARTESIAN_POINT('',(1430.72817443,464.159765775,31.5473608788));
#1455 = CARTESIAN_POINT('',(1430.73737277,462.808957346,31.5300531794));
#1456 = CARTESIAN_POINT('',(1430.75103314,460.782747884,31.5040288075));
#1457 = CARTESIAN_POINT('',(1430.76927917,458.081134292,31.4693443902));
#1458 = CARTESIAN_POINT('',(1430.78295983,456.05492382,31.4433293005));
#1459 = CARTESIAN_POINT('',(1430.79663985,454.028713295,31.4173139237));
#1460 = CARTESIAN_POINT('',(1430.81032628,452.002502463,31.3913014619));
#1461 = CARTESIAN_POINT('',(1430.82398769,449.976291671,31.3652776114));
#1462 = CARTESIAN_POINT('',(1430.83759488,447.950081824,31.3392291068));
#1463 = CARTESIAN_POINT('',(1430.85121655,445.92387136,31.313187183));
#1464 = CARTESIAN_POINT('',(1430.86483451,443.897660889,31.2871435707));
#1465 = CARTESIAN_POINT('',(1430.87845283,441.871450383,31.2611001228));
#1466 = CARTESIAN_POINT('',(1430.89207342,439.845239758,31.2350577023));
#1467 = CARTESIAN_POINT('',(1430.90568456,437.819029173,31.2090110017));
#1468 = CARTESIAN_POINT('',(1430.91927555,435.792818939,31.1829551736));
#1469 = CARTESIAN_POINT('',(1430.93287197,433.76660861,31.1569018032));
#1470 = CARTESIAN_POINT('',(1430.94646682,431.740399839,31.1308477492));
#1471 = CARTESIAN_POINT('',(1430.96459433,429.03878948,31.096109502));
#1472 = CARTESIAN_POINT('',(1430.97818764,427.012572619,31.0700546207));
#1473 = CARTESIAN_POINT('',(1430.98725829,425.661766487,31.0526886072));
#1474 = CARTESIAN_POINT('',(1526.18698532,470.85283213,26.0380830635));
#1475 = CARTESIAN_POINT('',(1526.20326336,469.49992877,26.0164057447));
#1476 = CARTESIAN_POINT('',(1526.22744287,467.470576915,25.9837833278));
#1477 = CARTESIAN_POINT('',(1526.25973798,464.764773463,25.9403117557));
#1478 = CARTESIAN_POINT('',(1526.28395262,462.735420597,25.9077050685));
#1479 = CARTESIAN_POINT('',(1526.30816616,460.706067677,25.8750978952));
#1480 = CARTESIAN_POINT('',(1526.33239082,458.676714451,25.8424956615));
#1481 = CARTESIAN_POINT('',(1526.35657211,456.647361263,25.8098741356));
#1482 = CARTESIAN_POINT('',(1526.38065949,454.618009022,25.7772108408));
#1483 = CARTESIAN_POINT('',(1526.40477196,452.588656164,25.744558697));
#1484 = CARTESIAN_POINT('',(1526.42887801,450.559303299,25.7119036931));
#1485 = CARTESIAN_POINT('',(1526.45298467,448.529950398,25.6792489679));
#1486 = CARTESIAN_POINT('',(1526.47709528,446.500597378,25.6465959838));
#1487 = CARTESIAN_POINT('',(1526.50118952,444.471244398,25.613935749));
#1488 = CARTESIAN_POINT('',(1526.52524884,442.44189177,25.5812600506));
#1489 = CARTESIAN_POINT('',(1526.54931757,440.412539047,25.5485885159));
#1490 = CARTESIAN_POINT('',(1526.57338359,438.383187884,25.5159158143));
#1491 = CARTESIAN_POINT('',(1526.60547341,435.677387672,25.4723530373));
#1492 = CARTESIAN_POINT('',(1526.62953676,433.648028406,25.4396789802));
#1493 = CARTESIAN_POINT('',(1526.64559362,432.295127346,25.4179028655));
#1494 = CARTESIAN_POINT('',(1619.92764504,476.932882324,20.9035736908));
#1495 = CARTESIAN_POINT('',(1619.94925826,475.577123934,20.8814911073));
#1496 = CARTESIAN_POINT('',(1619.98136943,473.543489541,20.8482319662));
#1497 = CARTESIAN_POINT('',(1620.02425677,470.831976037,20.8039181958));
#1498 = CARTESIAN_POINT('',(1620.05641359,468.79834063,20.7706790467));
#1499 = CARTESIAN_POINT('',(1620.08856897,466.76470517,20.7374392802));
#1500 = CARTESIAN_POINT('',(1620.1207388,464.731069403,20.7042057917));
#1501 = CARTESIAN_POINT('',(1620.15285229,462.697433674,20.6709477881));
#1502 = CARTESIAN_POINT('',(1620.18484374,460.663798895,20.6376367045));
#1503 = CARTESIAN_POINT('',(1620.2168678,458.630163497,20.6043397932));
#1504 = CARTESIAN_POINT('',(1620.2488835,456.596528091,20.5710392474));
#1505 = CARTESIAN_POINT('',(1620.28090002,454.56289265,20.537739056));
#1506 = CARTESIAN_POINT('',(1620.31292164,452.52925709,20.5044410774));
#1507 = CARTESIAN_POINT('',(1620.34492201,450.495621569,20.4711338851));
#1508 = CARTESIAN_POINT('',(1620.376877,448.461986402,20.4378070416));
#1509 = CARTESIAN_POINT('',(1620.40884422,446.428351139,20.4044854893));
#1510 = CARTESIAN_POINT('',(1620.44080791,444.39471744,20.3711624481));
#1511 = CARTESIAN_POINT('',(1620.4834285,441.683207181,20.3267327694));
#1512 = CARTESIAN_POINT('',(1620.51538873,439.649565362,20.293408038));
#1513 = CARTESIAN_POINT('',(1620.53671455,438.293809277,20.271199904));
#1514 = CARTESIAN_POINT('',(1712.15848235,482.443446094,16.1436312927));
#1515 = CARTESIAN_POINT('',(1712.18382932,481.084083743,16.1244996678));
#1516 = CARTESIAN_POINT('',(1712.22149611,479.045043418,16.0956511315));
#1517 = CARTESIAN_POINT('',(1712.27180152,476.326322002,16.057221885));
#1518 = CARTESIAN_POINT('',(1712.30952063,474.287280661,16.028395683));
#1519 = CARTESIAN_POINT('',(1712.34723808,472.248239266,15.9995687915));
#1520 = CARTESIAN_POINT('',(1712.38497209,470.209197563,15.9707489136));
#1521 = CARTESIAN_POINT('',(1712.42264155,468.1701559,15.9419016533));
#1522 = CARTESIAN_POINT('',(1712.46017118,466.131115187,15.9129951009));
#1523 = CARTESIAN_POINT('',(1712.49773817,464.092073854,15.884104381));
#1524 = CARTESIAN_POINT('',(1712.53529559,462.053032514,15.8552096016));
#1525 = CARTESIAN_POINT('',(1712.57285393,460.013991139,15.8263152181));
#1526 = CARTESIAN_POINT('',(1712.61041814,457.974949643,15.7974233067));
#1527 = CARTESIAN_POINT('',(1712.64795799,455.935908188,15.7685211039));
#1528 = CARTESIAN_POINT('',(1712.68544585,453.896867087,15.73959695));
#1529 = CARTESIAN_POINT('',(1712.72294771,451.857825889,15.7106787066));
#1530 = CARTESIAN_POINT('',(1712.76044554,449.818786261,15.6817587938));
#1531 = CARTESIAN_POINT('',(1712.81044531,447.100068099,15.6432000693));
#1532 = CARTESIAN_POINT('',(1712.84793917,445.061020328,15.6142783029));
#1533 = CARTESIAN_POINT('',(1712.87295686,443.701660289,15.5950064344));
#1534 = CARTESIAN_POINT('',(1803.01481365,487.422353438,11.7657078132));
#1535 = CARTESIAN_POINT('',(1803.04242927,486.058650676,11.7523133137));
#1536 = CARTESIAN_POINT('',(1803.08347715,484.013099744,11.7320657562));
#1537 = CARTESIAN_POINT('',(1803.13829581,481.285697516,11.7051055878));
#1538 = CARTESIAN_POINT('',(1803.17939923,479.240145565,11.6848810631));
#1539 = CARTESIAN_POINT('',(1803.2205009,477.19459356,11.6646558278));
#1540 = CARTESIAN_POINT('',(1803.26162016,475.149041246,11.6444378254));
#1541 = CARTESIAN_POINT('',(1803.30267086,473.103488971,11.6241915897));
#1542 = CARTESIAN_POINT('',(1803.34357308,471.05793765,11.6038842154));
#1543 = CARTESIAN_POINT('',(1803.38451497,469.012385707,11.5835931683));
#1544 = CARTESIAN_POINT('',(1803.4254467,466.966833757,11.5632979356));
#1545 = CARTESIAN_POINT('',(1803.46637941,464.921281772,11.5430031113));
#1546 = CARTESIAN_POINT('',(1803.50731835,462.875729665,11.5227108365));
#1547 = CARTESIAN_POINT('',(1803.54823141,460.8301776,11.5024079503));
#1548 = CARTESIAN_POINT('',(1803.58908928,458.784625889,11.4820824294));
#1549 = CARTESIAN_POINT('',(1803.62996201,456.739074082,11.4617630032));
#1550 = CARTESIAN_POINT('',(1803.67083045,454.693523848,11.4414418481));
#1551 = CARTESIAN_POINT('',(1803.72532455,451.966124885,11.4143481646));
#1552 = CARTESIAN_POINT('',(1803.76618879,449.920566483,11.3940251322));
#1553 = CARTESIAN_POINT('',(1803.79345474,448.55686604,11.3804860204));
#1554 = CARTESIAN_POINT('',(1892.64531667,491.908533762,7.7755822511));
#1555 = CARTESIAN_POINT('',(1892.67387357,490.53976641,7.77013111382));
#1556 = CARTESIAN_POINT('',(1892.71633149,488.486618606,7.76180316615));
#1557 = CARTESIAN_POINT('',(1892.77303066,485.749087211,7.75073474021));
#1558 = CARTESIAN_POINT('',(1892.81554441,483.695938383,7.74242915339));
#1559 = CARTESIAN_POINT('',(1892.8580564,481.642789502,7.73412287714));
#1560 = CARTESIAN_POINT('',(1892.90058606,479.58964031,7.72582362269));
#1561 = CARTESIAN_POINT('',(1892.94304682,477.536491157,7.71749696538));
#1562 = CARTESIAN_POINT('',(1892.98535837,475.483342963,7.70911096309));
#1563 = CARTESIAN_POINT('',(1893.02770978,473.430194144,7.70074081107));
#1564 = CARTESIAN_POINT('',(1893.07005098,471.377045317,7.69236659665));
#1565 = CARTESIAN_POINT('',(1893.11239317,469.323896455,7.68399277874));
#1566 = CARTESIAN_POINT('',(1893.15474162,467.270747472,7.67562143608));
#1567 = CARTESIAN_POINT('',(1893.19706406,465.21759853,7.66723979398));
#1568 = CARTESIAN_POINT('',(1893.23933103,463.164449944,7.65883618119));
#1569 = CARTESIAN_POINT('',(1893.28161294,461.11130126,7.65043848417));
#1570 = CARTESIAN_POINT('',(1893.32389054,459.058154157,7.64203910109));
#1571 = CARTESIAN_POINT('',(1893.38026353,456.320626038,7.63084106779));
#1572 = CARTESIAN_POINT('',(1893.42253691,454.267470737,7.62243992273));
#1573 = CARTESIAN_POINT('',(1893.45074239,452.898705712,7.61684841778));
#1574 = CARTESIAN_POINT('',(1981.19516056,495.940638515,4.17947382287));
#1575 = CARTESIAN_POINT('',(1981.22346878,494.566094735,4.18359481905));
#1576 = CARTESIAN_POINT('',(1981.26556876,492.504282301,4.18963705971));
#1577 = CARTESIAN_POINT('',(1981.32178713,489.755198062,4.19772607221));
#1578 = CARTESIAN_POINT('',(1981.36394071,487.693384601,4.20378890494));
#1579 = CARTESIAN_POINT('',(1981.4060926,485.631571085,4.20985110336));
#1580 = CARTESIAN_POINT('',(1981.44826145,483.569757258,4.21591976806));
#1581 = CARTESIAN_POINT('',(1981.49036416,481.50794347,4.22196320563));
#1582 = CARTESIAN_POINT('',(1981.53232362,479.446130645,4.22795200422));
#1583 = CARTESIAN_POINT('',(1981.57432136,477.384317192,4.23395539864));
#1584 = CARTESIAN_POINT('',(1981.61630929,475.322503731,4.23995505329));
#1585 = CARTESIAN_POINT('',(1981.65829817,473.260690235,4.24595507321));
#1586 = CARTESIAN_POINT('',(1981.70029306,471.198876617,4.25195737262));
#1587 = CARTESIAN_POINT('',(1981.74226299,469.137063041,4.25795019021));
#1588 = CARTESIAN_POINT('',(1981.78417966,467.075249822,4.26392277918));
#1589 = CARTESIAN_POINT('',(1981.82611067,465.013436505,4.26990081548));
#1590 = CARTESIAN_POINT('',(1981.86803755,462.951624776,4.27587728659));
#1591 = CARTESIAN_POINT('',(1981.92394279,460.202543827,4.28384697126));
#1592 = CARTESIAN_POINT('',(1981.96586561,458.140723864,4.28982182095));
#1593 = CARTESIAN_POINT('',(1981.99383646,456.766182421,4.29381357088));
#1594 = CARTESIAN_POINT('',(2068.81043848,499.557403155,0.983478108056));
#1595 = CARTESIAN_POINT('',(2068.83744555,498.176383442,0.998221703387));
#1596 = CARTESIAN_POINT('',(2068.87762284,496.104857124,1.0202153996));
#1597 = CARTESIAN_POINT('',(2068.9312708,493.342821035,1.0495688997));
#1598 = CARTESIAN_POINT('',(2068.97149738,491.271293685,1.07158059623));
#1599 = CARTESIAN_POINT('',(2069.01172242,489.19976628,1.09359173898));
#1600 = CARTESIAN_POINT('',(2069.05196306,487.128238563,1.11560853406));
#1601 = CARTESIAN_POINT('',(2069.09214285,485.056710884,1.13760328703));
#1602 = CARTESIAN_POINT('',(2069.13219086,482.985184173,1.1595502923));
#1603 = CARTESIAN_POINT('',(2069.17227408,480.913656831,1.18151005552));
#1604 = CARTESIAN_POINT('',(2069.21234829,478.842129482,1.20346655124));
#1605 = CARTESIAN_POINT('',(2069.25242336,476.770602097,1.22542336638));
#1606 = CARTESIAN_POINT('',(2069.29250396,474.699074589,1.24738217421));
#1607 = CARTESIAN_POINT('',(2069.3325616,472.627547123,1.26933269697));
#1608 = CARTESIAN_POINT('',(2069.37257025,470.556020017,1.29126554304));
#1609 = CARTESIAN_POINT('',(2069.41259209,468.484492812,1.31320314702));
#1610 = CARTESIAN_POINT('',(2069.45261012,466.412967201,1.33513937955));
#1611 = CARTESIAN_POINT('',(2069.50597002,463.650934418,1.36438855702));
#1612 = CARTESIAN_POINT('',(2069.54598433,461.579400536,1.38632363666));
#1613 = CARTESIAN_POINT('',(2069.57268105,460.198383171,1.40095431989));
#1614 = CARTESIAN_POINT('',(2155.63700088,502.797551713,-1.80625787435));
#1615 = CARTESIAN_POINT('',(2155.66179191,501.409368913,-1.78041919901));
#1616 = CARTESIAN_POINT('',(2155.69868496,499.327097982,-1.74176161177));
#1617 = CARTESIAN_POINT('',(2155.7479446,496.550735738,-1.69019458196));
#1618 = CARTESIAN_POINT('',(2155.78488107,494.468463769,-1.65152213516));
#1619 = CARTESIAN_POINT('',(2155.82181617,492.386191746,-1.61285014467));
#1620 = CARTESIAN_POINT('',(2155.85876501,490.303919408,-1.57417348819));
#1621 = CARTESIAN_POINT('',(2155.89566028,488.22164711,-1.53551501572));
#1622 = CARTESIAN_POINT('',(2155.93243951,486.139375783,-1.4968959422));
#1623 = CARTESIAN_POINT('',(2155.96924975,484.057103823,-1.45826633779));
#1624 = CARTESIAN_POINT('',(2156.00605205,481.974831855,-1.41963942884));
#1625 = CARTESIAN_POINT('',(2156.04285512,479.892559852,-1.38101225598));
#1626 = CARTESIAN_POINT('',(2156.07966305,477.810287725,-1.34238343821));
#1627 = CARTESIAN_POINT('',(2156.11645077,475.72801564,-1.30376145498));
#1628 = CARTESIAN_POINT('',(2156.15319535,473.645743917,-1.26515406001));
#1629 = CARTESIAN_POINT('',(2156.18995155,471.563472095,-1.22654273027));
#1630 = CARTESIAN_POINT('',(2156.22670439,469.481201875,-1.18793258045));
#1631 = CARTESIAN_POINT('',(2156.2757104,466.704842953,-1.13645151559));
#1632 = CARTESIAN_POINT('',(2156.31245997,464.622564418,-1.09784295383));
#1633 = CARTESIAN_POINT('',(2156.33697774,463.234383979,-1.07209757106));
#1634 = CARTESIAN_POINT('',(2241.82076603,505.699821551,-4.18368574564));
#1635 = CARTESIAN_POINT('',(2241.84256365,504.303800872,-4.14685847496));
#1636 = CARTESIAN_POINT('',(2241.87501424,502.209773141,-4.09169486086));
#1637 = CARTESIAN_POINT('',(2241.9183394,499.417735157,-4.01812522424));
#1638 = CARTESIAN_POINT('',(2241.95082635,497.323706382,-3.96295016683));
#1639 = CARTESIAN_POINT('',(2241.98331216,495.229677552,-3.90777545977));
#1640 = CARTESIAN_POINT('',(2242.01580948,493.135648406,-3.85259715958));
#1641 = CARTESIAN_POINT('',(2242.04826192,491.041619299,-3.79743284783));
#1642 = CARTESIAN_POINT('',(2242.08061716,488.94759117,-3.74229885538));
#1643 = CARTESIAN_POINT('',(2242.11299838,486.853562404,-3.68715675437));
#1644 = CARTESIAN_POINT('',(2242.14537294,484.75953363,-3.63201672669));
#1645 = CARTESIAN_POINT('',(2242.17774814,482.66550482,-3.57687649573));
#1646 = CARTESIAN_POINT('',(2242.21012742,480.571475887,-3.52173499731));
#1647 = CARTESIAN_POINT('',(2242.24248977,478.477446995,-3.46659875915));
#1648 = CARTESIAN_POINT('',(2242.27481597,476.383418466,-3.41147373874));
#1649 = CARTESIAN_POINT('',(2242.30715191,474.289389839,-3.35634572237));
#1650 = CARTESIAN_POINT('',(2242.33948504,472.195362822,-3.30121851363));
#1651 = CARTESIAN_POINT('',(2242.38259774,469.40332818,-3.22771551498));
#1652 = CARTESIAN_POINT('',(2242.41492814,467.309292802,-3.17258680226));
#1653 = CARTESIAN_POINT('',(2242.43649686,465.913274497,-3.13583087757));
#1654 = CARTESIAN_POINT('',(2327.50762984,508.302955906,-6.14243737051));
#1655 = CARTESIAN_POINT('',(2327.52579431,506.898434929,-6.09530381533));
#1656 = CARTESIAN_POINT('',(2327.5528475,504.79165677,-6.02465764162));
#1657 = CARTESIAN_POINT('',(2327.58896385,501.982618211,-5.93045002105));
#1658 = CARTESIAN_POINT('',(2327.61604567,499.875839003,-5.85979582041));
#1659 = CARTESIAN_POINT('',(2327.64312658,497.76905974,-5.78914186419));
#1660 = CARTESIAN_POINT('',(2327.67021656,495.662280158,-5.71848538773));
#1661 = CARTESIAN_POINT('',(2327.69727121,493.555500617,-5.64783870459));
#1662 = CARTESIAN_POINT('',(2327.72424936,491.448722059,-5.57721326167));
#1663 = CARTESIAN_POINT('',(2327.75124796,489.341942859,-5.50658213249));
#1664 = CARTESIAN_POINT('',(2327.77824131,487.235163652,-5.43595245481));
#1665 = CARTESIAN_POINT('',(2327.80523518,485.128384409,-5.36532263368));
#1666 = CARTESIAN_POINT('',(2327.83223225,483.021605041,-5.2946919256));
#1667 = CARTESIAN_POINT('',(2327.85921599,480.914825715,-5.22406489225));
#1668 = CARTESIAN_POINT('',(2327.88617129,478.808046755,-5.15344574885));
#1669 = CARTESIAN_POINT('',(2327.91313425,476.701267695,-5.08282438974));
#1670 = CARTESIAN_POINT('',(2327.940095,474.594490257,-5.0122040567));
#1671 = CARTESIAN_POINT('',(2327.97604412,471.78545506,-4.91804142643));
#1672 = CARTESIAN_POINT('',(2328.00300272,469.678669208,-4.84742948074));
#1673 = CARTESIAN_POINT('',(2328.02098702,468.274150619,-4.80034754046));
#1674 = CARTESIAN_POINT('',(2412.84352164,510.645705475,-7.67734377188));
#1675 = CARTESIAN_POINT('',(2412.85755079,509.232034165,-7.62117389719));
#1676 = CARTESIAN_POINT('',(2412.87845501,507.111530528,-7.53695193082));
#1677 = CARTESIAN_POINT('',(2412.90636006,504.284191324,-7.42464825535));
#1678 = CARTESIAN_POINT('',(2412.92728491,502.16368663,-7.3404214099));
#1679 = CARTESIAN_POINT('',(2412.94820912,500.043181881,-7.25619471131));
#1680 = CARTESIAN_POINT('',(2412.96913986,497.922676811,-7.17196648103));
#1681 = CARTESIAN_POINT('',(2412.99004514,495.802171782,-7.08774417911));
#1682 = CARTESIAN_POINT('',(2413.01089526,493.681667742,-7.00353475247));
#1683 = CARTESIAN_POINT('',(2413.03176012,491.561163057,-6.91932187166));
#1684 = CARTESIAN_POINT('',(2413.0526212,489.440658365,-6.83510986866));
#1685 = CARTESIAN_POINT('',(2413.07348265,487.320153636,-6.75089778031));
#1686 = CARTESIAN_POINT('',(2413.09434642,485.199648781,-6.66668514451));
#1687 = CARTESIAN_POINT('',(2413.11520057,483.079143969,-6.58247476419));
#1688 = CARTESIAN_POINT('',(2413.13603422,480.958639525,-6.49826905287));
#1689 = CARTESIAN_POINT('',(2413.15687339,478.838134981,-6.41406242284));
#1690 = CARTESIAN_POINT('',(2413.17771097,476.717632068,-6.32985486207));
#1691 = CARTESIAN_POINT('',(2413.20549545,473.890296248,-6.21758469901));
#1692 = CARTESIAN_POINT('',(2413.22633149,471.769784867,-6.1333472978));
#1693 = CARTESIAN_POINT('',(2413.24023075,470.356115961,-6.07720278225));
#1694 = CARTESIAN_POINT('',(2497.97427263,512.766824353,-8.77880887181));
#1695 = CARTESIAN_POINT('',(2497.98380194,511.343365078,-8.71541651081));
#1696 = CARTESIAN_POINT('',(2497.99800898,509.208179517,-8.62034330865));
#1697 = CARTESIAN_POINT('',(2498.01697212,506.361264407,-8.49357542731));
#1698 = CARTESIAN_POINT('',(2498.03119202,504.226077782,-8.39849993173));
#1699 = CARTESIAN_POINT('',(2498.04541152,502.090891102,-8.30342450286));
#1700 = CARTESIAN_POINT('',(2498.05963509,499.955704098,-8.20834835433));
#1701 = CARTESIAN_POINT('',(2498.0738428,497.820517135,-8.11327495958));
#1702 = CARTESIAN_POINT('',(2498.08801615,495.685331169,-8.01820756959));
#1703 = CARTESIAN_POINT('',(2498.10219868,493.550144553,-7.92313855809));
#1704 = CARTESIAN_POINT('',(2498.11637886,491.414957929,-7.82806995611));
#1705 = CARTESIAN_POINT('',(2498.13055926,489.279771269,-7.73300130565));
#1706 = CARTESIAN_POINT('',(2498.14474111,487.144584482,-7.63793242707));
#1707 = CARTESIAN_POINT('',(2498.15891697,485.009397738,-7.54286448727));
#1708 = CARTESIAN_POINT('',(2498.17308005,482.874211365,-7.44779913438));
#1709 = CARTESIAN_POINT('',(2498.18724658,480.73902489,-7.35273182505));
#1710 = CARTESIAN_POINT('',(2498.20141211,478.603840059,-7.25766982616));
#1711 = CARTESIAN_POINT('',(2498.22030014,475.756928356,-7.13089522738));
#1712 = CARTESIAN_POINT('',(2498.23446471,473.621734999,-7.0359442155));
#1713 = CARTESIAN_POINT('',(2498.2439131,472.198278144,-6.97258502935));
#1714 = CARTESIAN_POINT('',(2583.04469927,514.705046853,-9.45373283157));
#1715 = CARTESIAN_POINT('',(2583.04950188,513.271174529,-9.38563878073));
#1716 = CARTESIAN_POINT('',(2583.05666702,511.12036942,-9.28350070293));
#1717 = CARTESIAN_POINT('',(2583.06622964,508.252628237,-9.14731588371));
#1718 = CARTESIAN_POINT('',(2583.07340052,506.101822056,-9.04517733536));
#1719 = CARTESIAN_POINT('',(2583.08057121,503.951015818,-8.94303879726));
#1720 = CARTESIAN_POINT('',(2583.08774372,501.800209255,-8.84090011191));
#1721 = CARTESIAN_POINT('',(2583.09490915,499.649402733,-8.73876194283));
#1722 = CARTESIAN_POINT('',(2583.10205925,497.498597215,-8.63662493454));
#1723 = CARTESIAN_POINT('',(2583.10921344,495.347791042,-8.53448759956));
#1724 = CARTESIAN_POINT('',(2583.11636659,493.196984862,-8.43235033346));
#1725 = CARTESIAN_POINT('',(2583.12351984,491.046178644,-8.33021308425));
#1726 = CARTESIAN_POINT('',(2583.13067373,488.8953723,-8.22807568515));
#1727 = CARTESIAN_POINT('',(2583.13782495,486.744565998,-8.1259388449));
#1728 = CARTESIAN_POINT('',(2583.14497047,484.59376007,-8.02380107786));
#1729 = CARTESIAN_POINT('',(2583.15211752,482.44295404,-7.92166825859));
#1730 = CARTESIAN_POINT('',(2583.15926413,480.292149665,-7.81951665196));
#1731 = CARTESIAN_POINT('',(2583.16879324,477.424411915,-7.68340859184));
#1732 = CARTESIAN_POINT('',(2583.17593942,475.273598951,-7.580841933));
#1733 = CARTESIAN_POINT('',(2583.18070593,473.839729065,-7.51267988859));
#1734 = CARTESIAN_POINT('',(2668.18863568,516.498890612,-9.64747554245));
#1735 = CARTESIAN_POINT('',(2668.18862312,515.053994142,-9.57729934664));
#1736 = CARTESIAN_POINT('',(2668.18860607,512.886652839,-9.47203458223));
#1737 = CARTESIAN_POINT('',(2668.18858292,509.99686339,-9.3316816616));
#1738 = CARTESIAN_POINT('',(2668.1885656,507.829521007,-9.22641693878));
#1739 = CARTESIAN_POINT('',(2668.1885483,505.662178567,-9.12115221026));
#1740 = CARTESIAN_POINT('',(2668.18853091,503.494835799,-9.01588749549));
#1741 = CARTESIAN_POINT('',(2668.18851385,501.327493073,-8.91062266702));
#1742 = CARTESIAN_POINT('',(2668.1884975,499.160151358,-8.80535764002));
#1743 = CARTESIAN_POINT('',(2668.18848096,496.992808983,-8.70009264062));
#1744 = CARTESIAN_POINT('',(2668.18846446,494.825466601,-8.59482764991));
#1745 = CARTESIAN_POINT('',(2668.18844797,492.658124182,-8.48956256151));
#1746 = CARTESIAN_POINT('',(2668.18843144,490.490781634,-8.38429784133));
#1747 = CARTESIAN_POINT('',(2668.18841504,488.32343913,-8.27903172139));
#1748 = CARTESIAN_POINT('',(2668.1883989,486.156097002,-8.17377059757));
#1749 = CARTESIAN_POINT('',(2668.18838269,483.988754771,-8.06849057124));
#1750 = CARTESIAN_POINT('',(2668.1883665,481.821414207,-7.96328123806));
#1751 = CARTESIAN_POINT('',(2668.1883449,478.931628218,-7.82265079594));
#1752 = CARTESIAN_POINT('',(2668.18832873,476.764279,-7.71899064818));
#1753 = CARTESIAN_POINT('',(2668.18831784,475.319384986,-7.64907834362));
#1754 = CARTESIAN_POINT('',(2753.52582016,518.186657268,-9.53575497223));
#1755 = CARTESIAN_POINT('',(2753.52104285,516.730141962,-9.46848511631));
#1756 = CARTESIAN_POINT('',(2753.51390866,514.545372432,-9.36758018878));
#1757 = CARTESIAN_POINT('',(2753.50438894,511.63234534,-9.23304030772));
#1758 = CARTESIAN_POINT('',(2753.49725005,509.447574722,-9.13213537455));
#1759 = CARTESIAN_POINT('',(2753.49011131,507.262804046,-9.03123043749));
#1760 = CARTESIAN_POINT('',(2753.48297108,505.07803304,-8.93032549869));
#1761 = CARTESIAN_POINT('',(2753.47583665,502.893262076,-8.82942050899));
#1762 = CARTESIAN_POINT('',(2753.46871478,500.708492131,-8.72851544085));
#1763 = CARTESIAN_POINT('',(2753.46158955,498.523721522,-8.62761039985));
#1764 = CARTESIAN_POINT('',(2753.45446518,496.338950904,-8.52670525257));
#1765 = CARTESIAN_POINT('',(2753.44734073,494.154180249,-8.42580046937));
#1766 = CARTESIAN_POINT('',(2753.44021575,491.969409465,-8.32489432289));
#1767 = CARTESIAN_POINT('',(2753.43309296,489.784638725,-8.22399324188));
#1768 = CARTESIAN_POINT('',(2753.42597484,487.599868364,-8.12307316071));
#1769 = CARTESIAN_POINT('',(2753.41885547,485.415097899,-8.02222389769));
#1770 = CARTESIAN_POINT('',(2753.41173646,483.230329115,-7.92111043841));
#1771 = CARTESIAN_POINT('',(2753.4022442,480.31730551,-7.78760758624));
#1772 = CARTESIAN_POINT('',(2753.39512553,478.132528002,-7.68069477763));
#1773 = CARTESIAN_POINT('',(2753.39037781,476.676015172,-7.61243546306));
#1774 = CARTESIAN_POINT('',(2839.05914012,519.779484701,-9.30748519004));
#1775 = CARTESIAN_POINT('',(2839.04964207,518.310812866,-9.24917090953));
#1776 = CARTESIAN_POINT('',(2839.03544723,516.107808571,-9.16169705314));
#1777 = CARTESIAN_POINT('',(2839.01650851,513.17046845,-9.04506580657));
#1778 = CARTESIAN_POINT('',(2839.00230594,510.967463058,-8.95759228691));
#1779 = CARTESIAN_POINT('',(2838.98810361,508.764457608,-8.8701187539));
#1780 = CARTESIAN_POINT('',(2838.97389884,506.561451824,-8.78264532464));
#1781 = CARTESIAN_POINT('',(2838.95970359,504.358446083,-8.69517144022));
#1782 = CARTESIAN_POINT('',(2838.945529,502.15544137,-8.60769655237));
#1783 = CARTESIAN_POINT('',(2838.93134889,499.952435987,-8.52022203703));
#1784 = CARTESIAN_POINT('',(2838.91717019,497.749430595,-8.43274696909));
#1785 = CARTESIAN_POINT('',(2838.90299135,495.546425166,-8.34527370968));
#1786 = CARTESIAN_POINT('',(2838.88881165,493.343419607,-8.25779375727));
#1787 = CARTESIAN_POINT('',(2838.87463555,491.140414091,-8.17033874787));
#1788 = CARTESIAN_POINT('',(2838.86046712,488.937408958,-8.08278964398));
#1789 = CARTESIAN_POINT('',(2838.84629662,486.73440372,-7.99559046378));
#1790 = CARTESIAN_POINT('',(2838.83212673,484.531400178,-7.90708574996));
#1791 = CARTESIAN_POINT('',(2838.81323315,481.594063573,-7.79557614111));
#1792 = CARTESIAN_POINT('',(2838.79906381,479.391051234,-7.67842260899));
#1793 = CARTESIAN_POINT('',(2838.78961439,477.922381896,-7.61521865034));
#1794 = CARTESIAN_POINT('',(2924.77749743,521.288137007,-8.92169865408));
#1795 = CARTESIAN_POINT('',(2924.76331719,519.806829235,-8.87718427297));
#1796 = CARTESIAN_POINT('',(2924.74211104,517.584871065,-8.81040770218));
#1797 = CARTESIAN_POINT('',(2924.71382111,514.622259101,-8.72137344065));
#1798 = CARTESIAN_POINT('',(2924.69260546,512.400299823,-8.65459759104));
#1799 = CARTESIAN_POINT('',(2924.67139011,510.178340488,-8.58782171777));
#1800 = CARTESIAN_POINT('',(2924.65017176,507.956380816,-8.52104606632));
#1801 = CARTESIAN_POINT('',(2924.62896512,505.734421187,-8.45426951039));
#1802 = CARTESIAN_POINT('',(2924.60778388,503.512462595,-8.38749091244));
#1803 = CARTESIAN_POINT('',(2924.58659584,501.290503326,-8.32071309237));
#1804 = CARTESIAN_POINT('',(2924.56540955,499.06854405,-8.25393415239));
#1805 = CARTESIAN_POINT('',(2924.54422308,496.846584735,-8.18715889174));
#1806 = CARTESIAN_POINT('',(2924.52303556,494.62462529,-8.1203700249));
#1807 = CARTESIAN_POINT('',(2924.50185245,492.402665888,-8.05363188793));
#1808 = CARTESIAN_POINT('',(2924.48067878,490.180706872,-7.98670240256));
#1809 = CARTESIAN_POINT('',(2924.45950257,487.958747751,-7.92048451184));
#1810 = CARTESIAN_POINT('',(2924.43832711,485.73679034,-7.85161164284));
#1811 = CARTESIAN_POINT('',(2924.41009268,482.774181921,-7.77299252354));
#1812 = CARTESIAN_POINT('',(2924.38891788,480.552215637,-7.64586071808));
#1813 = CARTESIAN_POINT('',(2924.37479743,479.070910384,-7.59140282661));
#1814 = CARTESIAN_POINT('',(3010.65871259,522.723153668,-8.3991560863));
#1815 = CARTESIAN_POINT('',(3010.63988381,521.228790347,-8.37269099582));
#1816 = CARTESIAN_POINT('',(3010.61170947,518.987248885,-8.33298551901));
#1817 = CARTESIAN_POINT('',(3010.57412751,515.998525855,-8.28004671976));
#1818 = CARTESIAN_POINT('',(3010.54594298,513.756983276,-8.24034239141));
#1819 = CARTESIAN_POINT('',(3010.51775877,511.515440638,-8.20063802811));
#1820 = CARTESIAN_POINT('',(3010.48957134,509.273897661,-8.16093401794));
#1821 = CARTESIAN_POINT('',(3010.46139646,507.032354727,-8.12122860587));
#1822 = CARTESIAN_POINT('',(3010.43324879,504.790812839,-8.08152000238));
#1823 = CARTESIAN_POINT('',(3010.40509384,502.549270269,-8.04181262144));
#1824 = CARTESIAN_POINT('',(3010.37694075,500.307727691,-8.00210351177));
#1825 = CARTESIAN_POINT('',(3010.34878749,498.066185074,-7.96240008113));
#1826 = CARTESIAN_POINT('',(3010.32063308,495.824642325,-7.92267565787));
#1827 = CARTESIAN_POINT('',(3010.29248341,493.583099621,-7.88302951679));
#1828 = CARTESIAN_POINT('',(3010.26434386,491.341557306,-7.84308807588));
#1829 = CARTESIAN_POINT('',(3010.23620158,489.100014884,-7.80424475726));
#1830 = CARTESIAN_POINT('',(3010.2080601,486.858474187,-7.76130428167));
#1831 = CARTESIAN_POINT('',(3010.17053762,483.869754735,-7.72443779158));
#1832 = CARTESIAN_POINT('',(3010.14239683,481.628205087,-7.59159357498));
#1833 = CARTESIAN_POINT('',(3010.12363212,480.133844308,-7.54978376666));
#1834 = CARTESIAN_POINT('',(3096.6795925,524.095055316,-7.74403649695));
#1835 = CARTESIAN_POINT('',(3096.65614405,522.587276767,-7.73911113233));
#1836 = CARTESIAN_POINT('',(3096.62103844,520.325612495,-7.73171274945));
#1837 = CARTESIAN_POINT('',(3096.57421521,517.310059042,-7.72185066489));
#1838 = CARTESIAN_POINT('',(3096.53909967,515.048393642,-7.71445380786));
#1839 = CARTESIAN_POINT('',(3096.50398444,512.786728184,-7.70705690624));
#1840 = CARTESIAN_POINT('',(3096.46886607,510.525062383,-7.69966047371));
#1841 = CARTESIAN_POINT('',(3096.43375993,508.263396625,-7.69226220489));
#1842 = CARTESIAN_POINT('',(3096.39868031,506.001731923,-7.68485973683));
#1843 = CARTESIAN_POINT('',(3096.36359359,503.740066533,-7.67745888328));
#1844 = CARTESIAN_POINT('',(3096.32850869,501.478401135,-7.67005576534));
#1845 = CARTESIAN_POINT('',(3096.29342361,499.216735697,-7.66266008797));
#1846 = CARTESIAN_POINT('',(3096.25833742,496.955070126,-7.65523691174));
#1847 = CARTESIAN_POINT('',(3096.22325584,494.693404601,-7.64791628868));
#1848 = CARTESIAN_POINT('',(3096.18818412,492.431739467,-7.64020880099));
#1849 = CARTESIAN_POINT('',(3096.15310975,490.170074227,-7.63393991125));
#1850 = CARTESIAN_POINT('',(3096.11803616,487.908410727,-7.62230350315));
#1851 = CARTESIAN_POINT('',(3096.07127089,484.892860883,-7.63349689553));
#1852 = CARTESIAN_POINT('',(3096.03619794,482.631188352,-7.50408219089));
#1853 = CARTESIAN_POINT('',(3096.01281192,481.123412367,-7.47905442051));
#1854 = CARTESIAN_POINT('',(3182.81684164,525.414360707,-6.96497393647));
#1855 = CARTESIAN_POINT('',(3182.78879756,523.8928672,-6.98436379354));
#1856 = CARTESIAN_POINT('',(3182.74679146,521.610630523,-7.01343655122));
#1857 = CARTESIAN_POINT('',(3182.69076923,518.567647187,-7.05220305545));
#1858 = CARTESIAN_POINT('',(3182.64875425,516.285409372,-7.08127759879));
#1859 = CARTESIAN_POINT('',(3182.60673954,514.003171497,-7.11035209148));
#1860 = CARTESIAN_POINT('',(3182.56472202,511.720933278,-7.13942713305));
#1861 = CARTESIAN_POINT('',(3182.52271545,509.438695102,-7.16850004752));
#1862 = CARTESIAN_POINT('',(3182.48073259,507.156457991,-7.19756808179));
#1863 = CARTESIAN_POINT('',(3182.4387434,504.874220185,-7.22663799703));
#1864 = CARTESIAN_POINT('',(3182.39675582,502.591982372,-7.25570529057));
#1865 = CARTESIAN_POINT('',(3182.35476809,500.309744519,-7.28478119969));
#1866 = CARTESIAN_POINT('',(3182.31277936,498.027506531,-7.31382527199));
#1867 = CARTESIAN_POINT('',(3182.27079476,495.745268589,-7.3429880828));
#1868 = CARTESIAN_POINT('',(3182.22881899,493.463031043,-7.37170296252));
#1869 = CARTESIAN_POINT('',(3182.18684083,491.180793389,-7.40208349918));
#1870 = CARTESIAN_POINT('',(3182.14486339,488.898557491,-7.426249321));
#1871 = CARTESIAN_POINT('',(3182.08889304,485.855577797,-7.4893944741));
#1872 = CARTESIAN_POINT('',(3182.04691613,483.573332785,-7.37719293606));
#1873 = CARTESIAN_POINT('',(3182.01892792,482.051841866,-7.37330753533));
#1874 = CARTESIAN_POINT('',(3269.04719184,526.691589216,-6.06940653913));
#1875 = CARTESIAN_POINT('',(3269.01457137,525.156140966,-6.1151603498));
#1876 = CARTESIAN_POINT('',(3268.96568941,522.852972207,-6.18377865014));
#1877 = CARTESIAN_POINT('',(3268.90050202,519.782079418,-6.27527264008));
#1878 = CARTESIAN_POINT('',(3268.85161284,517.478909511,-6.34389279392));
#1879 = CARTESIAN_POINT('',(3268.80272388,515.175739544,-6.41251289675));
#1880 = CARTESIAN_POINT('',(3268.75383264,512.872569228,-6.48113356924));
#1881 = CARTESIAN_POINT('',(3268.70495028,510.569398956,-6.54975205606));
#1882 = CARTESIAN_POINT('',(3268.65608719,508.26622976,-6.61836551196));
#1883 = CARTESIAN_POINT('',(3268.60721894,505.963059862,-6.68698091176));
#1884 = CARTESIAN_POINT('',(3268.55835201,503.659889956,-6.75559361867));
#1885 = CARTESIAN_POINT('',(3268.50948495,501.35672001,-6.82421517627));
#1886 = CARTESIAN_POINT('',(3268.46061708,499.053549928,-6.89280403301));
#1887 = CARTESIAN_POINT('',(3268.41175257,496.750379893,-6.96151485855));
#1888 = CARTESIAN_POINT('',(3268.36289521,494.447210257,-7.02976555751));
#1889 = CARTESIAN_POINT('',(3268.31403593,492.144040512,-7.09972724003));
#1890 = CARTESIAN_POINT('',(3268.26517724,489.840872539,-7.16330506703));
#1891 = CARTESIAN_POINT('',(3268.20003197,486.769983425,-7.27984102059));
#1892 = CARTESIAN_POINT('',(3268.15117365,484.466806256,-7.20334090069));
#1893 = CARTESIAN_POINT('',(3268.11859855,482.931360617,-7.22518605849));
#1894 = CARTESIAN_POINT('',(3384.12718594,528.352672351,-4.73016865475));
#1895 = CARTESIAN_POINT('',(3384.08848216,526.798375846,-4.81284546855));
#1896 = CARTESIAN_POINT('',(3384.03045597,524.466934748,-4.93685014789));
#1897 = CARTESIAN_POINT('',(3383.95308079,521.358345494,-5.10219220938));
#1898 = CARTESIAN_POINT('',(3383.89505022,519.026903235,-5.22619847993));
#1899 = CARTESIAN_POINT('',(3383.83701979,516.695460914,-5.35020470933));
#1900 = CARTESIAN_POINT('',(3383.77898798,514.364018241,-5.47421142764));
#1901 = CARTESIAN_POINT('',(3383.72096153,512.032575612,-5.5982163073));
#1902 = CARTESIAN_POINT('',(3383.66294672,509.701134071,-5.72221692676));
#1903 = CARTESIAN_POINT('',(3383.6049288,507.369691821,-5.84621920054));
#1904 = CARTESIAN_POINT('',(3383.54691167,505.038249563,-5.97021921081));
#1905 = CARTESIAN_POINT('',(3383.48889446,502.706807264,-6.09422666247));
#1906 = CARTESIAN_POINT('',(3383.43087676,500.375364827,-6.21820662835));
#1907 = CARTESIAN_POINT('',(3383.37286108,498.043922438,-6.34228912494));
#1908 = CARTESIAN_POINT('',(3383.31484974,495.712480452,-6.46598480845));
#1909 = CARTESIAN_POINT('',(3383.25683723,493.381038356,-6.59111881912));
#1910 = CARTESIAN_POINT('',(3383.1988251,491.049598055,-6.71088624407));
#1911 = CARTESIAN_POINT('',(3383.1214754,487.941012522,-6.89727951659));
#1912 = CARTESIAN_POINT('',(3383.06346338,485.60956291,-6.89929185361));
#1913 = CARTESIAN_POINT('',(3383.02478702,484.055269048,-6.96186998334));
#1914 = CARTESIAN_POINT('',(3470.48535683,529.566612524,-3.57437308211));
#1915 = CARTESIAN_POINT('',(3470.44210615,527.998003524,-3.68563629792));
#1916 = CARTESIAN_POINT('',(3470.37724197,525.645093718,-3.85252541443));
#1917 = CARTESIAN_POINT('',(3470.29075361,522.50787951,-4.07504559533));
#1918 = CARTESIAN_POINT('',(3470.22588767,520.154968532,-4.2419355999));
#1919 = CARTESIAN_POINT('',(3470.16102178,517.802057491,-4.40882558548));
#1920 = CARTESIAN_POINT('',(3470.09615532,515.449146095,-4.57571584374));
#1921 = CARTESIAN_POINT('',(3470.03129102,513.096234744,-4.7426051324));
#1922 = CARTESIAN_POINT('',(3469.96643139,510.743324491,-4.9094921316));
#1923 = CARTESIAN_POINT('',(3469.9015705,508.390413522,-5.07638003237));
#1924 = CARTESIAN_POINT('',(3469.83670993,506.037502545,-5.24326674225));
#1925 = CARTESIAN_POINT('',(3469.77184933,503.684591527,-5.41015737015));
#1926 = CARTESIAN_POINT('',(3469.70698853,501.33168037,-5.57703353881));
#1927 = CARTESIAN_POINT('',(3469.64212854,498.97876926,-5.74396366536));
#1928 = CARTESIAN_POINT('',(3469.57727028,496.625858559,-5.91069020213));
#1929 = CARTESIAN_POINT('',(3469.51241156,494.272947745,-6.07817370713));
#1930 = CARTESIAN_POINT('',(3469.44755303,491.920038743,-6.24283280495));
#1931 = CARTESIAN_POINT('',(3469.36107493,488.782828289,-6.4764316639));
#1932 = CARTESIAN_POINT('',(3469.29621627,486.429909891,-6.57911897033));
#1933 = CARTESIAN_POINT('',(3469.2529766,484.861303559,-6.67980452708));
#1934 = CARTESIAN_POINT('',(3528.06371923,530.375999989,-2.7466662339));
#1935 = CARTESIAN_POINT('',(3528.01743694,528.797848323,-2.87642378983));
#1936 = CARTESIAN_POINT('',(3527.94801361,526.430624539,-3.07105981817));
#1937 = CARTESIAN_POINT('',(3527.85544913,523.274325021,-3.3305746164));
#1938 = CARTESIAN_POINT('',(3527.78602577,520.907100057,-3.52521074174));
#1939 = CARTESIAN_POINT('',(3527.7166024,518.539875032,-3.71984687218));
#1940 = CARTESIAN_POINT('',(3527.64717903,516.172649649,-3.91448303205));
#1941 = CARTESIAN_POINT('',(3527.57775565,513.805424311,-4.10911918819));
#1942 = CARTESIAN_POINT('',(3527.50833231,511.438200078,-4.30375525349));
#1943 = CARTESIAN_POINT('',(3527.43890895,509.070975124,-4.49839137804));
#1944 = CARTESIAN_POINT('',(3527.36948558,506.703750162,-4.69302750329));
#1945 = CARTESIAN_POINT('',(3527.30006222,504.336525159,-4.88766363188));
#1946 = CARTESIAN_POINT('',(3527.23063885,501.969300016,-5.08229977197));
#1947 = CARTESIAN_POINT('',(3527.16121548,499.602074921,-5.27693590817));
#1948 = CARTESIAN_POINT('',(3527.09179212,497.234850237,-5.4715720106));
#1949 = CARTESIAN_POINT('',(3527.02236876,494.86762544,-5.66620812226));
#1950 = CARTESIAN_POINT('',(3526.95294546,492.500402464,-5.86084408414));
#1951 = CARTESIAN_POINT('',(3526.86038109,489.344106723,-6.12035857176));
#1952 = CARTESIAN_POINT('',(3526.79095751,486.976874295,-6.31499531085));
#1953 = CARTESIAN_POINT('',(3526.7446753,485.398725313,-6.44475264613));
#1954 = B_SPLINE_SURFACE_WITH_KNOTS('',3,3,((#994,#995,#996,#997,#998,#999,#1000,#1001,#1002,#1003,#1004,#1005,#1006,#1007,#1008,#1009,#1010,#1011,#1012,#1013),(#1014,#1015,#1016,#1017,#1018,#1019,#1020,#1021,#1022,#1023,#1024,#1025,#1026,#1027,#1028,
#1029,#1030,#1031,#1032,#1033),(#1034,#1035,#1036,#1037,#1038,#1039,#1040,#1041,#1042,#1043,#1044,#1045,#1046,#1047,#1048,#1049,#1050,#1051,#1052,#1053),(#1054,#1055,#1056,#1057,#1058,#1059,#1060,#1061,#1062,#1063,#1064,#1065,#1066,#1067,#1068,#1069,
#1070,#1071,#1072,#1073),(#1074,#1075,#1076,#1077,#1078,#1079,#1080,#1081,#1082,#1083,#1084,#1085,#1086,#1087,#1088,#1089,#1090,#1091,#1092,#1093),(#1094,#1095,#1096,#1097,#1098,#1099,#1100,#1101,#1102,#1103,#1104,#1105,#1106,#1107,#1108,#1109,#1110,
#1111,#1112,#1113),(#1114,#1115,#1116,#1117,#1118,#1119,#1120,#1121,#1122,#1123,#1124,#1125,#1126,#1127,#1128,#1129,#1130,#1131,#1132,#1133),(#1134,#1135,#1136,#1137,#1138,#1139,#1140,#1141,#1142,#1143,#1144,#1145,#1146,#1147,#1148,#1149,#1150,#1151,
#1152,#1153),(#1154,#1155,#1156,#1157,#1158,#1159,#1160,#1161,#1162,#1163,#1164,#1165,#1166,#1167,#1168,#1169,#1170,#1171,#1172,#1173),(#1174,#1175,#1176,#1177,#1178,#1179,#1180,#1181,#1182,#1183,#1184,#1185,#1186,#1187,#1188,#1189,#1190,#1191,#1192,
#1193),(#1194,#1195,#1196,#1197,#1198,#1199,#1200,#1201,#1202,#1203,#1204,#1205,#1206,#1207,#1208,#1209,#1210,#1211,#1212,#1213),(#1214,#1215,#1216,#1217,#1218,#1219,#1220,#1221,#1222,#1223,#1224,#1225,#1226,#1227,#1228,#1229,#1230,#1231,#1232,#1233),
(#1234,#1235,#1236,#1237,#1238,#1239,#1240,#1241,#1242,#1243,#1244,#1245,#1246,#1247,#1248,#1249,#1250,#1251,#1252,#1253),(#1254,#1255,#1256,#1257,#1258,#1259,#1260,#1261,#1262,#1263,#1264,#1265,#1266,#1267,#1268,#1269,#1270,#1271,#1272,#1273),(#1274,
#1275,#1276,#1277,#1278,#1279,#1280,#1281,#1282,#1283,#1284,#1285,#1286,#1287,#1288,#1289,#1290,#1291,#1292,#1293),(#1294,#1295,#1296,#1297,#1298,#1299,#1300,#1301,#1302,#1303,#1304,#1305,#1306,#1307,#1308,#1309,#1310,#1311,#1312,#1313),(#1314,#1315,
#1316,#1317,#1318,#1319,#1320,#1321,#1322,#1323,#1324,#1325,#1326,#1327,#1328,#1329,#1330,#1331,#1332,#1333),(#1334,#1335,#1336,#1337,#1338,#1339,#1340,#1341,#1342,#1343,#1344,#1345,#1346,#1347,#1348,#1349,#1350,#1351,#1352,#1353),(#1354,#1355,#1356,
#1357,#1358,#1359,#1360,#1361,#1362,#1363,#1364,#1365,#1366,#1367,#1368,#1369,#1370,#1371,#1372,#1373),(#1374,#1375,#1376,#1377,#1378,#1379,#1380,#1381,#1382,#1383,#1384,#1385,#1386,#1387,#1388,#1389,#1390,#1391,#1392,#1393),(#1394,#1395,#1396,#1397,
#1398,#1399,#1400,#1401,#1402,#1403,#1404,#1405,#1406,#1407,#1408,#1409,#1410,#1411,#1412,#1413),(#1414,#1415,#1416,#1417,#1418,#1419,#1420,#1421,#1422,#1423,#1424,#1425,#1426,#1427,#1428,#1429,#1430,#1431,#1432,#1433),(#1434,#1435,#1436,#1437,#1438,
#1439,#1440,#1441,#1442,#1443,#1444,#1445,#1446,#1447,#1448,#1449,#1450,#1451,#1452,#1453),(#1454,#1455,#1456,#1457,#1458,#1459,#1460,#1461,#1462,#1463,#1464,#1465,#1466,#1467,#1468,#1469,#1470,#1471,#1472,#1473),(#1474,#1475,#1476,#1477,#1478,#1479,
#1480,#1481,#1482,#1483,#1484,#1485,#1486,#1487,#1488,#1489,#1490,#1491,#1492,#1493),(#1494,#1495,#1496,#1497,#1498,#1499,#1500,#1501,#1502,#1503,#1504,#1505,#1506,#1507,#1508,#1509,#1510,#1511,#1512,#1513),(#1514,#1515,#1516,#1517,#1518,#1519,#1520,
#1521,#1522,#1523,#1524,#1525,#1526,#1527,#1528,#1529,#1530,#1531,#1532,#1533),(#1534,#1535,#1536,#1537,#1538,#1539,#1540,#1541,#1542,#1543,#1544,#1545,#1546,#1547,#1548,#1549,#1550,#1551,#1552,#1553),(#1554,#1555,#1556,#1557,#1558,#1559,#1560,#1561,
#1562,#1563,#1564,#1565,#1566,#1567,#1568,#1569,#1570,#1571,#1572,#1573),(#1574,#1575,#1576,#1577,#1578,#1579,#1580,#1581,#1582,#1583,#1584,#1585,#1586,#1587,#1588,#1589,#1590,#1591,#1592,#1593),(#1594,#1595,#1596,#1597,#1598,#1599,#1600,#1601,#1602,
#1603,#1604,#1605,#1606,#1607,#1608,#1609,#1610,#1611,#1612,#1613),(#1614,#1615,#1616,#1617,#1618,#1619,#1620,#1621,#1622,#1623,#1624,#1625,#1626,#1627,#1628,#1629,#1630,#1631,#1632,#1633),(#1634,#1635,#1636,#1637,#1638,#1639,#1640,#1641,#1642,#1643,
#1644,#1645,#1646,#1647,#1648,#1649,#1650,#1651,#1652,#1653),(#1654,#1655,#1656,#1657,#1658,#1659,#1660,#1661,#1662,#1663,#1664,#1665,#1666,#1667,#1668,#1669,#1670,#1671,#1672,#1673),(#1674,#1675,#1676,#1677,#1678,#1679,#1680,#1681,#1682,#1683,#1684,
#1685,#1686,#1687,#1688,#1689,#1690,#1691,#1692,#1693),(#1694,#1695,#1696,#1697,#1698,#1699,#1700,#1701,#1702,#1703,#1704,#1705,#1706,#1707,#1708,#1709,#1710,#1711,#1712,#1713),(#1714,#1715,#1716,#1717,#1718,#1719,#1720,#1721,#1722,#1723,#1724,#1725,
#1726,#1727,#1728,#1729,#1730,#1731,#1732,#1733),(#1734,#1735,#1736,#1737,#1738,#1739,#1740,#1741,#1742,#1743,#1744,#1745,#1746,#1747,#1748,#1749,#1750,#1751,#1752,#1753),(#1754,#1755,#1756,#1757,#1758,#1759,#1760,#1761,#1762,#1763,#1764,#1765,#1766,
#1767,#1768,#1769,#1770,#1771,#1772,#1773),(#1774,#1775,#1776,#1777,#1778,#1779,#1780,#1781,#1782,#1783,#1784,#1785,#1786,#1787,#1788,#1789,#1790,#1791,#1792,#1793),(#1794,#1795,#1796,#1797,#1798,#1799,#1800,#1801,#1802,#1803,#1804,#1805,#1806,#1807,
#1808,#1809,#1810,#1811,#1812,#1813),(#1814,#1815,#1816,#1817,#1818,#1819,#1820,#1821,#1822,#1823,#1824,#1825,#1826,#1827,#1828,#1829,#1830,#1831,#1832,#1833),(#1834,#1835,#1836,#1837,#1838,#1839,#1840,#1841,#1842,#1843,#1844,#1845,#1846,#1847,#1848,
#1849,#1850,#1851,#1852,#1853),(#1854,#1855,#1856,#1857,#1858,#1859,#1860,#1861,#1862,#1863,#1864,#1865,#1866,#1867,#1868,#1869,#1870,#1871,#1872,#1873),(#1874,#1875,#1876,#1877,#1878,#1879,#1880,#1881,#1882,#1883,#1884,#1885,#1886,#1887,#1888,#1889,
#1890,#1891,#1892,#1893),(#1894,#1895,#1896,#1897,#1898,#1899,#1900,#1901,#1902,#1903,#1904,#1905,#1906,#1907,#1908,#1909,#1910,#1911,#1912,#1913),(#1914,#1915,#1916,#1917,#1918,#1919,#1920,#1921,#1922,#1923,#1924,#1925,#1926,#1927,#1928,#1929,#1930,
#1931,#1932,#1933),(#1934,#1935,#1936,#1937,#1938,#1939,#1940,#1941,#1942,#1943,#1944,#1945,#1946,#1947,#1948,#1949,#1950,#1951,#1952,#1953)),.UNSPECIFIED.,.F.,.F.,.F.,(4,1,1,1,1,1,1,1,1,1,1,1,1,1,1,1,1,1,1,1,1,1,1,1,1,1,1,1,1,1,1,1,1,1,1,1,1,1,1,1,1,
1,1,1,1,4),(4,1,1,1,1,1,1,1,1,1,1,1,1,1,1,1,1,4),(0.,0.0318239518643,0.0479160846625,0.0642311528261,0.0808529568627,0.097870334591,0.115375419081,0.133461037419,0.152217825019,0.171789047782,0.192203156262,0.213425483526,0.235304362748,
0.257740557003,0.280638317511,0.303905045955,0.327450710977,0.351187166162,0.375027427306,0.398884923863,0.422672717148,0.446287525972,0.469676338804,0.4928209168,0.515753772878,0.538491814112,0.561052358813,0.58345310759,0.605712110566,
0.627847730986,0.649878605546,0.671823601853,0.693701773493,0.715532313235,0.737334504953,0.759127674856,0.780930076509,0.802753596379,0.824602688814,0.846475461987,0.868368959517,0.890280228889,0.912206321085,0.934144290206,0.956091193086,1.),(0.,
0.105263113011,0.15789468919,0.210526265368,0.263157841546,0.31578942184,0.36842101412,0.421052618386,0.473684230523,0.52631584266,0.578947454797,0.631579068619,0.6842106869,0.736842309642,0.789473935159,0.842105540671,0.894737083865,1.),
.UNSPECIFIED.);
#1955 = B_SPLINE_CURVE_WITH_KNOTS('',3,(#994,#995,#996,#997,#998,#999,#1000,#1001,#1002,#1003,#1004,#1005,#1006,#1007,#1008,#1009,#1010,#1011,#1012,#1013),.UNSPECIFIED.,.F.,.F.,(4,1,1,1,1,1,1,1,1,1,1,1,1,1,1,1,1,4),(0.,0.105263113011,0.15789468919,
0.210526265368,0.263157841546,0.31578942184,0.36842101412,0.421052618386,0.473684230523,0.52631584266,0.578947454797,0.631579068619,0.6842106869,0.736842309642,0.789473935159,0.842105540671,0.894737083865,1.),.UNSPECIFIED.);
#1956 = B_SPLINE_CURVE_WITH_KNOTS('',3,(#1934,#1935,#1936,#1937,#1938,#1939,#1940,#1941,#1942,#1943,#1944,#1945,#1946,#1947,#1948,#1949,#1950,#1951,#1952,#1953),.UNSPECIFIED.,.F.,.F.,(4,1,1,1,1,1,1,1,1,1,1,1,1,1,1,1,1,4),(0.,0.105263113011,
0.15789468919,0.210526265368,0.263157841546,0.31578942184,0.36842101412,0.421052618386,0.473684230523,0.52631584266,0.578947454797,0.631579068619,0.6842106869,0.736842309642,0.789473935159,0.842105540671,0.894737083865,1.),.UNSPECIFIED.);
#1957 = B_SPLINE_CURVE_WITH_KNOTS('',3,(#994,#1014,#1034,#1054,#1074,#1094,#1114,#1134,#1154,#1174,#1194,#1214,#1234,#1254,#1274,#1294,#1314,#1334,#1354,#1374,#1394,#1414,#1434,#1454,#1474,#1494,#1514,#1534,#1554,#1574,#1594,#1614,#1634,#1654,#1674,
#1694,#1714,#1734,#1754,#1774,#1794,#1814,#1834,#1854,#1874,#1894,#1914,#1934),.UNSPECIFIED.,.F.,.F.,(4,1,1,1,1,1,1,1,1,1,1,1,1,1,1,1,1,1,1,1,1,1,1,1,1,1,1,1,1,1,1,1,1,1,1,1,1,1,1,1,1,1,1,1,1,4),(0.,0.0318239518643,0.0479160846625,0.0642311528261,
0.0808529568627,0.097870334591,0.115375419081,0.133461037419,0.152217825019,0.171789047782,0.192203156262,0.213425483526,0.235304362748,0.257740557003,0.280638317511,0.303905045955,0.327450710977,0.351187166162,0.375027427306,0.398884923863,
0.422672717148,0.446287525972,0.469676338804,0.4928209168,0.515753772878,0.538491814112,0.561052358813,0.58345310759,0.605712110566,0.627847730986,0.649878605546,0.671823601853,0.693701773493,0.715532313235,0.737334504953,0.759127674856,
0.780930076509,0.802753596379,0.824602688814,0.846475461987,0.868368959517,0.890280228889,0.912206321085,0.934144290206,0.956091193086,1.),.UNSPECIFIED.);
#1958 = B_SPLINE_CURVE_WITH_KNOTS('',3,(#1013,#1033,#1053,#1073,#1093,#1113,#1133,#1153,#1173,#1193,#1213,#1233,#1253,#1273,#1293,#1313,#1333,#1353,#1373,#1393,#1413,#1433,#1453,#1473,#1493,#1513,#1533,#1553,#1573,#1593,#1613,#1633,#1653,#1673,#1693,
#1713,#1733,#1753,#1773,#1793,#1813,#1833,#1853,#1873,#1893,#1913,#1933,#1953),.UNSPECIFIED.,.F.,.F.,(4,1,1,1,1,1,1,1,1,1,1,1,1,1,1,1,1,1,1,1,1,1,1,1,1,1,1,1,1,1,1,1,1,1,1,1,1,1,1,1,1,1,1,1,1,4),(0.,0.0318239518643,0.0479160846625,0.0642311528261,
0.0808529568627,0.097870334591,0.115375419081,0.133461037419,0.152217825019,0.171789047782,0.192203156262,0.213425483526,0.235304362748,0.257740557003,0.280638317511,0.303905045955,0.327450710977,0.351187166162,0.375027427306,0.398884923863,
0.422672717148,0.446287525972,0.469676338804,0.4928209168,0.515753772878,0.538491814112,0.561052358813,0.58345310759,0.605712110566,0.627847730986,0.649878605546,0.671823601853,0.693701773493,0.715532313235,0.737334504953,0.759127674856,
0.780930076509,0.802753596379,0.824602688814,0.846475461987,0.868368959517,0.890280228889,0.912206321085,0.934144290206,0.956091193086,1.),.UNSPECIFIED.);
#1959 = VERTEX_POINT('',#994);
#1960 = VERTEX_POINT('',#1934);
#1961 = VERTEX_POINT('',#1953);
#1962 = VERTEX_POINT('',#1013);
#1963 = EDGE_CURVE('',#1959,#1960,#1957,.T.);
#1964 = ORIENTED_EDGE('',*,*,#1963,.T.);
#1965 = EDGE_CURVE('',#1960,#1961,#1956,.T.);
#1966 = ORIENTED_EDGE('',*,*,#1965,.T.);
#1967 = EDGE_CURVE('',#1962,#1961,#1958,.T.);
#1968 = ORIENTED_EDGE('',*,*,#1967,.F.);
#1969 = EDGE_CURVE('',#1959,#1962,#1955,.T.);
#1970 = ORIENTED_EDGE('',*,*,#1969,.F.);
#1971 = EDGE_LOOP('',(#1964,#1966,#1968,#1970));
#1972 = FACE_OUTER_BOUND('',#1971,.T.);
#1973 = ADVANCED_FACE('',(#1972),#1954,.T.);
#1974 = CARTESIAN_POINT('',(-211.043401408,0.,190.917272932));
#1975 = CARTESIAN_POINT('',(-206.084467092,0.,180.082829885));
#1976 = CARTESIAN_POINT('',(-198.628413566,0.,163.836145753));
#1977 = CARTESIAN_POINT('',(-188.510886071,0.,142.257696831));
#1978 = CARTESIAN_POINT('',(-180.771938056,0.,126.146922042));
#1979 = CARTESIAN_POINT('',(-172.879437871,0.,110.110164448));
#1980 = CARTESIAN_POINT('',(-164.792570545,0.,94.1699146351));
#1981 = CARTESIAN_POINT('',(-156.421834301,0.,78.3763008384));
#1982 = CARTESIAN_POINT('',(-147.794597133,0.,62.7196160064));
#1983 = CARTESIAN_POINT('',(-138.864736883,0.,47.2189646531));
#1984 = CARTESIAN_POINT('',(-129.518250357,0.,32.0061206889));
#1985 = CARTESIAN_POINT('',(-119.812147672,0.,17.0114464995));
#1986 = CARTESIAN_POINT('',(-109.669220078,0.,2.30390067486));
#1987 = CARTESIAN_POINT('',(-98.9368749779,0.,-12.0034259104));
#1988 = CARTESIAN_POINT('',(-87.7674705866,0.,-25.9585452537));
#1989 = CARTESIAN_POINT('',(-75.9303890675,0.,-39.3534495085));
#1990 = CARTESIAN_POINT('',(-63.4818355997,0.,-52.1802772559));
#1991 = CARTESIAN_POINT('',(-46.0728537924,0.,-68.4525406416));
#1992 = CARTESIAN_POINT('',(-31.8282113072,0.,-79.3149132164));
#1993 = CARTESIAN_POINT('',(-22.0067128748,0.,-86.0731304581));
#1994 = CARTESIAN_POINT('',(-189.701809888,18.8093574696,187.401064517));
#1995 = CARTESIAN_POINT('',(-184.871275659,17.8853736907,176.738381828));
#1996 = CARTESIAN_POINT('',(-177.609232878,16.4993426791,160.748342549));
#1997 = CARTESIAN_POINT('',(-167.765132319,14.673846425,139.46993399));
#1998 = CARTESIAN_POINT('',(-160.243876008,13.3229077457,123.550536663));
#1999 = CARTESIAN_POINT('',(-152.581869175,11.9969666427,107.662226359));
#2000 = CARTESIAN_POINT('',(-144.741715563,10.7028120133,91.817973336));
#2001 = CARTESIAN_POINT('',(-136.641379329,9.4520145575,76.0513676805));
#2002 = CARTESIAN_POINT('',(-128.305906347,8.2528670508,60.3474568243));
#2003 = CARTESIAN_POINT('',(-119.692795096,7.11739039618,44.7140624874));
#2004 = CARTESIAN_POINT('',(-110.69865979,6.06354159302,29.2676632181));
#2005 = CARTESIAN_POINT('',(-101.374728618,5.09991868613,13.9394165264));
#2006 = CARTESIAN_POINT('',(-91.6503952063,4.24126297267,-1.2081121374));
#2007 = CARTESIAN_POINT('',(-81.385360071,3.46666797789,-16.0493950317));
#2008 = CARTESIAN_POINT('',(-70.7200286999,2.77268579086,-30.6168124146));
#2009 = CARTESIAN_POINT('',(-59.4427658799,2.14181897687,-44.7064671423));
#2010 = CARTESIAN_POINT('',(-47.6050616665,1.56152218618,-58.3022341604));
#2011 = CARTESIAN_POINT('',(-31.0784224779,0.840589497637,-75.6943005742));
#2012 = CARTESIAN_POINT('',(-17.5944456077,0.336088734449,-87.5269145359));
#2013 = CARTESIAN_POINT('',(-8.30693279161,0.,-94.9735107463));
#2014 = CARTESIAN_POINT('',(-157.562431913,47.0984225001,182.109442224));
#2015 = CARTESIAN_POINT('',(-152.894652526,44.7850522043,171.772295939));
#2016 = CARTESIAN_POINT('',(-145.87885624,41.3148580885,156.269079535));
#2017 = CARTESIAN_POINT('',(-136.385259945,36.7443619031,135.576399745));
#2018 = CARTESIAN_POINT('',(-129.145862134,33.362002225,120.045710186));
#2019 = CARTESIAN_POINT('',(-121.784959718,30.0422101383,104.481585715));
#2020 = CARTESIAN_POINT('',(-114.270297811,26.8019779268,88.8826844558));
#2021 = CARTESIAN_POINT('',(-106.531065251,23.670266436,73.2577392161));
#2022 = CARTESIAN_POINT('',(-98.5888125514,20.6678319634,57.5839229187));
#2023 = CARTESIAN_POINT('',(-90.4064575796,17.8247616365,41.8521528685));
#2024 = CARTESIAN_POINT('',(-81.8966949297,15.1860033092,26.155654216));
#2025 = CARTESIAN_POINT('',(-73.1019509614,12.7730753434,10.4270223208));
#2026 = CARTESIAN_POINT('',(-63.9615628515,10.6228747271,-5.2808212238));
#2027 = CARTESIAN_POINT('',(-54.3536669759,8.68307259096,-20.8235770764));
#2028 = CARTESIAN_POINT('',(-44.4007787834,6.94504082494,-36.2102378433));
#2029 = CARTESIAN_POINT('',(-33.9197754956,5.36498361161,-51.243295925));
#2030 = CARTESIAN_POINT('',(-22.9550553683,3.91150053104,-65.8932166756));
#2031 = CARTESIAN_POINT('',(-7.69446956078,2.10567012156,-84.8368687726));
#2032 = CARTESIAN_POINT('',(4.69128213313,0.841900327449,-98.0129700747));
#2033 = CARTESIAN_POINT('',(13.2062648143,0.,-106.926979641));
#2034 = CARTESIAN_POINT('',(-112.536108235,83.707700856,174.99207243));
#2035 = CARTESIAN_POINT('',(-108.110592356,79.6188536947,165.192632386));
#2036 = CARTESIAN_POINT('',(-101.460881587,73.4853287644,150.494142152));
#2037 = CARTESIAN_POINT('',(-92.4835285657,65.4056580491,130.79568175));
#2038 = CARTESIAN_POINT('',(-85.6553898544,59.4252378231,115.947762763));
#2039 = CARTESIAN_POINT('',(-78.7301663587,53.5538668958,100.986290304));
#2040 = CARTESIAN_POINT('',(-71.6821247238,47.8211643763,85.8921212126));
#2041 = CARTESIAN_POINT('',(-64.4546954916,42.2776066908,70.6430366513));
#2042 = CARTESIAN_POINT('',(-57.0649992275,36.9593636154,55.2065171782));
#2043 = CARTESIAN_POINT('',(-49.4828582576,31.9188300713,39.5525623537));
#2044 = CARTESIAN_POINT('',(-41.6412308543,27.234567312,23.744753759));
#2045 = CARTESIAN_POINT('',(-33.5715044186,22.9438769484,7.71806731515));
#2046 = CARTESIAN_POINT('',(-25.2256120593,19.111100176,-8.48682595352));
#2047 = CARTESIAN_POINT('',(-16.5051359059,15.6449419076,-24.7027199585));
#2048 = CARTESIAN_POINT('',(-7.50979795876,12.5305157936,-40.9096678525));
#2049 = CARTESIAN_POINT('',(1.90731648201,9.69143458939,-56.9190248987));
#2050 = CARTESIAN_POINT('',(11.7108037836,7.07296414595,-72.6838581188));
#2051 = CARTESIAN_POINT('',(25.2935977426,3.81203380144,-93.3013530079));
#2052 = CARTESIAN_POINT('',(36.2323332406,1.52420349668,-107.946872505));
#2053 = CARTESIAN_POINT('',(43.7313746893,0.,-118.979236967));
#2054 = CARTESIAN_POINT('',(-76.4743395032,110.871377279,169.502966968));
#2055 = CARTESIAN_POINT('',(-72.2848773891,105.482562589,160.133121552));
#2056 = CARTESIAN_POINT('',(-65.9912150426,97.398994723,146.077716617));
#2057 = CARTESIAN_POINT('',(-57.5090207357,86.7489001519,127.180794697));
#2058 = CARTESIAN_POINT('',(-51.0697364754,78.8645618558,112.889363868));
#2059 = CARTESIAN_POINT('',(-44.551112561,71.1221101832,98.4275387467));
#2060 = CARTESIAN_POINT('',(-37.9321512703,63.5600871166,83.7635282007));
#2061 = CARTESIAN_POINT('',(-31.1666312734,56.2441692749,68.8530859151));
#2062 = CARTESIAN_POINT('',(-24.2684625463,49.221410228,53.6568772982));
#2063 = CARTESIAN_POINT('',(-17.2125319514,42.559928942,38.1300760481));
#2064 = CARTESIAN_POINT('',(-9.9462884323,36.3622097149,22.3148358857));
#2065 = CARTESIAN_POINT('',(-2.49331436012,30.6765434355,6.1480958564));
#2066 = CARTESIAN_POINT('',(5.18533892173,25.5866857065,-10.3383561478));
#2067 = CARTESIAN_POINT('',(13.1709617561,20.9737405634,-26.9614705797));
#2068 = CARTESIAN_POINT('',(21.3805532095,16.8185221945,-43.6807284779));
#2069 = CARTESIAN_POINT('',(29.9346653206,13.0215744247,-60.3144465935));
#2070 = CARTESIAN_POINT('',(38.804424403,9.51167378192,-76.8032340838));
#2071 = CARTESIAN_POINT('',(51.04821438,5.13159110352,-98.521725487));
#2072 = CARTESIAN_POINT('',(60.8455677887,2.05188003921,-114.145362138));
#2073 = CARTESIAN_POINT('',(67.5463884875,0.,-126.733919284));
#2074 = CARTESIAN_POINT('',(-37.6262627788,137.4307219,163.854471122));
#2075 = CARTESIAN_POINT('',(-33.7523160563,130.794421967,154.925781702));
#2076 = CARTESIAN_POINT('',(-27.9338143069,120.839528608,141.530895462));
#2077 = CARTESIAN_POINT('',(-20.1045383585,107.721304566,123.463426989));
#2078 = CARTESIAN_POINT('',(-14.1715253024,98.0076213613,109.753100558));
#2079 = CARTESIAN_POINT('',(-8.17601731684,88.465697303,95.8203337314));
#2080 = CARTESIAN_POINT('',(-2.10150689792,79.1421952604,81.6217215327));
#2081 = CARTESIAN_POINT('',(4.08840556734,70.1166201907,67.0927505071));
#2082 = CARTESIAN_POINT('',(10.3828448072,61.4459193659,52.1879309683));
#2083 = CARTESIAN_POINT('',(16.8020443592,53.2124660465,36.8488562823));
#2084 = CARTESIAN_POINT('',(23.3851569273,45.5407637325,21.0976058805));
#2085 = CARTESIAN_POINT('',(30.1156790247,38.4888634984,4.8732045932));
#2086 = CARTESIAN_POINT('',(37.0239568298,32.1582217835,-11.800952188));
#2087 = CARTESIAN_POINT('',(44.1748847469,26.4047298225,-28.7279105389));
#2088 = CARTESIAN_POINT('',(51.5015748748,21.205463682,-45.8482239057));
#2089 = CARTESIAN_POINT('',(59.099475984,16.4399180571,-62.987470387));
#2090 = CARTESIAN_POINT('',(66.9459036003,12.0218619308,-80.0750108443));
#2091 = CARTESIAN_POINT('',(77.7360769706,6.49410843554,-102.718886894));
#2092 = CARTESIAN_POINT('',(86.3130061121,2.59678904903,-119.182098199));
#2093 = CARTESIAN_POINT('',(92.164731413,0.,-133.12899259));
#2094 = CARTESIAN_POINT('',(4.72561057217,163.245748561,158.004009138));
#2095 = CARTESIAN_POINT('',(8.17111121685,155.427075892,149.510922802));
#2096 = CARTESIAN_POINT('',(13.3451529914,143.698518271,136.76835744));
#2097 = CARTESIAN_POINT('',(20.2970935937,128.239060619,119.525191769));
#2098 = CARTESIAN_POINT('',(25.5566467519,116.78852684,106.396784643));
#2099 = CARTESIAN_POINT('',(30.8629685119,105.535928277,92.9998447034));
#2100 = CARTESIAN_POINT('',(36.2283817868,94.5350488277,79.2806667522));
#2101 = CARTESIAN_POINT('',(41.6801185389,83.8775113094,65.1566583987));
#2102 = CARTESIAN_POINT('',(47.2101177128,73.6289225525,50.5769882542));
#2103 = CARTESIAN_POINT('',(52.8339517438,63.8840762254,35.4712368847));
#2104 = CARTESIAN_POINT('',(58.5787873256,54.7871025743,19.8430509309));
#2105 = CARTESIAN_POINT('',(64.4342465312,46.4043114492,3.63373036185));
#2106 = CARTESIAN_POINT('',(70.4227219456,38.8527160904,-13.141116991));
#2107 = CARTESIAN_POINT('',(76.5935993484,31.9659731015,-30.2730746599));
#2108 = CARTESIAN_POINT('',(82.8953860441,25.7181203081,-47.6857817117));
#2109 = CARTESIAN_POINT('',(89.3999796502,19.9701205263,-65.2124087703));
#2110 = CARTESIAN_POINT('',(96.0904602134,14.622581947,-82.7728223374));
#2111 = CARTESIAN_POINT('',(105.256244344,7.91097192312,-106.162474923));
#2112 = CARTESIAN_POINT('',(112.493255389,3.1634970881,-123.326099911));
#2113 = CARTESIAN_POINT('',(117.41847226,0.,-138.280638324));
#2114 = CARTESIAN_POINT('',(51.2053909387,188.159534396,151.917993729));
#2115 = CARTESIAN_POINT('',(54.0884127785,179.236576171,143.828966192));
#2116 = CARTESIAN_POINT('',(58.4170613505,165.851476191,131.691469539));
#2117 = CARTESIAN_POINT('',(64.2253292618,148.202992594,115.216671857));
#2118 = CARTESIAN_POINT('',(68.6130141191,135.126573554,102.633462798));
#2119 = CARTESIAN_POINT('',(73.0330792829,122.269861443,89.7428079381));
#2120 = CARTESIAN_POINT('',(77.4940286622,109.692569724,76.4821748011));
#2121 = CARTESIAN_POINT('',(82.0147090672,97.4964013432,62.7535205476));
#2122 = CARTESIAN_POINT('',(86.5896100235,85.7541510033,48.501665518));
#2123 = CARTESIAN_POINT('',(91.2299051186,74.5708527222,33.6459034291));
#2124 = CARTESIAN_POINT('',(95.9524605391,64.1074895516,18.1739783033));
#2125 = CARTESIAN_POINT('',(100.751887259,54.436716794,2.02918084716));
#2126 = CARTESIAN_POINT('',(105.64339996,45.688580097,-14.7798735045));
#2127 = CARTESIAN_POINT('',(110.661938983,37.6780457321,-32.0362656578));
#2128 = CARTESIAN_POINT('',(115.770545214,30.3769491665,-49.6490659454));
#2129 = CARTESIAN_POINT('',(121.019422963,23.630723828,-67.4594023968));
#2130 = CARTESIAN_POINT('',(126.396908815,17.3290201951,-85.3799203849));
#2131 = CARTESIAN_POINT('',(133.736141709,9.39139900633,-109.350209002));
#2132 = CARTESIAN_POINT('',(139.491885368,3.75570253796,-127.088010261));
#2133 = CARTESIAN_POINT('',(143.399053091,0.,-142.565489638));
#2134 = CARTESIAN_POINT('',(102.877823319,212.115453546,145.518430672));
#2135 = CARTESIAN_POINT('',(104.984933436,202.176493039,137.797081026));
#2136 = CARTESIAN_POINT('',(108.148159328,187.267264392,126.210502853));
#2137 = CARTESIAN_POINT('',(112.387864368,167.601653382,110.439474348));
#2138 = CARTESIAN_POINT('',(115.586563899,153.024519306,98.3605402369));
#2139 = CARTESIAN_POINT('',(118.804788201,138.683681086,85.9433413575));
#2140 = CARTESIAN_POINT('',(122.047644327,124.643380287,73.1186198598));
#2141 = CARTESIAN_POINT('',(125.326491189,111.013000843,59.7758836863));
#2142 = CARTESIAN_POINT('',(128.63805839,97.8707981013,45.8566652528));
#2143 = CARTESIAN_POINT('',(131.989373903,85.3294598026,31.2724844631));
#2144 = CARTESIAN_POINT('',(135.389168078,73.5632586416,15.9962441885));
#2145 = CARTESIAN_POINT('',(138.835522481,62.6494331205,-0.0254274861806));
#2146 = CARTESIAN_POINT('',(142.337397246,52.7279713248,-16.7902252546));
#2147 = CARTESIAN_POINT('',(145.916415137,43.5993341468,-34.076159343));
#2148 = CARTESIAN_POINT('',(149.549321073,35.2341347309,-51.780497349));
#2149 = CARTESIAN_POINT('',(153.266703009,27.4657961283,-69.752739734));
#2150 = CARTESIAN_POINT('',(157.061566004,20.1755928089,-87.9011942334));
#2151 = CARTESIAN_POINT('',(162.223088278,10.9553459897,-112.257910822));
#2152 = CARTESIAN_POINT('',(166.245935455,4.38140227769,-130.425288405));
#2153 = CARTESIAN_POINT('',(168.97033777,0.,-145.748433769));
#2154 = CARTESIAN_POINT('',(160.94985276,235.394148677,138.683217236));
#2155 = CARTESIAN_POINT('',(162.221591839,224.519508175,131.263229809));
#2156 = CARTESIAN_POINT('',(164.130352871,208.206620245,120.127133753));
#2157 = CARTESIAN_POINT('',(166.684489195,186.679695822,104.93653794));
#2158 = CARTESIAN_POINT('',(168.607917535,170.714825248,93.2715583439));
#2159 = CARTESIAN_POINT('',(170.539491616,154.997477545,81.2471474739));
#2160 = CARTESIAN_POINT('',(172.4813201,139.594971605,68.7879860073));
#2161 = CARTESIAN_POINT('',(174.438136185,124.621895524,55.7745136642));
#2162 = CARTESIAN_POINT('',(176.408631187,110.160157261,42.1465168359));
#2163 = CARTESIAN_POINT('',(178.39604654,96.3274874755,27.8083460346));
#2164 = CARTESIAN_POINT('',(180.402491338,83.3090548186,12.726750341));
#2165 = CARTESIAN_POINT('',(182.428582751,71.1828137896,-3.15366181909));
#2166 = CARTESIAN_POINT('',(184.47783098,60.0959898243,-19.8352801187));
#2167 = CARTESIAN_POINT('',(186.5598474,49.8387705816,-37.09505045));
#2168 = CARTESIAN_POINT('',(188.663897637,40.3816428307,-54.8211373767));
#2169 = CARTESIAN_POINT('',(190.803079116,31.5496916137,-72.8720593754));
#2170 = CARTESIAN_POINT('',(192.974513905,23.2185264565,-91.1548955922));
#2171 = CARTESIAN_POINT('',(195.911817851,12.6343413201,-115.754807613));
#2172 = CARTESIAN_POINT('',(198.178262478,5.05321793037,-134.247909425));
#2173 = CARTESIAN_POINT('',(199.707269518,0.,-148.697946937));
#2174 = CARTESIAN_POINT('',(236.468329364,260.35008733,130.314922525));
#2175 = CARTESIAN_POINT('',(235.739184646,248.559454958,123.164956044));
#2176 = CARTESIAN_POINT('',(234.645070767,230.872400305,112.437516078));
#2177 = CARTESIAN_POINT('',(233.183841627,207.516818166,97.7726212147));
#2178 = CARTESIAN_POINT('',(232.08584537,190.183323465,86.5093633206));
#2179 = CARTESIAN_POINT('',(230.985621602,173.101126481,74.8721069042));
#2180 = CARTESIAN_POINT('',(229.882615063,156.338619317,62.7873175166));
#2181 = CARTESIAN_POINT('',(228.775537002,140.012128244,50.1292475513));
#2182 = CARTESIAN_POINT('',(227.664691165,124.204784475,36.8360476754));
#2183 = CARTESIAN_POINT('',(226.548890676,109.035312898,22.8148342943));
#2184 = CARTESIAN_POINT('',(225.429047978,94.6908974021,8.00175901283));
#2185 = CARTESIAN_POINT('',(224.303617462,81.253989449,-7.63606284468));
#2186 = CARTESIAN_POINT('',(223.171860661,68.8730506159,-24.1083746874));
#2187 = CARTESIAN_POINT('',(222.030575872,57.3341080444,-41.1958573822));
#2188 = CARTESIAN_POINT('',(220.883701196,46.6090412659,-58.7812303876));
#2189 = CARTESIAN_POINT('',(219.727328576,36.5194109939,-76.7337216524));
#2190 = CARTESIAN_POINT('',(218.562205803,26.9387240978,-94.9646709826));
#2191 = CARTESIAN_POINT('',(216.997570867,14.697566536,-119.534888389));
#2192 = CARTESIAN_POINT('',(215.806569172,5.87890362888,-138.183447295));
#2193 = CARTESIAN_POINT('',(215.007331533,0.,-150.114027379));
#2194 = CARTESIAN_POINT('',(293.521630106,275.98716924,124.308990946));
#2195 = CARTESIAN_POINT('',(294.874623263,263.686340033,117.096961803));
#2196 = CARTESIAN_POINT('',(296.903628841,245.233855936,106.252736423));
#2197 = CARTESIAN_POINT('',(299.600406104,220.854515845,91.4815765803));
#2198 = CARTESIAN_POINT('',(301.615681591,202.750626557,80.0462105679));
#2199 = CARTESIAN_POINT('',(303.623794285,184.89436034,68.2624136201));
#2200 = CARTESIAN_POINT('',(305.62275151,167.353122253,56.0317164619));
#2201 = CARTESIAN_POINT('',(307.608355077,150.241630088,43.2338575758));
#2202 = CARTESIAN_POINT('',(309.582106474,133.641386168,29.8156174056));
#2203 = CARTESIAN_POINT('',(311.543102481,117.670097424,15.6514136403));
#2204 = CARTESIAN_POINT('',(313.479838799,102.53599912,0.803617428291));
#2205 = CARTESIAN_POINT('',(315.400694431,88.2840066168,-14.8725601759));
#2206 = CARTESIAN_POINT('',(317.301147972,75.0690142601,-31.3727974533));
#2207 = CARTESIAN_POINT('',(319.176463401,62.6777369677,-48.4907497313));
#2208 = CARTESIAN_POINT('',(321.029582394,51.0851761482,-66.1075353239));
#2209 = CARTESIAN_POINT('',(322.851103469,40.1155551742,-84.1015441402));
#2210 = CARTESIAN_POINT('',(324.643811291,29.6448547081,-102.389484064));
#2211 = CARTESIAN_POINT('',(326.994753484,16.2070022081,-127.043500648));
#2212 = CARTESIAN_POINT('',(328.703254051,6.4830720211,-145.850159416));
#2213 = CARTESIAN_POINT('',(329.828346424,0.,-156.149066326));
#2214 = CARTESIAN_POINT('',(371.801591974,295.165635767,116.319092014));
#2215 = CARTESIAN_POINT('',(373.455201512,282.289795783,109.170826151));
#2216 = CARTESIAN_POINT('',(375.934648854,262.974613083,98.3531664822));
#2217 = CARTESIAN_POINT('',(379.226104302,237.436789818,83.7658179018));
#2218 = CARTESIAN_POINT('',(381.682334663,218.457396872,72.1998753153));
#2219 = CARTESIAN_POINT('',(384.126337743,199.716317952,60.3632497142));
#2220 = CARTESIAN_POINT('',(386.554748685,181.278407129,48.0851954261));
#2221 = CARTESIAN_POINT('',(388.960410548,163.254336871,35.264061596));
#2222 = CARTESIAN_POINT('',(391.34579335,145.721428586,21.8711383407));
#2223 = CARTESIAN_POINT('',(393.708838374,128.795870746,7.68625753814));
#2224 = CARTESIAN_POINT('',(396.032468761,112.744984537,-6.85315362506));
#2225 = CARTESIAN_POINT('',(398.328619576,97.5074375147,-22.2217537986));
#2226 = CARTESIAN_POINT('',(400.589953407,83.2573200296,-38.3700662313));
#2227 = CARTESIAN_POINT('',(402.807399273,69.7836899564,-55.1200278922));
#2228 = CARTESIAN_POINT('',(404.987703574,57.0679048392,-72.3525356924));
#2229 = CARTESIAN_POINT('',(407.114255886,44.9419221382,-89.9599437527));
#2230 = CARTESIAN_POINT('',(409.191742357,33.2883509237,-107.866325873));
#2231 = CARTESIAN_POINT('',(411.895201936,18.2463132074,-132.012469615));
#2232 = CARTESIAN_POINT('',(413.829117764,7.29941401932,-150.512744934));
#2233 = CARTESIAN_POINT('',(415.094133322,0.,-159.255040079));
#2234 = CARTESIAN_POINT('',(454.511225546,312.356142976,108.235911026));
#2235 = CARTESIAN_POINT('',(456.702889772,299.038695092,101.101431259));
#2236 = CARTESIAN_POINT('',(459.989221469,279.060911382,90.2076644471));
#2237 = CARTESIAN_POINT('',(464.35306233,252.62598086,75.7327089785));
#2238 = CARTESIAN_POINT('',(467.610628773,232.962741094,63.8785883721));
#2239 = CARTESIAN_POINT('',(470.853071899,213.522480485,51.8683581266));
#2240 = CARTESIAN_POINT('',(474.076221684,194.365840535,39.4310802237));
#2241 = CARTESIAN_POINT('',(477.271223921,175.596763524,26.4937442599));
#2242 = CARTESIAN_POINT('',(480.441154432,157.285981121,13.0623656255));
#2243 = CARTESIAN_POINT('',(483.583582232,139.546680452,-1.21452186532));
#2244 = CARTESIAN_POINT('',(486.676814164,122.726436306,-15.3693753525));
#2245 = CARTESIAN_POINT('',(489.736140629,106.614935415,-30.3410023703));
#2246 = CARTESIAN_POINT('',(492.752401355,91.4117271827,-46.0146352029));
#2247 = CARTESIAN_POINT('',(495.714597004,76.9115026095,-62.2506180354));
#2248 = CARTESIAN_POINT('',(498.630686959,63.1041047468,-78.9321633446));
#2249 = CARTESIAN_POINT('',(501.480251934,49.8342103096,-95.9672063776));
#2250 = CARTESIAN_POINT('',(504.269103041,36.9949030142,-113.288430657));
#2251 = CARTESIAN_POINT('',(507.905153604,20.3289370056,-136.639673205));
#2252 = CARTESIAN_POINT('',(510.5163901,8.13319087055,-154.571673928));
#2253 = CARTESIAN_POINT('',(512.227322416,0.,-162.221719907));
#2254 = CARTESIAN_POINT('',(543.080225565,328.558651743,99.8779308122));
#2255 = CARTESIAN_POINT('',(545.450687256,314.881905818,92.7628151856));
#2256 = CARTESIAN_POINT('',(549.005094685,294.364977087,81.7872481205));
#2257 = CARTESIAN_POINT('',(553.724634868,267.193492174,67.4526531549));
#2258 = CARTESIAN_POINT('',(557.247493801,246.963547806,55.2801107089));
#2259 = CARTESIAN_POINT('',(560.753760082,226.936734833,43.0870728876));
#2260 = CARTESIAN_POINT('',(564.238860452,207.168245991,30.4886867371));
#2261 = CARTESIAN_POINT('',(567.693080956,187.753257899,17.4465165115));
#2262 = CARTESIAN_POINT('',(571.119791406,168.754202286,4.00683367545));
#2263 = CARTESIAN_POINT('',(574.516297737,150.279784922,-10.3312061832));
#2264 = CARTESIAN_POINT('',(577.858932448,132.767726345,-23.9904938131));
#2265 = CARTESIAN_POINT('',(581.164348268,115.836337905,-38.4421803219));
#2266 = CARTESIAN_POINT('',(584.422514758,99.7129879182,-53.4957660275));
#2267 = CARTESIAN_POINT('',(587.621312592,84.2008216757,-69.0561493321));
#2268 = CARTESIAN_POINT('',(590.769564217,69.2995552477,-85.010940458));
#2269 = CARTESIAN_POINT('',(593.844837249,54.8700962014,-101.284851265));
#2270 = CARTESIAN_POINT('',(596.85350388,40.8186820468,-117.819955786));
#2271 = CARTESIAN_POINT('',(600.774666861,22.4824982154,-140.098450528));
#2272 = CARTESIAN_POINT('',(603.58847153,8.99542824548,-157.220205772));
#2273 = CARTESIAN_POINT('',(605.431518021,0.,-164.12098319));
#2274 = CARTESIAN_POINT('',(635.516968057,343.430299067,91.4641688994));
#2275 = CARTESIAN_POINT('',(637.912021477,329.478889083,84.3620165754));
#2276 = CARTESIAN_POINT('',(641.503311139,308.549763664,73.2953718385));
#2277 = CARTESIAN_POINT('',(646.271908704,280.807756537,59.094178429));
#2278 = CARTESIAN_POINT('',(649.831459281,260.133024387,46.6034097121));
#2279 = CARTESIAN_POINT('',(653.374318834,239.637980979,34.2335146549));
#2280 = CARTESIAN_POINT('',(656.895886402,219.371396895,21.4872409657));
#2281 = CARTESIAN_POINT('',(660.386390285,199.418018768,8.36290852905));
#2282 = CARTESIAN_POINT('',(663.849221771,179.830783177,-5.05223774522));
#2283 = CARTESIAN_POINT('',(667.281679122,160.712137853,-19.4065872813));
#2284 = CARTESIAN_POINT('',(670.659913377,142.587375106,-32.5126915739));
#2285 = CARTESIAN_POINT('',(674.000714034,124.902310255,-46.3730436737));
#2286 = CARTESIAN_POINT('',(677.29398507,107.909969149,-60.720822927));
#2287 = CARTESIAN_POINT('',(680.527551154,91.424892269,-75.5075995501));
#2288 = CARTESIAN_POINT('',(683.71025933,75.4572856184,-90.6273936036));
#2289 = CARTESIAN_POINT('',(686.819553243,59.8867508234,-106.021951958));
#2290 = CARTESIAN_POINT('',(689.861843945,44.6344721701,-121.643128164));
#2291 = CARTESIAN_POINT('',(693.82729309,24.6355283513,-142.670587043));
#2292 = CARTESIAN_POINT('',(696.67356375,9.85750035372,-158.820221616));
#2293 = CARTESIAN_POINT('',(698.538067992,0.,-165.28357171));
#2294 = CARTESIAN_POINT('',(731.385958047,357.148474186,83.0406889064));
#2295 = CARTESIAN_POINT('',(733.63812091,342.990134306,75.9525467985));
#2296 = CARTESIAN_POINT('',(737.015150901,321.750413266,64.8103793598));
#2297 = CARTESIAN_POINT('',(741.499240697,293.57102786,50.7397740827));
#2298 = CARTESIAN_POINT('',(744.846411028,272.549492253,37.9876474809));
#2299 = CARTESIAN_POINT('',(748.177878498,251.68161689,25.4886837363));
#2300 = CARTESIAN_POINT('',(751.489314599,231.00906447,12.6491535512));
#2301 = CARTESIAN_POINT('',(754.771526161,210.604903373,-0.497393453652));
#2302 = CARTESIAN_POINT('',(758.027703543,190.511912976,-13.826612916));
#2303 = CARTESIAN_POINT('',(761.255304096,170.824279167,-28.1137616903));
#2304 = CARTESIAN_POINT('',(764.431895071,152.140598005,-40.6352708604));
#2305 = CARTESIAN_POINT('',(767.573268019,133.753282248,-53.8581324142));
#2306 = CARTESIAN_POINT('',(770.669925269,115.934646029,-67.4480847763));
#2307 = CARTESIAN_POINT('',(773.710410664,98.5135429674,-81.4016960767));
#2308 = CARTESIAN_POINT('',(776.703050352,81.5105721901,-95.6212210922));
#2309 = CARTESIAN_POINT('',(779.626622451,64.8253871976,-110.065016268));
#2310 = CARTESIAN_POINT('',(782.487158345,48.394999363,-124.694749119));
#2311 = CARTESIAN_POINT('',(786.215652639,26.7598212863,-144.362974769));
#2312 = CARTESIAN_POINT('',(788.891773802,10.7080950835,-159.43929507));
#2313 = CARTESIAN_POINT('',(790.644798447,0.,-165.70841471));
#2314 = CARTESIAN_POINT('',(829.827182946,369.748735498,74.7007206924));
#2315 = CARTESIAN_POINT('',(831.815371674,355.439537132,67.6297911928));
#2316 = CARTESIAN_POINT('',(834.796584089,333.97333088,56.4446984865));
#2317 = CARTESIAN_POINT('',(838.755113062,305.467275437,42.4954009748));
#2318 = CARTESIAN_POINT('',(841.709987929,284.180809176,29.5881398908));
#2319 = CARTESIAN_POINT('',(844.65101248,263.020373409,17.0423395657));
#2320 = CARTESIAN_POINT('',(847.574368766,242.020118156,4.19829645022));
#2321 = CARTESIAN_POINT('',(850.471948158,221.240589436,-8.88044344187));
#2322 = CARTESIAN_POINT('',(853.346564874,200.714275011,-22.0409515368));
#2323 = CARTESIAN_POINT('',(856.195977595,180.524851802,-36.145589634));
#2324 = CARTESIAN_POINT('',(859.00039334,161.31809117,-48.0846857108));
#2325 = CARTESIAN_POINT('',(861.773746879,142.272529597,-60.6563082695));
#2326 = CARTESIAN_POINT('',(864.507660029,123.669124208,-73.4771765559));
#2327 = CARTESIAN_POINT('',(867.192030762,105.353972531,-86.5833082821));
#2328 = CARTESIAN_POINT('',(869.834198418,87.3572426707,-99.8869018393));
#2329 = CARTESIAN_POINT('',(872.415446242,69.59890832,-113.361735634));
#2330 = CARTESIAN_POINT('',(874.941094242,52.0317855141,-126.978964379));
#2331 = CARTESIAN_POINT('',(878.233162884,28.815403756,-145.257784865));
#2332 = CARTESIAN_POINT('',(880.596152021,11.5311911303,-159.22549211));
#2333 = CARTESIAN_POINT('',(882.144087196,0.,-165.485147523));
#2334 = CARTESIAN_POINT('',(930.094679845,381.305294825,66.5248226737));
#2335 = CARTESIAN_POINT('',(931.728253973,366.888211768,59.4778369149));
#2336 = CARTESIAN_POINT('',(934.177736243,345.25998749,48.3016872509));
#2337 = CARTESIAN_POINT('',(937.430228953,316.51267136,34.4605646769));
#2338 = CARTESIAN_POINT('',(939.858084774,295.024893889,21.5563702785));
#2339 = CARTESIAN_POINT('',(942.274567925,273.634907842,9.08285054182));
#2340 = CARTESIAN_POINT('',(944.67654338,252.369228932,-3.640409957));
#2341 = CARTESIAN_POINT('',(947.057353024,231.27544366,-16.5288618708));
#2342 = CARTESIAN_POINT('',(949.419307799,210.37614611,-29.4141841116));
#2343 = CARTESIAN_POINT('',(951.76056815,189.742007437,-43.1868346126));
#2344 = CARTESIAN_POINT('',(954.064877724,170.027842814,-54.5775210171));
#2345 = CARTESIAN_POINT('',(956.343682316,150.358514431,-66.5147992353));
#2346 = CARTESIAN_POINT('',(958.590101884,131.008646869,-78.5944503));
#2347 = CARTESIAN_POINT('',(960.795843102,111.844527019,-90.8826021406));
#2348 = CARTESIAN_POINT('',(962.96692964,92.9043356656,-103.302821776));
#2349 = CARTESIAN_POINT('',(965.087993829,74.1275376698,-115.84241465));
#2350 = CARTESIAN_POINT('',(967.163404104,55.4818138657,-128.481322905));
#2351 = CARTESIAN_POINT('',(969.868653977,30.7653202858,-145.417073249));
#2352 = CARTESIAN_POINT('',(971.810502707,12.3119747129,-158.305864702));
#2353 = CARTESIAN_POINT('',(973.082578327,0.,-164.67946362));
#2354 = CARTESIAN_POINT('',(1031.41588576,391.882369167,58.5964051736));
#2355 = CARTESIAN_POINT('',(1032.6379049,377.387654881,51.5836094243));
#2356 = CARTESIAN_POINT('',(1034.47027643,355.642802525,40.4867094736));
#2357 = CARTESIAN_POINT('',(1036.90335512,326.715088523,26.7372937244));
#2358 = CARTESIAN_POINT('',(1038.71955395,305.071928278,14.0434822504));
#2359 = CARTESIAN_POINT('',(1040.52724814,283.498700677,1.79616970993));
#2360 = CARTESIAN_POINT('',(1042.32409324,262.014447139,-10.6466293905));
#2361 = CARTESIAN_POINT('',(1044.10511022,240.653766375,-23.1919096215));
#2362 = CARTESIAN_POINT('',(1045.87202728,219.430276711,-35.6736389968));
#2363 = CARTESIAN_POINT('',(1047.62346912,198.398939363,-48.9329877645));
#2364 = CARTESIAN_POINT('',(1049.34727739,178.174208111,-59.8405808693));
#2365 = CARTESIAN_POINT('',(1051.0520129,157.906974313,-71.190737695));
#2366 = CARTESIAN_POINT('',(1052.73253042,137.84650706,-82.5955066203));
#2367 = CARTESIAN_POINT('',(1054.38262871,117.882197904,-94.1377391547));
#2368 = CARTESIAN_POINT('',(1056.00681126,98.0579840823,-105.754114129));
#2369 = CARTESIAN_POINT('',(1057.59358627,78.3309085244,-117.442720122));
#2370 = CARTESIAN_POINT('',(1059.14622056,58.6817069214,-129.191267605));
#2371 = CARTESIAN_POINT('',(1061.17006179,32.5724638563,-144.904742494));
#2372 = CARTESIAN_POINT('',(1062.62281675,13.0355721331,-156.807582291));
#2373 = CARTESIAN_POINT('',(1063.57450189,0.,-163.358236941));
#2374 = CARTESIAN_POINT('',(1133.01071499,401.545798921,51.0001210091));
#2375 = CARTESIAN_POINT('',(1133.80088453,386.990893951,44.0343319864));
#2376 = CARTESIAN_POINT('',(1134.9857157,365.155587384,33.1071023324));
#2377 = CARTESIAN_POINT('',(1136.55899004,336.083609619,19.4256455529));
#2378 = CARTESIAN_POINT('',(1137.73339499,314.313170029,7.20807990602));
#2379 = CARTESIAN_POINT('',(1138.90231758,292.586176903,-4.6178382121));
#2380 = CARTESIAN_POINT('',(1140.06424639,270.914643107,-16.5792882215));
#2381 = CARTESIAN_POINT('',(1141.21597174,249.320549931,-28.5916832566));
#2382 = CARTESIAN_POINT('',(1142.35860803,227.810023045,-40.5141668472));
#2383 = CARTESIAN_POINT('',(1143.49127059,206.419239015,-53.0395218988));
#2384 = CARTESIAN_POINT('',(1144.60611235,185.65882573,-63.5639262391));
#2385 = CARTESIAN_POINT('',(1145.70866059,164.809381219,-74.4070042239));
#2386 = CARTESIAN_POINT('',(1146.79559715,144.070667574,-85.2454315908));
#2387 = CARTESIAN_POINT('',(1147.86292813,123.358243803,-96.1622884069));
#2388 = CARTESIAN_POINT('',(1148.91355029,102.718722733,-107.107185522));
#2389 = CARTESIAN_POINT('',(1149.94005771,82.1236821105,-118.085913161));
#2390 = CARTESIAN_POINT('',(1150.94455655,61.5640569169,-129.092408478));
#2391 = CARTESIAN_POINT('',(1152.25401526,34.1973076732,-143.787892223));
#2392 = CARTESIAN_POINT('',(1153.19412819,13.686138549,-154.868327176));
#2393 = CARTESIAN_POINT('',(1153.81003056,0.,-161.597050439));
#2394 = CARTESIAN_POINT('',(1234.06380823,410.357293897,43.819326132));
#2395 = CARTESIAN_POINT('',(1234.42495825,395.746845403,36.9183756109));
#2396 = CARTESIAN_POINT('',(1234.96648576,373.828071631,26.2633431161));
#2397 = CARTESIAN_POINT('',(1235.68550732,344.623285427,12.6314253128));
#2398 = CARTESIAN_POINT('',(1236.22219881,322.735890275,1.17717268876));
#2399 = CARTESIAN_POINT('',(1236.75634642,300.867834741,-10.0170344745));
#2400 = CARTESIAN_POINT('',(1237.28724915,279.024825884,-21.2826301414));
#2401 = CARTESIAN_POINT('',(1237.81341775,257.217046617,-32.5617476018));
#2402 = CARTESIAN_POINT('',(1238.33536854,235.445015875,-43.7640894712));
#2403 = CARTESIAN_POINT('',(1238.85268668,213.723308541,-55.3259123824));
#2404 = CARTESIAN_POINT('',(1239.36175253,192.391732977,-65.591247743));
#2405 = CARTESIAN_POINT('',(1239.86511094,170.971373339,-76.0328003296));
#2406 = CARTESIAN_POINT('',(1240.36122546,149.587299889,-86.4437249844));
#2407 = CARTESIAN_POINT('',(1240.84823459,128.183759187,-96.8842569552));
#2408 = CARTESIAN_POINT('',(1241.32749693,106.806599574,-107.323154622));
#2409 = CARTESIAN_POINT('',(1241.79557134,85.4379201933,-117.768590688));
#2410 = CARTESIAN_POINT('',(1242.25343453,64.0756000038,-128.219417279));
#2411 = CARTESIAN_POINT('',(1242.85006259,35.6088383887,-142.154032726));
#2412 = CARTESIAN_POINT('',(1243.2780515,14.2512462252,-152.621278856));
#2413 = CARTESIAN_POINT('',(1243.5583434,0.,-159.474201675));
#2414 = CARTESIAN_POINT('',(1333.60745542,418.370020592,37.1610262007));
#2415 = CARTESIAN_POINT('',(1333.61665865,403.696077634,30.3395285024));
#2416 = CARTESIAN_POINT('',(1333.63047346,381.681930423,20.1013284972));
#2417 = CARTESIAN_POINT('',(1333.64897652,352.331511441,6.46131674247));
#2418 = CARTESIAN_POINT('',(1333.66292525,330.320013752,-3.78504540022));
#2419 = CARTESIAN_POINT('',(1333.67694792,308.307135692,-14.0265382289));
#2420 = CARTESIAN_POINT('',(1333.6910638,286.293324143,-24.2673916144));
#2421 = CARTESIAN_POINT('',(1333.70531588,264.27807447,-34.5067560643));
#2422 = CARTESIAN_POINT('',(1333.71969195,242.259194462,-44.7425343056));
#2423 = CARTESIAN_POINT('',(1333.7342196,220.224846216,-54.9915867983));
#2424 = CARTESIAN_POINT('',(1333.7489271,198.235324939,-65.1830782726));
#2425 = CARTESIAN_POINT('',(1333.7638116,176.231315604,-75.3801946879));
#2426 = CARTESIAN_POINT('',(1333.77890634,154.222151995,-85.5756968294));
#2427 = CARTESIAN_POINT('',(1333.79429502,132.185209113,-95.7903140878));
#2428 = CARTESIAN_POINT('',(1333.80988637,110.160067978,-105.993734475));
#2429 = CARTESIAN_POINT('',(1333.82579726,88.1337639726,-116.195995566));
#2430 = CARTESIAN_POINT('',(1333.84200134,66.1050731204,-126.396992756));
#2431 = CARTESIAN_POINT('',(1333.86399075,36.741385756,-139.992739911));
#2432 = CARTESIAN_POINT('',(1333.88105784,14.7045605011,-150.192847438));
#2433 = CARTESIAN_POINT('',(1333.89259783,0.,-157.033595266));
#2434 = CARTESIAN_POINT('',(1431.38884808,425.691213912,31.0279182291));
#2435 = CARTESIAN_POINT('',(1431.00803833,410.932657774,24.326996935));
#2436 = CARTESIAN_POINT('',(1430.43697339,388.791480029,14.5799887135));
#2437 = CARTESIAN_POINT('',(1429.67810691,359.257072749,0.99869496741));
#2438 = CARTESIAN_POINT('',(1429.11113635,337.095816357,-7.94388414755));
#2439 = CARTESIAN_POINT('',(1428.54630588,314.916761846,-17.1559907536));
#2440 = CARTESIAN_POINT('',(1427.98420956,292.71627038,-26.3029731316));
#2441 = CARTESIAN_POINT('',(1427.4261014,270.485092594,-35.4441006641));
#2442 = CARTESIAN_POINT('',(1426.8715361,248.219951131,-44.6790580706));
#2443 = CARTESIAN_POINT('',(1426.32080199,225.884091073,-53.5574738199));
#2444 = CARTESIAN_POINT('',(1425.7772448,203.249331734,-63.7832859769));
#2445 = CARTESIAN_POINT('',(1425.23844568,180.696401853,-73.8465055405));
#2446 = CARTESIAN_POINT('',(1424.70574192,158.116898656,-83.9508802668));
#2447 = CARTESIAN_POINT('',(1424.18058379,135.51862656,-94.0200226566));
#2448 = CARTESIAN_POINT('',(1423.66203075,112.933665694,-104.095197884));
#2449 = CARTESIAN_POINT('',(1423.15291183,90.3491419224,-114.166807775));
#2450 = CARTESIAN_POINT('',(1422.65239746,67.7647640622,-124.239652884));
#2451 = CARTESIAN_POINT('',(1421.99677513,37.662604336,-137.665382681));
#2452 = CARTESIAN_POINT('',(1421.52141391,15.0732424171,-147.741000429));
#2453 = CARTESIAN_POINT('',(1421.20868044,0.,-154.454961334));
#2454 = CARTESIAN_POINT('',(1527.04475533,432.321538806,25.3953132018));
#2455 = CARTESIAN_POINT('',(1526.38172932,417.460214051,18.8754777));
#2456 = CARTESIAN_POINT('',(1525.3874479,395.164790856,9.60309801342));
#2457 = CARTESIAN_POINT('',(1524.06615312,365.413712241,-3.73379565523));
#2458 = CARTESIAN_POINT('',(1523.07894895,343.081083654,-11.6680342991));
#2459 = CARTESIAN_POINT('',(1522.09544315,320.718284105,-20.0494448706));
#2460 = CARTESIAN_POINT('',(1521.11666257,298.318564577,-28.3227068663));
#2461 = CARTESIAN_POINT('',(1520.14477436,275.866200308,-36.5809931073));
#2462 = CARTESIAN_POINT('',(1519.1790083,253.356649847,-45.0085340858));
#2463 = CARTESIAN_POINT('',(1518.21985876,230.735990763,-52.7807415299));
#2464 = CARTESIAN_POINT('',(1517.27312689,207.586609372,-63.017453416));
#2465 = CARTESIAN_POINT('',(1516.33461474,184.576094625,-72.9585695315));
#2466 = CARTESIAN_POINT('',(1515.4066362,161.51816896,-82.9506239559));
#2467 = CARTESIAN_POINT('',(1514.49169008,138.441611006,-92.744537282));
#2468 = CARTESIAN_POINT('',(1513.58816401,115.37456723,-102.584985469));
#2469 = CARTESIAN_POINT('',(1512.7009427,92.3018601649,-112.408426805));
#2470 = CARTESIAN_POINT('',(1511.82859198,69.2301397822,-122.234513656));
#2471 = CARTESIAN_POINT('',(1510.68573357,38.477282222,-135.328512331));
#2472 = CARTESIAN_POINT('',(1509.85685193,15.3993330126,-145.153203039));
#2473 = CARTESIAN_POINT('',(1509.31147345,0.,-151.710783184));
#2474 = CARTESIAN_POINT('',(1620.92016515,438.317287019,20.2509731639));
#2475 = CARTESIAN_POINT('',(1620.04042209,423.337585017,13.9537158888));
#2476 = CARTESIAN_POINT('',(1618.72113785,400.864520311,5.15420096748));
#2477 = CARTESIAN_POINT('',(1616.96782644,370.868793771,-7.81856924587));
#2478 = CARTESIAN_POINT('',(1615.65773646,348.3464019,-14.9151910064));
#2479 = CARTESIAN_POINT('',(1614.35244778,325.785072865,-22.5807867542));
#2480 = CARTESIAN_POINT('',(1613.05329459,303.175851446,-30.1102284894));
#2481 = CARTESIAN_POINT('',(1611.76309056,280.498443266,-37.61558084));
#2482 = CARTESIAN_POINT('',(1610.48083311,257.747337186,-45.3557191565));
#2483 = CARTESIAN_POINT('',(1609.20714909,234.856668072,-52.1873794963));
#2484 = CARTESIAN_POINT('',(1607.94964379,211.27913274,-62.4341908827));
#2485 = CARTESIAN_POINT('',(1606.70279884,187.878421397,-72.2774039459));
#2486 = CARTESIAN_POINT('',(1605.46962918,164.414824882,-82.1658276802));
#2487 = CARTESIAN_POINT('',(1604.25335029,140.931522384,-91.6310745511));
#2488 = CARTESIAN_POINT('',(1603.05191888,117.454585559,-101.200126979));
#2489 = CARTESIAN_POINT('',(1601.87166011,93.9642901118,-110.734349575));
#2490 = CARTESIAN_POINT('',(1600.71071019,70.4772423939,-120.27390709));
#2491 = CARTESIAN_POINT('',(1599.18911769,39.1702086198,-132.982701713));
#2492 = CARTESIAN_POINT('',(1598.08460549,15.676709587,-142.516999938));
#2493 = CARTESIAN_POINT('',(1597.35760824,0.,-148.877117861));
#2494 = CARTESIAN_POINT('',(1713.22140169,443.721097802,15.5781483246));
#2495 = CARTESIAN_POINT('',(1712.19390572,428.609922678,9.53843062505));
#2496 = CARTESIAN_POINT('',(1710.65303572,405.939587834,1.20029328953));
#2497 = CARTESIAN_POINT('',(1708.60511272,375.675919454,-11.301028366));
#2498 = CARTESIAN_POINT('',(1707.07477728,352.94861045,-17.7392527331));
#2499 = CARTESIAN_POINT('',(1705.54993949,330.176824467,-24.8117926791));
#2500 = CARTESIAN_POINT('',(1704.03212818,307.350201502,-31.7341678015));
#2501 = CARTESIAN_POINT('',(1702.52456542,284.445607205,-38.6227864329));
#2502 = CARTESIAN_POINT('',(1701.02610033,261.45672856,-45.7985618172));
#2503 = CARTESIAN_POINT('',(1699.53743481,238.310787563,-51.8646239943));
#2504 = CARTESIAN_POINT('',(1698.06735591,214.390251164,-62.0997775414));
#2505 = CARTESIAN_POINT('',(1696.6094721,190.664069926,-71.8494946639));
#2506 = CARTESIAN_POINT('',(1695.16724733,166.863302569,-81.6236480177));
#2507 = CARTESIAN_POINT('',(1693.74433311,143.03927599,-90.7040840127));
#2508 = CARTESIAN_POINT('',(1692.33844279,119.21786079,-99.9567845926));
#2509 = CARTESIAN_POINT('',(1690.95680167,95.3732841422,-109.153009164));
#2510 = CARTESIAN_POINT('',(1689.59727357,71.5345182837,-118.357589626));
#2511 = CARTESIAN_POINT('',(1687.8147497,39.757710949,-130.615752308));
#2512 = CARTESIAN_POINT('',(1686.51985022,15.9119080998,-139.809912486));
#2513 = CARTESIAN_POINT('',(1685.6672674,0.,-145.94309871));
#2514 = CARTESIAN_POINT('',(1804.1100231,448.572935772,11.3665337566));
#2515 = CARTESIAN_POINT('',(1802.99495945,433.319776966,5.60961028251));
#2516 = CARTESIAN_POINT('',(1801.32275565,410.436419831,-2.28194453237));
#2517 = CARTESIAN_POINT('',(1799.1001298,379.886345233,-14.2306520686));
#2518 = CARTESIAN_POINT('',(1797.43911575,356.942314716,-20.1637165072));
#2519 = CARTESIAN_POINT('',(1795.78393699,333.951113151,-26.7501146709));
#2520 = CARTESIAN_POINT('',(1794.13621759,310.90168656,-33.1839313766));
#2521 = CARTESIAN_POINT('',(1792.49937786,287.76957244,-39.5746242366));
#2522 = CARTESIAN_POINT('',(1790.87219277,264.547857088,-46.2924046229));
#2523 = CARTESIAN_POINT('',(1789.25538804,241.161089823,-51.7493459051));
#2524 = CARTESIAN_POINT('',(1787.65838591,216.970607324,-61.9413270822));
#2525 = CARTESIAN_POINT('',(1786.07431399,192.975860871,-71.5904953904));
#2526 = CARTESIAN_POINT('',(1784.50686315,168.898718813,-81.2332083823));
#2527 = CARTESIAN_POINT('',(1782.95987239,144.793374508,-89.8906965741));
#2528 = CARTESIAN_POINT('',(1781.43097895,120.686936471,-98.7942653506));
#2529 = CARTESIAN_POINT('',(1779.9278309,96.5466656484,-107.618062208));
#2530 = CARTESIAN_POINT('',(1778.44815837,72.4150719444,-116.453496967));
#2531 = CARTESIAN_POINT('',(1776.50731866,40.2469513411,-128.215182675));
#2532 = CARTESIAN_POINT('',(1775.09625031,16.1077867373,-137.034712735));
#2533 = CARTESIAN_POINT('',(1774.16685829,0.,-142.916861425));
#2534 = CARTESIAN_POINT('',(1893.73368194,452.911681171,7.60563775958));
#2535 = CARTESIAN_POINT('',(1892.58580036,437.508621737,2.14785904022));
#2536 = CARTESIAN_POINT('',(1890.86436551,414.400379043,-5.31703523567));
#2537 = CARTESIAN_POINT('',(1888.57613609,383.550282542,-16.6545181925));
#2538 = CARTESIAN_POINT('',(1886.86595126,360.381091838,-22.2190923039));
#2539 = CARTESIAN_POINT('',(1885.16162824,337.164504598,-28.4169283285));
#2540 = CARTESIAN_POINT('',(1883.46480009,313.889390739,-34.4693370647));
#2541 = CARTESIAN_POINT('',(1881.77890306,290.531266434,-40.4700346765));
#2542 = CARTESIAN_POINT('',(1880.10270262,267.082809744,-46.8249521351));
#2543 = CARTESIAN_POINT('',(1878.43690593,243.469510401,-51.8184350353));
#2544 = CARTESIAN_POINT('',(1876.79108643,219.073040892,-61.9229843193));
#2545 = CARTESIAN_POINT('',(1875.1582403,194.860305861,-71.4509002105));
#2546 = CARTESIAN_POINT('',(1873.54209132,170.560927566,-80.9350935302));
#2547 = CARTESIAN_POINT('',(1871.94645423,146.2274777,-89.1440672427));
#2548 = CARTESIAN_POINT('',(1870.36902847,121.889427329,-97.6725191037));
#2549 = CARTESIAN_POINT('',(1868.81747316,97.5067799658,-106.098001657));
#2550 = CARTESIAN_POINT('',(1867.28950524,73.1356831779,-114.538361458));
#2551 = CARTESIAN_POINT('',(1865.28444395,40.6473040329,-125.769008919));
#2552 = CARTESIAN_POINT('',(1863.82539977,16.2680915633,-134.187947399));
#2553 = CARTESIAN_POINT('',(1862.86405337,0.,-139.802008807));
#2554 = CARTESIAN_POINT('',(1982.24281618,456.776447897,4.28506719286));
#2555 = CARTESIAN_POINT('',(1981.11054844,441.218163554,-0.866336477569));
#2556 = CARTESIAN_POINT('',(1979.4125121,417.87705951,-7.92914101696));
#2557 = CARTESIAN_POINT('',(1977.15520395,386.718171602,-18.6203073536));
#2558 = CARTESIAN_POINT('',(1975.46797346,363.318745401,-23.9339984607));
#2559 = CARTESIAN_POINT('',(1973.78636798,339.873787733,-29.8297940856));
#2560 = CARTESIAN_POINT('',(1972.11195626,316.372617973,-35.5947639234));
#2561 = CARTESIAN_POINT('',(1970.4480362,292.79182943,-41.3007950197));
#2562 = CARTESIAN_POINT('',(1968.79341878,269.123886843,-47.3753071812));
#2563 = CARTESIAN_POINT('',(1967.14875835,245.29816323,-52.0381539991));
#2564 = CARTESIAN_POINT('',(1965.52336167,220.749775642,-61.9990575505));
#2565 = CARTESIAN_POINT('',(1963.91039685,196.362906921,-71.3719468318));
#2566 = CARTESIAN_POINT('',(1962.31345507,171.888498608,-80.6615282746));
#2567 = CARTESIAN_POINT('',(1960.73615069,147.37385306,-88.4104401441));
#2568 = CARTESIAN_POINT('',(1959.176357,122.851582193,-96.5460175474));
#2569 = CARTESIAN_POINT('',(1957.64139732,98.2747562085,-104.557388463));
#2570 = CARTESIAN_POINT('',(1956.12907768,73.7121441972,-112.586591489));
#2571 = CARTESIAN_POINT('',(1954.1436079,40.9675493657,-123.265132741));
#2572 = CARTESIAN_POINT('',(1952.69743559,16.396330274,-131.267838454));
#2573 = CARTESIAN_POINT('',(1951.74418749,0.,-136.603371574));
#2574 = CARTESIAN_POINT('',(2069.78719153,460.206289047,1.39439675025));
#2575 = CARTESIAN_POINT('',(2068.71287054,444.490048484,-3.45246322078));
#2576 = CARTESIAN_POINT('',(2067.10171785,420.911995229,-10.1425227522));
#2577 = CARTESIAN_POINT('',(2064.95971961,389.440393349,-20.1755391014));
#2578 = CARTESIAN_POINT('',(2063.35851463,365.809020396,-25.3375552008));
#2579 = CARTESIAN_POINT('',(2061.76248214,342.13569379,-31.0072317119));
#2580 = CARTESIAN_POINT('',(2060.17306654,318.410615461,-36.5660346354));
#2581 = CARTESIAN_POINT('',(2058.59330092,294.612346838,-42.0605837748));
#2582 = CARTESIAN_POINT('',(2057.02208719,270.733333721,-47.9248564554));
#2583 = CARTESIAN_POINT('',(2055.46000096,246.709116561,-52.3775843424));
#2584 = CARTESIAN_POINT('',(2053.91572969,222.053201396,-62.1264738838));
#2585 = CARTESIAN_POINT('',(2052.38287145,197.52943701,-71.2973464144));
#2586 = CARTESIAN_POINT('',(2050.86474776,172.92034573,-80.3469801931));
#2587 = CARTESIAN_POINT('',(2049.36463239,148.26514075,-87.6379146107));
#2588 = CARTESIAN_POINT('',(2047.88065684,123.600015355,-95.3707068994));
#2589 = CARTESIAN_POINT('',(2046.41952693,98.872048612,-102.961846473));
#2590 = CARTESIAN_POINT('',(2044.97922177,74.1605111146,-110.573230385));
#2591 = CARTESIAN_POINT('',(2043.08731248,41.2166263059,-120.69150261));
#2592 = CARTESIAN_POINT('',(2041.70784211,16.4960742339,-128.272178224));
#2593 = CARTESIAN_POINT('',(2040.79816151,0.,-133.325469411));
#2594 = CARTESIAN_POINT('',(2156.51635412,463.240269746,-1.07676618125));
#2595 = CARTESIAN_POINT('',(2155.53621222,447.365935016,-5.62999699495));
#2596 = CARTESIAN_POINT('',(2154.0662813,423.550733212,-11.981405647));
#2597 = CARTESIAN_POINT('',(2152.11184194,391.76734246,-21.3677841555));
#2598 = CARTESIAN_POINT('',(2150.65067705,367.905676037,-26.4587562443));
#2599 = CARTESIAN_POINT('',(2149.19406412,344.006968626,-31.9675146545));
#2600 = CARTESIAN_POINT('',(2147.74327626,320.062645373,-37.3885974396));
#2601 = CARTESIAN_POINT('',(2146.30098318,296.053919065,-42.7425850833));
#2602 = CARTESIAN_POINT('',(2144.8662136,271.973411262,-48.4543886157));
#2603 = CARTESIAN_POINT('',(2143.43944672,247.764452002,-52.8050785584));
#2604 = CARTESIAN_POINT('',(2142.02846335,223.035661783,-62.2614460962));
#2605 = CARTESIAN_POINT('',(2140.62750427,198.405593471,-71.1701002097));
#2606 = CARTESIAN_POINT('',(2139.23951268,173.695286557,-79.9252392071));
#2607 = CARTESIAN_POINT('',(2137.86731745,148.933876707,-86.7740263681));
#2608 = CARTESIAN_POINT('',(2136.50936546,124.161238768,-94.1020717758));
#2609 = CARTESIAN_POINT('',(2135.17152837,99.3200211912,-101.276651326));
#2610 = CARTESIAN_POINT('',(2133.85202417,74.4967670298,-108.473090501));
#2611 = CARTESIAN_POINT('',(2132.11779716,41.403430117,-118.035997574));
#2612 = CARTESIAN_POINT('',(2130.85183907,16.5708772574,-125.198820403));
#2613 = CARTESIAN_POINT('',(2130.01661023,0.,-129.972854549));
#2614 = CARTESIAN_POINT('',(2242.58142775,465.917477821,-3.13891967815));
#2615 = CARTESIAN_POINT('',(2241.72538559,449.887502787,-7.41849218767));
#2616 = CARTESIAN_POINT('',(2240.4415508,425.83883928,-13.4700675389));
#2617 = CARTESIAN_POINT('',(2238.73435741,393.749429369,-22.2445796991));
#2618 = CARTESIAN_POINT('',(2237.45787394,369.662485063,-27.3266101803));
#2619 = CARTESIAN_POINT('',(2236.18520162,345.544369466,-32.7289536958));
#2620 = CARTESIAN_POINT('',(2234.91740832,321.387979153,-38.0679665818));
#2621 = CARTESIAN_POINT('',(2233.6567298,297.177653918,-43.3400715387));
#2622 = CARTESIAN_POINT('',(2232.40234782,272.906385703,-48.944812817));
#2623 = CARTESIAN_POINT('',(2231.1546357,248.526255828,-53.2890991432));
#2624 = CARTESIAN_POINT('',(2229.92024621,223.74953112,-62.3604357865));
#2625 = CARTESIAN_POINT('',(2228.69422958,199.037116515,-70.933583556));
#2626 = CARTESIAN_POINT('',(2227.47907059,174.252189826,-79.3305685881));
#2627 = CARTESIAN_POINT('',(2226.27708445,149.412650458,-85.7667151307));
#2628 = CARTESIAN_POINT('',(2225.08706392,124.561816344,-92.6959720918));
#2629 = CARTESIAN_POINT('',(2223.91389477,99.6400804017,-99.4674106776));
#2630 = CARTESIAN_POINT('',(2222.75608133,74.7369283243,-106.261273747));
#2631 = CARTESIAN_POINT('',(2221.23338882,41.5368751777,-115.286726183));
#2632 = CARTESIAN_POINT('',(2220.12041647,16.6243008623,-122.045799739));
#2633 = CARTESIAN_POINT('',(2219.38572711,0.,-126.550258507));
#2634 = CARTESIAN_POINT('',(2328.12749053,468.276907481,-4.80218014637));
#2635 = CARTESIAN_POINT('',(2327.41999932,452.096343872,-8.83720804407));
#2636 = CARTESIAN_POINT('',(2326.3589349,427.821800787,-14.6326188951));
#2637 = CARTESIAN_POINT('',(2324.94779734,395.436997929,-22.8535550588));
#2638 = CARTESIAN_POINT('',(2323.89252681,371.133162356,-27.9701980682));
#2639 = CARTESIAN_POINT('',(2322.84025405,346.804604124,-33.309959427));
#2640 = CARTESIAN_POINT('',(2321.79182094,322.445846999,-38.6097667021));
#2641 = CARTESIAN_POINT('',(2320.74898658,298.0446255,-43.8464534352));
#2642 = CARTESIAN_POINT('',(2319.71110252,273.594497173,-49.377148995));
#2643 = CARTESIAN_POINT('',(2318.67843549,249.056592909,-53.7983885023));
#2644 = CARTESIAN_POINT('',(2317.65635176,224.247116247,-62.3796163163));
#2645 = CARTESIAN_POINT('',(2316.64083467,199.469658455,-70.5303792902));
#2646 = CARTESIAN_POINT('',(2315.63385851,174.629822785,-78.4960112288));
#2647 = CARTESIAN_POINT('',(2314.63719306,149.733947123,-84.562864813));
#2648 = CARTESIAN_POINT('',(2313.64997849,124.828211197,-91.1072260131));
#2649 = CARTESIAN_POINT('',(2312.67602861,99.8535568605,-97.4987514781));
#2650 = CARTESIAN_POINT('',(2311.71416346,74.8969540129,-103.911955282));
#2651 = CARTESIAN_POINT('',(2310.44827346,41.6258446168,-112.430950701));
#2652 = CARTESIAN_POINT('',(2309.52168852,16.6598939066,-118.810369086));
#2653 = CARTESIAN_POINT('',(2308.90967406,0.,-123.061667125));
#2654 = CARTESIAN_POINT('',(2413.32220162,470.357911548,-6.07808833889));
#2655 = CARTESIAN_POINT('',(2412.77909095,454.034386483,-9.9065099919));
#2656 = CARTESIAN_POINT('',(2411.96454195,429.545407506,-15.4937921261));
#2657 = CARTESIAN_POINT('',(2410.88108786,396.880650298,-23.2420128048));
#2658 = CARTESIAN_POINT('',(2410.0707235,372.371648689,-28.4183024541));
#2659 = CARTESIAN_POINT('',(2409.26251844,347.844574876,-33.7285110164));
#2660 = CARTESIAN_POINT('',(2408.45708097,323.295643177,-39.0191186279));
#2661 = CARTESIAN_POINT('',(2407.65567865,298.716043761,-44.2545043255));
#2662 = CARTESIAN_POINT('',(2406.85783965,274.10009332,-49.7318544272));
#2663 = CARTESIAN_POINT('',(2406.06372972,249.417617363,-54.3004597496));
#2664 = CARTESIAN_POINT('',(2405.277345,224.580970199,-62.2760613088));
#2665 = CARTESIAN_POINT('',(2404.49567133,199.749186374,-69.9058582806));
#2666 = CARTESIAN_POINT('',(2403.72015024,174.867312649,-77.3590070034));
#2667 = CARTESIAN_POINT('',(2402.95200615,149.930620134,-83.1131690992));
#2668 = CARTESIAN_POINT('',(2402.1907078,124.987241149,-89.2944344105));
#2669 = CARTESIAN_POINT('',(2401.43897361,99.982044928,-95.3388833255));
#2670 = CARTESIAN_POINT('',(2400.6959502,74.9930014223,-101.402720319));
#2671 = CARTESIAN_POINT('',(2399.71723898,41.6793286406,-109.459082733));
#2672 = CARTESIAN_POINT('',(2398.99963697,16.681248661,-115.492722371));
#2673 = CARTESIAN_POINT('',(2398.52532116,0.,-119.513864927));
#2674 = CARTESIAN_POINT('',(2498.24905857,472.198509894,-6.97288114269));
#2675 = CARTESIAN_POINT('',(2497.88928857,455.742309717,-10.6426444916));
#2676 = CARTESIAN_POINT('',(2497.34970178,431.054325849,-16.0760074595));
#2677 = CARTESIAN_POINT('',(2496.63188315,398.130029777,-23.4584750963));
#2678 = CARTESIAN_POINT('',(2496.09490886,373.431046846,-28.7008306269));
#2679 = CARTESIAN_POINT('',(2495.55927886,348.720463211,-34.0042148906));
#2680 = CARTESIAN_POINT('',(2495.02537308,323.996154454,-39.3030477859));
#2681 = CARTESIAN_POINT('',(2494.49398096,299.252616324,-44.559404864));
#2682 = CARTESIAN_POINT('',(2493.96480569,274.48512497,-49.9915232408));
#2683 = CARTESIAN_POINT('',(2493.4379334,249.671154592,-54.7674555528));
#2684 = CARTESIAN_POINT('',(2492.91593647,224.802735495,-62.0035337466));
#2685 = CARTESIAN_POINT('',(2492.39686024,199.920502662,-68.9950424699));
#2686 = CARTESIAN_POINT('',(2491.88161474,175.00245428,-75.8406463219));
#2687 = CARTESIAN_POINT('',(2491.37092966,150.0341595,-81.3541541889));
#2688 = CARTESIAN_POINT('',(2490.86453121,125.064410701,-87.20212506));
#2689 = CARTESIAN_POINT('',(2490.36409323,100.04616352,-92.9426813324));
#2690 = CARTESIAN_POINT('',(2489.86908223,75.0404947659,-98.6984555554));
#2691 = CARTESIAN_POINT('',(2489.2165506,41.7059219183,-106.34979702));
#2692 = CARTESIAN_POINT('',(2488.73737181,16.6917970162,-112.082084713));
#2693 = CARTESIAN_POINT('',(2488.42044562,0.,-115.90320051));
#2694 = CARTESIAN_POINT('',(2583.13628347,473.838429189,-7.51151234068));
#2695 = CARTESIAN_POINT('',(2582.93777831,457.262425592,-11.076363752));
#2696 = CARTESIAN_POINT('',(2582.64004276,432.394744292,-16.4096489607));
#2697 = CARTESIAN_POINT('',(2582.24379659,399.236155184,-23.5467423176));
#2698 = CARTESIAN_POINT('',(2581.94723751,374.365726047,-28.8432102256));
#2699 = CARTESIAN_POINT('',(2581.65127715,349.489609821,-34.1503129546));
#2700 = CARTESIAN_POINT('',(2581.35608688,324.607219314,-39.4611535842));
#2701 = CARTESIAN_POINT('',(2581.06201886,299.716004566,-44.7469734786));
#2702 = CARTESIAN_POINT('',(2580.76893547,274.812374457,-50.1304901641));
#2703 = CARTESIAN_POINT('',(2580.47684492,249.879843678,-55.1534635955));
#2704 = CARTESIAN_POINT('',(2580.18704233,224.967125874,-61.5290814696));
#2705 = CARTESIAN_POINT('',(2579.89851898,200.032532809,-67.7739862834));
#2706 = CARTESIAN_POINT('',(2579.61170239,175.077863518,-73.9268211851));
#2707 = CARTESIAN_POINT('',(2579.32686004,150.081048544,-79.2793302466));
#2708 = CARTESIAN_POINT('',(2579.04397057,125.090072799,-84.8320480693));
#2709 = CARTESIAN_POINT('',(2578.76374675,100.070122707,-90.3199929863));
#2710 = CARTESIAN_POINT('',(2578.48594702,75.0575590437,-95.8171650537));
#2711 = CARTESIAN_POINT('',(2578.11891666,41.7156751273,-103.131971749));
#2712 = CARTESIAN_POINT('',(2577.84817864,16.6955616169,-108.615517468));
#2713 = CARTESIAN_POINT('',(2577.66878149,0.,-112.272197974));
#2714 = CARTESIAN_POINT('',(2667.04091708,475.30028317,-7.64862961646));
#2715 = CARTESIAN_POINT('',(2667.10337469,458.620962196,-11.1839456875));
#2716 = CARTESIAN_POINT('',(2667.1970726,433.598311006,-16.4951022445));
#2717 = CARTESIAN_POINT('',(2667.32196948,400.237526414,-23.5681902627));
#2718 = CARTESIAN_POINT('',(2667.41561429,375.219023681,-28.8874173955));
#2719 = CARTESIAN_POINT('',(2667.50924179,350.199768097,-34.2035581803));
#2720 = CARTESIAN_POINT('',(2667.60284386,325.180489149,-39.5204740437));
#2721 = CARTESIAN_POINT('',(2667.69640948,300.160985375,-44.8374602752));
#2722 = CARTESIAN_POINT('',(2667.7899507,275.139059981,-50.1539371329));
#2723 = CARTESIAN_POINT('',(2667.88351194,250.101595782,-55.4776492968));
#2724 = CARTESIAN_POINT('',(2667.97683432,225.116287603,-60.7762483597));
#2725 = CARTESIAN_POINT('',(2668.07015175,200.11820241,-66.0790238993));
#2726 = CARTESIAN_POINT('',(2668.16341894,175.117907841,-71.381592934));
#2727 = CARTESIAN_POINT('',(2668.25671344,150.08912476,-76.689723982));
#2728 = CARTESIAN_POINT('',(2668.34988675,125.07663787,-81.994376039));
#2729 = CARTESIAN_POINT('',(2668.44296681,100.064808539,-87.2987663925));
#2730 = CARTESIAN_POINT('',(2668.53596644,75.0523086416,-92.6032306068));
#2731 = CARTESIAN_POINT('',(2668.65981458,41.7132394704,-99.6734448292));
#2732 = CARTESIAN_POINT('',(2668.75259492,16.6943758422,-104.979112032));
#2733 = CARTESIAN_POINT('',(2668.81446179,0.,-108.519416097));
#2734 = CARTESIAN_POINT('',(2753.30348935,476.675066025,-7.61264698804));
#2735 = CARTESIAN_POINT('',(2753.24861887,459.908046778,-11.1541114761));
#2736 = CARTESIAN_POINT('',(2753.16624718,434.753851068,-16.4522553307));
#2737 = CARTESIAN_POINT('',(2753.05585111,401.221035633,-23.5214199738));
#2738 = CARTESIAN_POINT('',(2752.97256782,376.076221998,-28.8182198225));
#2739 = CARTESIAN_POINT('',(2752.88878266,350.934393741,-34.1180839463));
#2740 = CARTESIAN_POINT('',(2752.80436439,325.797297619,-39.4116513782));
#2741 = CARTESIAN_POINT('',(2752.71902105,300.666445322,-44.7293805934));
#2742 = CARTESIAN_POINT('',(2752.63283659,275.540950611,-49.9595650767));
#2743 = CARTESIAN_POINT('',(2752.5456298,250.409292824,-55.5244066211));
#2744 = CARTESIAN_POINT('',(2752.45717906,225.337503992,-59.8409724802));
#2745 = CARTESIAN_POINT('',(2752.3675311,200.268807824,-64.2798941624));
#2746 = CARTESIAN_POINT('',(2752.27645602,175.21413651,-68.8100832384));
#2747 = CARTESIAN_POINT('',(2752.18339697,150.145190624,-74.1148007026));
#2748 = CARTESIAN_POINT('',(2752.08895355,125.103092673,-79.2223187902));
#2749 = CARTESIAN_POINT('',(2751.99233891,100.090508972,-84.3914940755));
#2750 = CARTESIAN_POINT('',(2751.89373279,75.0699905175,-89.5523552186));
#2751 = CARTESIAN_POINT('',(2751.75964435,41.7232933572,-96.4432355521));
#2752 = CARTESIAN_POINT('',(2751.65517819,16.6981951495,-101.620130125));
#2753 = CARTESIAN_POINT('',(2751.58444096,0.,-105.076807493));
#2754 = CARTESIAN_POINT('',(2838.73065359,477.921449243,-7.6151630981));
#2755 = CARTESIAN_POINT('',(2838.6498599,461.084239942,-11.1125405187));
#2756 = CARTESIAN_POINT('',(2838.52856306,435.824758515,-16.290873687));
#2757 = CARTESIAN_POINT('',(2838.36590086,402.15381806,-23.2118201136));
#2758 = CARTESIAN_POINT('',(2838.24310443,376.907230235,-28.401097031));
#2759 = CARTESIAN_POINT('',(2838.11948413,351.666134465,-33.5944876441));
#2760 = CARTESIAN_POINT('',(2837.994824,326.432955661,-38.7795396407));
#2761 = CARTESIAN_POINT('',(2837.86864463,301.210370278,-44.0019232568));
#2762 = CARTESIAN_POINT('',(2837.74108516,275.998308165,-49.0935209961));
#2763 = CARTESIAN_POINT('',(2837.61185543,250.786538458,-54.6882715929));
#2764 = CARTESIAN_POINT('',(2837.48055537,225.643901167,-58.4117104361));
#2765 = CARTESIAN_POINT('',(2837.34729522,200.51282165,-62.3197728141));
#2766 = CARTESIAN_POINT('',(2837.21169219,175.406023296,-66.3657727631));
#2767 = CARTESIAN_POINT('',(2837.07284609,150.293455161,-71.570843707));
#2768 = CARTESIAN_POINT('',(2836.93171685,125.214466077,-76.4832037222));
#2769 = CARTESIAN_POINT('',(2836.78702072,100.180501583,-81.4889486807));
#2770 = CARTESIAN_POINT('',(2836.63905369,75.1358887487,-86.4828848891));
#2771 = CARTESIAN_POINT('',(2836.43746503,41.7595426763,-93.1580669335));
#2772 = CARTESIAN_POINT('',(2836.27987576,16.712594985,-98.176802286));
#2773 = CARTESIAN_POINT('',(2836.17302917,0.,-101.52927672));
#2774 = CARTESIAN_POINT('',(2924.35882169,479.070744047,-7.59142830555));
#2775 = CARTESIAN_POINT('',(2924.22038273,462.17765151,-11.0205063891));
#2776 = CARTESIAN_POINT('',(2924.01258493,436.834341658,-16.0251129674));
#2777 = CARTESIAN_POINT('',(2923.73437958,403.052958695,-22.7328967206));
#2778 = CARTESIAN_POINT('',(2923.52474643,377.724610674,-27.7594432271));
#2779 = CARTESIAN_POINT('',(2923.31409774,352.403227591,-32.7924003004));
#2780 = CARTESIAN_POINT('',(2923.1021695,327.091634783,-37.8167293231));
#2781 = CARTESIAN_POINT('',(2922.88837134,301.793189316,-42.8850598342));
#2782 = CARTESIAN_POINT('',(2922.67286925,276.508313963,-47.80583342));
#2783 = CARTESIAN_POINT('',(2922.45527498,251.227468428,-53.301093202));
#2784 = CARTESIAN_POINT('',(2922.23524705,226.020258116,-56.6680262277));
#2785 = CARTESIAN_POINT('',(2922.01278113,200.830094857,-60.2469063192));
#2786 = CARTESIAN_POINT('',(2921.78742791,175.670413985,-63.9851322875));
#2787 = CARTESIAN_POINT('',(2921.55801939,150.510109084,-69.0454938402));
#2788 = CARTESIAN_POINT('',(2921.32584095,125.387721474,-73.7740564461));
#2789 = CARTESIAN_POINT('',(2921.08927693,100.318065961,-78.6102494405));
#2790 = CARTESIAN_POINT('',(2920.84868821,75.2375583984,-83.4338772295));
#2791 = CARTESIAN_POINT('',(2920.52264078,41.8153839227,-89.8857222332));
#2792 = CARTESIAN_POINT('',(2920.27020177,16.734892099,-94.7392643801));
#2793 = CARTESIAN_POINT('',(2920.09967548,0.,-97.982263857));
#2794 = CARTESIAN_POINT('',(3010.10044547,480.133555918,-7.5497929892));
#2795 = CARTESIAN_POINT('',(3009.90635068,463.197241296,-10.8823591402));
#2796 = CARTESIAN_POINT('',(3009.61504911,437.789092126,-15.6664786371));
#2797 = CARTESIAN_POINT('',(3009.22543118,403.921766641,-22.099125945));
#2798 = CARTESIAN_POINT('',(3008.93217419,378.529372799,-26.9181724609));
#2799 = CARTESIAN_POINT('',(3008.63782677,353.144504154,-31.7452359875));
#2800 = CARTESIAN_POINT('',(3008.34210797,327.770139372,-36.5651821367));
#2801 = CARTESIAN_POINT('',(3008.04438453,302.409895343,-41.4298166023));
#2802 = CARTESIAN_POINT('',(3007.74482824,277.064376937,-46.1529462969));
#2803 = CARTESIAN_POINT('',(3007.44298641,251.724300321,-51.437111854));
#2804 = CARTESIAN_POINT('',(3007.13866982,226.459840808,-54.6539950172));
#2805 = CARTESIAN_POINT('',(3006.83170976,201.214393204,-58.0796586875));
#2806 = CARTESIAN_POINT('',(3006.52165017,176.00177673,-61.6629922325));
#2807 = CARTESIAN_POINT('',(3006.20716856,150.790339529,-66.5340459565));
#2808 = CARTESIAN_POINT('',(3005.8897646,125.618742592,-71.0842504431));
#2809 = CARTESIAN_POINT('',(3005.56766458,100.500400102,-75.7405882817));
#2810 = CARTESIAN_POINT('',(3005.2412513,75.3730528601,-80.3859006583));
#2811 = CARTESIAN_POINT('',(3004.80042623,41.8898668559,-86.6007905705));
#2812 = CARTESIAN_POINT('',(3004.46130076,16.7647012782,-91.2775936782));
#2813 = CARTESIAN_POINT('',(3004.23278275,0.,-94.4028607293));
#2814 = CARTESIAN_POINT('',(3095.99581644,481.123227622,-7.47907384589));
#2815 = CARTESIAN_POINT('',(3095.73986824,464.154472763,-10.6909737354));
#2816 = CARTESIAN_POINT('',(3095.35577595,438.697654819,-15.227305682));
#2817 = CARTESIAN_POINT('',(3094.84247868,404.765248729,-21.3463285875));
#2818 = CARTESIAN_POINT('',(3094.45649685,379.323891754,-25.9288228243));
#2819 = CARTESIAN_POINT('',(3094.06944888,353.889841289,-30.5205220381));
#2820 = CARTESIAN_POINT('',(3093.6810638,328.466018926,-35.1075861311));
#2821 = CARTESIAN_POINT('',(3093.29072344,303.055940504,-39.7355542258));
#2822 = CARTESIAN_POINT('',(3092.89858636,277.660134325,-44.2437685838));
#2823 = CARTESIAN_POINT('',(3092.50415781,252.269177851,-49.2396928648));
#2824 = CARTESIAN_POINT('',(3092.10751123,226.953228937,-52.4522290999));
#2825 = CARTESIAN_POINT('',(3091.70824271,201.655484749,-55.8485141749));
#2826 = CARTESIAN_POINT('',(3091.30594481,176.389697082,-59.3843441931));
#2827 = CARTESIAN_POINT('',(3090.899225,151.12416147,-64.0355825094));
#2828 = CARTESIAN_POINT('',(3090.48972353,125.898317826,-68.411502855));
#2829 = CARTESIAN_POINT('',(3090.07564955,100.720941953,-72.8808637207));
#2830 = CARTESIAN_POINT('',(3089.65737056,75.5375927164,-77.3421521952));
#2831 = CARTESIAN_POINT('',(3089.09424582,41.9805148194,-83.310217297));
#2832 = CARTESIAN_POINT('',(3088.66355568,16.8010173344,-87.801731343));
#2833 = CARTESIAN_POINT('',(3088.37399635,0.,-90.8031253068));
#2834 = CARTESIAN_POINT('',(3182.00449787,482.051690009,-7.37332848464));
#2835 = CARTESIAN_POINT('',(3181.68360645,465.05949831,-10.4423107303));
#2836 = CARTESIAN_POINT('',(3181.202097,439.567514821,-14.7197527419));
#2837 = CARTESIAN_POINT('',(3180.55904818,405.587449293,-20.504690838));
#2838 = CARTESIAN_POINT('',(3180.07586975,380.109724616,-24.8359145624));
#2839 = CARTESIAN_POINT('',(3179.59173238,354.638437773,-29.1767910713));
#2840 = CARTESIAN_POINT('',(3179.10639744,329.176277576,-33.5158940167));
#2841 = CARTESIAN_POINT('',(3178.61931023,303.726358153,-37.8888832236));
#2842 = CARTESIAN_POINT('',(3178.1306005,278.288913594,-42.1734010275));
#2843 = CARTESIAN_POINT('',(3177.63975182,252.854059595,-46.8338811724));
#2844 = CARTESIAN_POINT('',(3177.14718429,227.491556662,-50.1355268514));
#2845 = CARTESIAN_POINT('',(3176.65220729,202.144077862,-53.58149637));
#2846 = CARTESIAN_POINT('',(3176.15450696,176.824966717,-57.1378506269));
#2847 = CARTESIAN_POINT('',(3175.65269448,151.502897418,-61.5492291537));
#2848 = CARTESIAN_POINT('',(3175.14848357,126.218542533,-65.7524325239));
#2849 = CARTESIAN_POINT('',(3174.64018584,100.97408968,-70.0289639445));
#2850 = CARTESIAN_POINT('',(3174.1281225,75.7271230097,-74.3010267291));
#2851 = CARTESIAN_POINT('',(3173.44058322,42.0852411189,-80.0136191166));
#2852 = CARTESIAN_POINT('',(3172.917381,16.8429936436,-84.3123361453));
#2853 = CARTESIAN_POINT('',(3172.56631969,0.,-87.1845039123));
#2854 = CARTESIAN_POINT('',(3268.10760377,482.931251637,-7.2252086124));
#2855 = CARTESIAN_POINT('',(3267.718772,465.922821,-10.1314962919));
#2856 = CARTESIAN_POINT('',(3267.13535621,440.406467334,-14.1560090038));
#2857 = CARTESIAN_POINT('',(3266.35664738,406.392669889,-19.605880265));
#2858 = CARTESIAN_POINT('',(3265.77190698,380.888646967,-23.6858101826));
#2859 = CARTESIAN_POINT('',(3265.1863811,355.389673439,-27.7749381302));
#2860 = CARTESIAN_POINT('',(3264.59988134,329.898064867,-31.8648777051));
#2861 = CARTESIAN_POINT('',(3264.01195518,304.416293137,-35.9797636639));
#2862 = CARTESIAN_POINT('',(3263.42269104,278.944124499,-40.0405675566));
#2863 = CARTESIAN_POINT('',(3262.83156661,253.470953022,-44.3495453487));
#2864 = CARTESIAN_POINT('',(3262.23941799,228.065808649,-47.7792175307));
#2865 = CARTESIAN_POINT('',(3261.64522461,202.670627959,-51.3071764295));
#2866 = CARTESIAN_POINT('',(3261.04880257,177.298053099,-54.9110660603));
#2867 = CARTESIAN_POINT('',(3260.44882482,151.917518538,-59.0739667125));
#2868 = CARTESIAN_POINT('',(3259.84702635,126.571160958,-63.1038094778));
#2869 = CARTESIAN_POINT('',(3259.24191633,101.253983457,-67.183431095));
#2870 = CARTESIAN_POINT('',(3258.6337449,75.9373941348,-71.2620436145));
#2871 = CARTESIAN_POINT('',(3257.8190476,42.2018542794,-76.7124014338));
#2872 = CARTESIAN_POINT('',(3257.20178601,16.8897409771,-80.8123695207));
#2873 = CARTESIAN_POINT('',(3256.7883274,0.,-83.5510953507));
#2874 = CARTESIAN_POINT('',(3383.01286084,484.055154925,-6.96190223546));
#2875 = CARTESIAN_POINT('',(3382.53061254,467.032270926,-9.62798540559));
#2876 = CARTESIAN_POINT('',(3381.80708412,441.494220031,-13.3456458505));
#2877 = CARTESIAN_POINT('',(3380.84192239,407.449375297,-18.3729005083));
#2878 = CARTESIAN_POINT('',(3380.11765232,381.920358136,-22.1372023594));
#2879 = CARTESIAN_POINT('',(3379.39289437,356.394019111,-25.9086188458));
#2880 = CARTESIAN_POINT('',(3378.66754499,330.872035562,-29.6830739831));
#2881 = CARTESIAN_POINT('',(3377.94132664,305.355782472,-33.4697139965));
#2882 = CARTESIAN_POINT('',(3377.21426007,279.844228358,-37.2437960254));
#2883 = CARTESIAN_POINT('',(3376.48583119,254.325546014,-41.1037778584));
#2884 = CARTESIAN_POINT('',(3375.75749933,228.867466634,-44.6841719003));
#2885 = CARTESIAN_POINT('',(3375.0277615,203.410720704,-48.302913778));
#2886 = CARTESIAN_POINT('',(3374.29664323,177.96671042,-51.9521242073));
#2887 = CARTESIAN_POINT('',(3373.56295831,152.506322404,-55.7871172148));
#2888 = CARTESIAN_POINT('',(3372.82841733,127.073663882,-59.581903507));
#2889 = CARTESIAN_POINT('',(3372.0918882,101.655144085,-63.395721879));
#2890 = CARTESIAN_POINT('',(3371.35350157,76.2398349328,-67.211903479));
#2891 = CARTESIAN_POINT('',(3370.36685362,42.3703150615,-72.3058772589));
#2892 = CARTESIAN_POINT('',(3369.6228853,16.9572664951,-76.1348020062));
#2893 = CARTESIAN_POINT('',(3369.12550387,0.,-78.6913757294));
#2894 = CARTESIAN_POINT('',(3469.24925292,484.861269682,-6.67982094729));
#2895 = CARTESIAN_POINT('',(3468.69478024,467.832946699,-9.14316120705));
#2896 = CARTESIAN_POINT('',(3467.86292925,442.286723322,-12.6902840099));
#2897 = CARTESIAN_POINT('',(3466.75366821,408.22904417,-17.4566267262));
#2898 = CARTESIAN_POINT('',(3465.92160558,382.688837626,-21.0280806142));
#2899 = CARTESIAN_POINT('',(3465.08932794,357.149141166,-24.603134647));
#2900 = CARTESIAN_POINT('',(3464.25680881,331.611048148,-28.1805598917));
#2901 = CARTESIAN_POINT('',(3463.42393088,306.074930642,-31.761599684));
#2902 = CARTESIAN_POINT('',(3462.59065476,280.539028467,-35.3467860029));
#2903 = CARTESIAN_POINT('',(3461.75648448,254.990404612,-38.938620994));
#2904 = CARTESIAN_POINT('',(3460.92339837,229.49556862,-42.5284301387));
#2905 = CARTESIAN_POINT('',(3460.08949959,203.994188981,-46.1248497931));
#2906 = CARTESIAN_POINT('',(3459.25499791,178.496485374,-49.7267018863));
#2907 = CARTESIAN_POINT('',(3458.41885646,152.974848552,-53.3365196861));
#2908 = CARTESIAN_POINT('',(3457.58272812,127.474555484,-56.9472732539));
#2909 = CARTESIAN_POINT('',(3456.74582127,101.978691313,-60.5606519536));
#2910 = CARTESIAN_POINT('',(3455.90815833,76.4851315272,-64.1763441078));
#2911 = CARTESIAN_POINT('',(3454.79066011,42.5079717072,-68.9981721594));
#2912 = CARTESIAN_POINT('',(3453.95062889,17.0124220283,-72.6192641944));
#2913 = CARTESIAN_POINT('',(3453.38971896,0.,-75.0361139023));
#2914 = CARTESIAN_POINT('',(3526.7446753,485.398725313,-6.44475264613));
#2915 = CARTESIAN_POINT('',(3526.1420589,468.366775509,-8.76601204115));
#2916 = CARTESIAN_POINT('',(3525.23800169,442.815102566,-12.2484119756));
#2917 = CARTESIAN_POINT('',(3524.03268619,408.748865408,-16.891249347));
#2918 = CARTESIAN_POINT('',(3523.1287707,383.201197927,-20.3731033829));
#2919 = CARTESIAN_POINT('',(3522.22482211,357.652595091,-23.855084897));
#2920 = CARTESIAN_POINT('',(3521.32086534,332.103760903,-27.3370979416));
#2921 = CARTESIAN_POINT('',(3520.41688988,306.554398838,-30.8191829299));
#2922 = CARTESIAN_POINT('',(3519.51281628,281.002262723,-34.3016459893));
#2923 = CARTESIAN_POINT('',(3518.60816065,255.433676253,-37.7863510434));
#2924 = CARTESIAN_POINT('',(3517.70524729,229.914332613,-41.2643448647));
#2925 = CARTESIAN_POINT('',(3516.80191683,204.383199989,-44.7439453892));
#2926 = CARTESIAN_POINT('',(3515.89850186,178.849678988,-48.223871422));
#2927 = CARTESIAN_POINT('',(3514.99406507,153.287278053,-51.7077334588));
#2928 = CARTESIAN_POINT('',(3514.09022088,127.741625649,-55.1893128627));
#2929 = CARTESIAN_POINT('',(3513.18640462,102.196763026,-58.6707846285));
#2930 = CARTESIAN_POINT('',(3512.2825666,76.651285007,-62.1523402659));
#2931 = CARTESIAN_POINT('',(3511.07784708,42.6018922316,-66.7928819412));
#2932 = CARTESIAN_POINT('',(3510.17378316,17.050029724,-70.2753077111));
#2933 = CARTESIAN_POINT('',(3509.57052707,0.,-72.599031192));
#2934 = B_SPLINE_SURFACE_WITH_KNOTS('',3,3,((#1974,#1975,#1976,#1977,#1978,#1979,#1980,#1981,#1982,#1983,#1984,#1985,#1986,#1987,#1988,#1989,#1990,#1991,#1992,#1993),(#1994,#1995,#1996,#1997,#1998,#1999,#2000,#2001,#2002,#2003,#2004,#2005,#2006,#2007,
#2008,#2009,#2010,#2011,#2012,#2013),(#2014,#2015,#2016,#2017,#2018,#2019,#2020,#2021,#2022,#2023,#2024,#2025,#2026,#2027,#2028,#2029,#2030,#2031,#2032,#2033),(#2034,#2035,#2036,#2037,#2038,#2039,#2040,#2041,#2042,#2043,#2044,#2045,#2046,#2047,#2048,
#2049,#2050,#2051,#2052,#2053),(#2054,#2055,#2056,#2057,#2058,#2059,#2060,#2061,#2062,#2063,#2064,#2065,#2066,#2067,#2068,#2069,#2070,#2071,#2072,#2073),(#2074,#2075,#2076,#2077,#2078,#2079,#2080,#2081,#2082,#2083,#2084,#2085,#2086,#2087,#2088,#2089,
#2090,#2091,#2092,#2093),(#2094,#2095,#2096,#2097,#2098,#2099,#2100,#2101,#2102,#2103,#2104,#2105,#2106,#2107,#2108,#2109,#2110,#2111,#2112,#2113),(#2114,#2115,#2116,#2117,#2118,#2119,#2120,#2121,#2122,#2123,#2124,#2125,#2126,#2127,#2128,#2129,#2130,
#2131,#2132,#2133),(#2134,#2135,#2136,#2137,#2138,#2139,#2140,#2141,#2142,#2143,#2144,#2145,#2146,#2147,#2148,#2149,#2150,#2151,#2152,#2153),(#2154,#2155,#2156,#2157,#2158,#2159,#2160,#2161,#2162,#2163,#2164,#2165,#2166,#2167,#2168,#2169,#2170,#2171,
#2172,#2173),(#2174,#2175,#2176,#2177,#2178,#2179,#2180,#2181,#2182,#2183,#2184,#2185,#2186,#2187,#2188,#2189,#2190,#2191,#2192,#2193),(#2194,#2195,#2196,#2197,#2198,#2199,#2200,#2201,#2202,#2203,#2204,#2205,#2206,#2207,#2208,#2209,#2210,#2211,#2212,
#2213),(#2214,#2215,#2216,#2217,#2218,#2219,#2220,#2221,#2222,#2223,#2224,#2225,#2226,#2227,#2228,#2229,#2230,#2231,#2232,#2233),(#2234,#2235,#2236,#2237,#2238,#2239,#2240,#2241,#2242,#2243,#2244,#2245,#2246,#2247,#2248,#2249,#2250,#2251,#2252,#2253),
(#2254,#2255,#2256,#2257,#2258,#2259,#2260,#2261,#2262,#2263,#2264,#2265,#2266,#2267,#2268,#2269,#2270,#2271,#2272,#2273),(#2274,#2275,#2276,#2277,#2278,#2279,#2280,#2281,#2282,#2283,#2284,#2285,#2286,#2287,#2288,#2289,#2290,#2291,#2292,#2293),(#2294,
#2295,#2296,#2297,#2298,#2299,#2300,#2301,#2302,#2303,#2304,#2305,#2306,#2307,#2308,#2309,#2310,#2311,#2312,#2313),(#2314,#2315,#2316,#2317,#2318,#2319,#2320,#2321,#2322,#2323,#2324,#2325,#2326,#2327,#2328,#2329,#2330,#2331,#2332,#2333),(#2334,#2335,
#2336,#2337,#2338,#2339,#2340,#2341,#2342,#2343,#2344,#2345,#2346,#2347,#2348,#2349,#2350,#2351,#2352,#2353),(#2354,#2355,#2356,#2357,#2358,#2359,#2360,#2361,#2362,#2363,#2364,#2365,#2366,#2367,#2368,#2369,#2370,#2371,#2372,#2373),(#2374,#2375,#2376,
#2377,#2378,#2379,#2380,#2381,#2382,#2383,#2384,#2385,#2386,#2387,#2388,#2389,#2390,#2391,#2392,#2393),(#2394,#2395,#2396,#2397,#2398,#2399,#2400,#2401,#2402,#2403,#2404,#2405,#2406,#2407,#2408,#2409,#2410,#2411,#2412,#2413),(#2414,#2415,#2416,#2417,
#2418,#2419,#2420,#2421,#2422,#2423,#2424,#2425,#2426,#2427,#2428,#2429,#2430,#2431,#2432,#2433),(#2434,#2435,#2436,#2437,#2438,#2439,#2440,#2441,#2442,#2443,#2444,#2445,#2446,#2447,#2448,#2449,#2450,#2451,#2452,#2453),(#2454,#2455,#2456,#2457,#2458,
#2459,#2460,#2461,#2462,#2463,#2464,#2465,#2466,#2467,#2468,#2469,#2470,#2471,#2472,#2473),(#2474,#2475,#2476,#2477,#2478,#2479,#2480,#2481,#2482,#2483,#2484,#2485,#2486,#2487,#2488,#2489,#2490,#2491,#2492,#2493),(#2494,#2495,#2496,#2497,#2498,#2499,
#2500,#2501,#2502,#2503,#2504,#2505,#2506,#2507,#2508,#2509,#2510,#2511,#2512,#2513),(#2514,#2515,#2516,#2517,#2518,#2519,#2520,#2521,#2522,#2523,#2524,#2525,#2526,#2527,#2528,#2529,#2530,#2531,#2532,#2533),(#2534,#2535,#2536,#2537,#2538,#2539,#2540,
#2541,#2542,#2543,#2544,#2545,#2546,#2547,#2548,#2549,#2550,#2551,#2552,#2553),(#2554,#2555,#2556,#2557,#2558,#2559,#2560,#2561,#2562,#2563,#2564,#2565,#2566,#2567,#2568,#2569,#2570,#2571,#2572,#2573),(#2574,#2575,#2576,#2577,#2578,#2579,#2580,#2581,
#2582,#2583,#2584,#2585,#2586,#2587,#2588,#2589,#2590,#2591,#2592,#2593),(#2594,#2595,#2596,#2597,#2598,#2599,#2600,#2601,#2602,#2603,#2604,#2605,#2606,#2607,#2608,#2609,#2610,#2611,#2612,#2613),(#2614,#2615,#2616,#2617,#2618,#2619,#2620,#2621,#2622,
#2623,#2624,#2625,#2626,#2627,#2628,#2629,#2630,#2631,#2632,#2633),(#2634,#2635,#2636,#2637,#2638,#2639,#2640,#2641,#2642,#2643,#2644,#2645,#2646,#2647,#2648,#2649,#2650,#2651,#2652,#2653),(#2654,#2655,#2656,#2657,#2658,#2659,#2660,#2661,#2662,#2663,
#2664,#2665,#2666,#2667,#2668,#2669,#2670,#2671,#2672,#2673),(#2674,#2675,#2676,#2677,#2678,#2679,#2680,#2681,#2682,#2683,#2684,#2685,#2686,#2687,#2688,#2689,#2690,#2691,#2692,#2693),(#2694,#2695,#2696,#2697,#2698,#2699,#2700,#2701,#2702,#2703,#2704,
#2705,#2706,#2707,#2708,#2709,#2710,#2711,#2712,#2713),(#2714,#2715,#2716,#2717,#2718,#2719,#2720,#2721,#2722,#2723,#2724,#2725,#2726,#2727,#2728,#2729,#2730,#2731,#2732,#2733),(#2734,#2735,#2736,#2737,#2738,#2739,#2740,#2741,#2742,#2743,#2744,#2745,
#2746,#2747,#2748,#2749,#2750,#2751,#2752,#2753),(#2754,#2755,#2756,#2757,#2758,#2759,#2760,#2761,#2762,#2763,#2764,#2765,#2766,#2767,#2768,#2769,#2770,#2771,#2772,#2773),(#2774,#2775,#2776,#2777,#2778,#2779,#2780,#2781,#2782,#2783,#2784,#2785,#2786,
#2787,#2788,#2789,#2790,#2791,#2792,#2793),(#2794,#2795,#2796,#2797,#2798,#2799,#2800,#2801,#2802,#2803,#2804,#2805,#2806,#2807,#2808,#2809,#2810,#2811,#2812,#2813),(#2814,#2815,#2816,#2817,#2818,#2819,#2820,#2821,#2822,#2823,#2824,#2825,#2826,#2827,
#2828,#2829,#2830,#2831,#2832,#2833),(#2834,#2835,#2836,#2837,#2838,#2839,#2840,#2841,#2842,#2843,#2844,#2845,#2846,#2847,#2848,#2849,#2850,#2851,#2852,#2853),(#2854,#2855,#2856,#2857,#2858,#2859,#2860,#2861,#2862,#2863,#2864,#2865,#2866,#2867,#2868,
#2869,#2870,#2871,#2872,#2873),(#2874,#2875,#2876,#2877,#2878,#2879,#2880,#2881,#2882,#2883,#2884,#2885,#2886,#2887,#2888,#2889,#2890,#2891,#2892,#2893),(#2894,#2895,#2896,#2897,#2898,#2899,#2900,#2901,#2902,#2903,#2904,#2905,#2906,#2907,#2908,#2909,
#2910,#2911,#2912,#2913),(#2914,#2915,#2916,#2917,#2918,#2919,#2920,#2921,#2922,#2923,#2924,#2925,#2926,#2927,#2928,#2929,#2930,#2931,#2932,#2933)),.UNSPECIFIED.,.F.,.F.,.F.,(4,1,1,1,1,1,1,1,1,1,1,1,1,1,1,1,1,1,1,1,1,1,1,1,1,1,1,1,1,1,1,1,1,1,1,1,1,1,
1,1,1,1,1,1,1,4),(4,1,1,1,1,1,1,1,1,1,1,1,1,1,1,1,1,4),(0.,0.027391365779,0.0413175153067,0.0554839438082,0.0699421257173,0.0847402444438,0.0999240947869,0.115534242096,0.131611457711,0.150021580309,0.170717269321,0.193617940393,0.216787229303,
0.240176888789,0.263744550894,0.287449545427,0.311252327359,0.33511440615,0.358998257963,0.382867082735,0.406684680668,0.430355937958,0.453862459009,0.477202292971,0.500447579864,0.523608654633,0.546694198543,0.569712774622,0.592672996363,
0.615583514823,0.638453012809,0.661290199452,0.684103805178,0.706902577088,0.729695274713,0.752490666114,0.775161412932,0.79771239759,0.820144965391,0.842593024731,0.86505467801,0.887527984205,0.910010967306,0.932501644545,0.95499802224,1.),(0.,
0.104968860596,0.157465286126,0.209978283173,0.262512744251,0.315071180292,0.367656935236,0.42027647044,0.472956078817,0.525695015211,0.57847394621,0.631240214517,0.683982385944,0.736701678566,0.789408733121,0.842097974603,0.89476285109,1.),
.UNSPECIFIED.);
#2935 = B_SPLINE_CURVE_WITH_KNOTS('',3,(#1974,#1975,#1976,#1977,#1978,#1979,#1980,#1981,#1982,#1983,#1984,#1985,#1986,#1987,#1988,#1989,#1990,#1991,#1992,#1993),.UNSPECIFIED.,.F.,.F.,(4,1,1,1,1,1,1,1,1,1,1,1,1,1,1,1,1,4),(0.,0.104968860596,
0.157465286126,0.209978283173,0.262512744251,0.315071180292,0.367656935236,0.42027647044,0.472956078817,0.525695015211,0.57847394621,0.631240214517,0.683982385944,0.736701678566,0.789408733121,0.842097974603,0.89476285109,1.),.UNSPECIFIED.);
#2936 = B_SPLINE_CURVE_WITH_KNOTS('',3,(#2914,#2915,#2916,#2917,#2918,#2919,#2920,#2921,#2922,#2923,#2924,#2925,#2926,#2927,#2928,#2929,#2930,#2931,#2932,#2933),.UNSPECIFIED.,.F.,.F.,(4,1,1,1,1,1,1,1,1,1,1,1,1,1,1,1,1,4),(0.,0.104968860596,
0.157465286126,0.209978283173,0.262512744251,0.315071180292,0.367656935236,0.42027647044,0.472956078817,0.525695015211,0.57847394621,0.631240214517,0.683982385944,0.736701678566,0.789408733121,0.842097974603,0.89476285109,1.),.UNSPECIFIED.);
#2937 = B_SPLINE_CURVE_WITH_KNOTS('',3,(#1974,#1994,#2014,#2034,#2054,#2074,#2094,#2114,#2134,#2154,#2174,#2194,#2214,#2234,#2254,#2274,#2294,#2314,#2334,#2354,#2374,#2394,#2414,#2434,#2454,#2474,#2494,#2514,#2534,#2554,#2574,#2594,#2614,#2634,#2654,
#2674,#2694,#2714,#2734,#2754,#2774,#2794,#2814,#2834,#2854,#2874,#2894,#2914),.UNSPECIFIED.,.F.,.F.,(4,1,1,1,1,1,1,1,1,1,1,1,1,1,1,1,1,1,1,1,1,1,1,1,1,1,1,1,1,1,1,1,1,1,1,1,1,1,1,1,1,1,1,1,1,4),(0.,0.027391365779,0.0413175153067,0.0554839438082,
0.0699421257173,0.0847402444438,0.0999240947869,0.115534242096,0.131611457711,0.150021580309,0.170717269321,0.193617940393,0.216787229303,0.240176888789,0.263744550894,0.287449545427,0.311252327359,0.33511440615,0.358998257963,0.382867082735,
0.406684680668,0.430355937958,0.453862459009,0.477202292971,0.500447579864,0.523608654633,0.546694198543,0.569712774622,0.592672996363,0.615583514823,0.638453012809,0.661290199452,0.684103805178,0.706902577088,0.729695274713,0.752490666114,
0.775161412932,0.79771239759,0.820144965391,0.842593024731,0.86505467801,0.887527984205,0.910010967306,0.932501644545,0.95499802224,1.),.UNSPECIFIED.);
#2938 = B_SPLINE_CURVE_WITH_KNOTS('',3,(#1993,#2013,#2033,#2053,#2073,#2093,#2113,#2133,#2153,#2173,#2193,#2213,#2233,#2253,#2273,#2293,#2313,#2333,#2353,#2373,#2393,#2413,#2433,#2453,#2473,#2493,#2513,#2533,#2553,#2573,#2593,#2613,#2633,#2653,#2673,
#2693,#2713,#2733,#2753,#2773,#2793,#2813,#2833,#2853,#2873,#2893,#2913,#2933),.UNSPECIFIED.,.F.,.F.,(4,1,1,1,1,1,1,1,1,1,1,1,1,1,1,1,1,1,1,1,1,1,1,1,1,1,1,1,1,1,1,1,1,1,1,1,1,1,1,1,1,1,1,1,1,4),(0.,0.027391365779,0.0413175153067,0.0554839438082,
0.0699421257173,0.0847402444438,0.0999240947869,0.115534242096,0.131611457711,0.150021580309,0.170717269321,0.193617940393,0.216787229303,0.240176888789,0.263744550894,0.287449545427,0.311252327359,0.33511440615,0.358998257963,0.382867082735,
0.406684680668,0.430355937958,0.453862459009,0.477202292971,0.500447579864,0.523608654633,0.546694198543,0.569712774622,0.592672996363,0.615583514823,0.638453012809,0.661290199452,0.684103805178,0.706902577088,0.729695274713,0.752490666114,
0.775161412932,0.79771239759,0.820144965391,0.842593024731,0.86505467801,0.887527984205,0.910010967306,0.932501644545,0.95499802224,1.),.UNSPECIFIED.);
#2939 = VERTEX_POINT('',#1974);
#2940 = VERTEX_POINT('',#2914);
#2941 = VERTEX_POINT('',#2933);
#2942 = VERTEX_POINT('',#1993);
#2943 = EDGE_CURVE('',#2939,#2940,#2937,.T.);
#2944 = ORIENTED_EDGE('',*,*,#2943,.T.);
#2945 = EDGE_CURVE('',#2940,#2941,#2936,.T.);
#2946 = ORIENTED_EDGE('',*,*,#2945,.T.);
#2947 = EDGE_CURVE('',#2942,#2941,#2938,.T.);
#2948 = ORIENTED_EDGE('',*,*,#2947,.F.);
#2949 = EDGE_CURVE('',#2939,#2942,#2935,.T.);
#2950 = ORIENTED_EDGE('',*,*,#2949,.F.);
#2951 = EDGE_LOOP('',(#2944,#2946,#2948,#2950));
#2952 = FACE_OUTER_BOUND('',#2951,.T.);
#2953 = ADVANCED_FACE('',(#2952),#2934,.T.);
#2954 = CARTESIAN_POINT('',(-228.114560353,0.,228.097388055));
#2955 = CARTESIAN_POINT('',(-234.769692487,0.,242.461581936));
#2956 = CARTESIAN_POINT('',(-244.914383078,0.,263.932719697));
#2957 = CARTESIAN_POINT('',(-258.706852364,0.,292.434362669));
#2958 = CARTESIAN_POINT('',(-269.177038395,0.,313.748662393));
#2959 = CARTESIAN_POINT('',(-279.764294886,0.,335.004877804));
#2960 = CARTESIAN_POINT('',(-290.461113836,0.,356.205961739));
#2961 = CARTESIAN_POINT('',(-301.257060417,0.,377.356569661));
#2962 = CARTESIAN_POINT('',(-312.153125738,0.,398.455648889));
#2963 = CARTESIAN_POINT('',(-323.131642195,0.,419.512770264));
#2964 = CARTESIAN_POINT('',(-334.189506312,0.,440.533997808));
#2965 = CARTESIAN_POINT('',(-345.311766954,0.,461.511394698));
#2966 = CARTESIAN_POINT('',(-356.491268178,0.,482.448831658));
#2967 = CARTESIAN_POINT('',(-367.733707713,0.,503.377764334));
#2968 = CARTESIAN_POINT('',(-379.021229398,0.,524.27271316));
#2969 = CARTESIAN_POINT('',(-390.344471965,0.,545.146358245));
#2970 = CARTESIAN_POINT('',(-401.692985235,0.,565.994441157));
#2971 = CARTESIAN_POINT('',(-416.852742204,0.,593.772708031));
#2972 = CARTESIAN_POINT('',(-428.294094608,0.,614.683078933));
#2973 = CARTESIAN_POINT('',(-435.866898326,0.,628.522553908));
#2974 = CARTESIAN_POINT('',(-205.586420763,-21.031515475,221.660234296));
#2975 = CARTESIAN_POINT('',(-211.828565559,-21.6117268516,236.255816117));
#2976 = CARTESIAN_POINT('',(-221.340406481,-22.4829693024,258.080113742));
#2977 = CARTESIAN_POINT('',(-234.267412394,-23.6989364256,287.046358221));
#2978 = CARTESIAN_POINT('',(-244.078357791,-24.6551382337,308.699700492));
#2979 = CARTESIAN_POINT('',(-253.997026105,-25.6672467267,330.280142852));
#2980 = CARTESIAN_POINT('',(-264.016614972,-26.7503961534,351.783102771));
#2981 = CARTESIAN_POINT('',(-274.127664075,-27.9224300017,373.202478503));
#2982 = CARTESIAN_POINT('',(-284.331139102,-29.1905397839,394.530056856));
#2983 = CARTESIAN_POINT('',(-294.610964109,-30.5785242694,415.756486386));
#2984 = CARTESIAN_POINT('',(-304.964409798,-32.0765751541,436.885242295));
#2985 = CARTESIAN_POINT('',(-315.377657903,-33.6702561055,457.909695762));
#2986 = CARTESIAN_POINT('',(-325.844056382,-35.3459473201,478.837100332));
#2987 = CARTESIAN_POINT('',(-336.368969537,-37.0896723179,499.706500251));
#2988 = CARTESIAN_POINT('',(-346.935682494,-38.8916073102,520.495233238));
#2989 = CARTESIAN_POINT('',(-357.535553207,-40.7372900856,541.225708187));
#2990 = CARTESIAN_POINT('',(-368.158829102,-42.6169875503,561.900242228));
#2991 = CARTESIAN_POINT('',(-382.349554926,-45.1580409128,589.415261222));
#2992 = CARTESIAN_POINT('',(-393.059359398,-47.0956038499,610.104843968));
#2993 = CARTESIAN_POINT('',(-400.14796422,-48.3785980453,623.797816964));
#2994 = CARTESIAN_POINT('',(-171.696280597,-52.6733899403,211.975721177));
#2995 = CARTESIAN_POINT('',(-177.316709392,-54.0843585474,226.919444308));
#2996 = CARTESIAN_POINT('',(-185.875862715,-56.2031287679,249.275098375));
#2997 = CARTESIAN_POINT('',(-197.500024619,-59.1641773748,278.940371431));
#2998 = CARTESIAN_POINT('',(-206.318576453,-61.4957338572,301.10382895));
#2999 = CARTESIAN_POINT('',(-215.23078761,-63.9673134377,323.172095112));
#3000 = CARTESIAN_POINT('',(-224.2309174,-66.616821054,345.129249838));
#3001 = CARTESIAN_POINT('',(-233.310971728,-69.4889472932,366.953006323));
#3002 = CARTESIAN_POINT('',(-242.471878052,-72.6017029682,388.624377808));
#3003 = CARTESIAN_POINT('',(-251.699955142,-76.0146943319,410.105542795));
#3004 = CARTESIAN_POINT('',(-260.993036592,-79.7033344236,431.396081411));
#3005 = CARTESIAN_POINT('',(-270.339008894,-83.6315397019,452.491332863));
#3006 = CARTESIAN_POINT('',(-279.731978114,-87.7650596579,473.403640433));
#3007 = CARTESIAN_POINT('',(-289.176806157,-92.0693214409,494.183466014));
#3008 = CARTESIAN_POINT('',(-298.658495944,-96.5178867297,514.812386165));
#3009 = CARTESIAN_POINT('',(-308.169487332,-101.081659934,535.32744753));
#3010 = CARTESIAN_POINT('',(-317.701077491,-105.709646012,555.740860705));
#3011 = CARTESIAN_POINT('',(-330.43314125,-112.071809644,582.859798544));
#3012 = CARTESIAN_POINT('',(-340.041763413,-117.749147642,603.217185101));
#3013 = CARTESIAN_POINT('',(-346.401514765,-121.149688722,616.689732367));
#3014 = CARTESIAN_POINT('',(-123.780301824,-94.1749566925,199.097990105));
#3015 = CARTESIAN_POINT('',(-128.544457024,-96.5516657902,214.485548643));
#3016 = CARTESIAN_POINT('',(-135.793298382,-100.120794434,237.518737274));
#3017 = CARTESIAN_POINT('',(-145.628314147,-105.118366974,268.075993932));
#3018 = CARTESIAN_POINT('',(-153.085284531,-109.060966885,290.890875365));
#3019 = CARTESIAN_POINT('',(-160.617712314,-113.249328067,313.582764479));
#3020 = CARTESIAN_POINT('',(-168.221198918,-117.749983152,336.12148149));
#3021 = CARTESIAN_POINT('',(-175.889605287,-122.641362243,358.464388686));
#3022 = CARTESIAN_POINT('',(-183.623793136,-127.955082677,380.578968758));
#3023 = CARTESIAN_POINT('',(-191.413125195,-133.795755528,402.391602731));
#3024 = CARTESIAN_POINT('',(-199.256121203,-140.120224805,423.896966629));
#3025 = CARTESIAN_POINT('',(-207.14290619,-146.86538636,445.092829257));
#3026 = CARTESIAN_POINT('',(-215.06858747,-153.970943495,465.997921949));
#3027 = CARTESIAN_POINT('',(-223.037309336,-161.376713245,486.677060296));
#3028 = CARTESIAN_POINT('',(-231.03641466,-169.033828133,507.117130911));
#3029 = CARTESIAN_POINT('',(-239.059745246,-176.901046349,527.373551881));
#3030 = CARTESIAN_POINT('',(-247.100006882,-184.852081658,547.470951557));
#3031 = CARTESIAN_POINT('',(-257.839581733,-195.933921375,574.108388459));
#3032 = CARTESIAN_POINT('',(-265.944152258,-206.976264542,594.060603078));
#3033 = CARTESIAN_POINT('',(-271.30839928,-213.162617204,607.264282321));
#3034 = CARTESIAN_POINT('',(-85.790367672,-124.7844473,189.46584545));
#3035 = CARTESIAN_POINT('',(-89.8914210672,-127.799204574,205.170977365));
#3036 = CARTESIAN_POINT('',(-96.1268725758,-132.326635075,228.68905304));
#3037 = CARTESIAN_POINT('',(-104.580202879,-138.674291207,259.885181066));
#3038 = CARTESIAN_POINT('',(-110.986588047,-143.688375736,283.167029037));
#3039 = CARTESIAN_POINT('',(-117.455192268,-149.022700084,306.306478358));
#3040 = CARTESIAN_POINT('',(-123.982568316,-154.763964451,329.26329885));
#3041 = CARTESIAN_POINT('',(-130.563893294,-161.014357159,351.980513812));
#3042 = CARTESIAN_POINT('',(-137.199968496,-167.81508493,374.416085255));
#3043 = CARTESIAN_POINT('',(-143.882327583,-175.302453192,396.47117212));
#3044 = CARTESIAN_POINT('',(-150.6099564,-183.420243708,418.136989894));
#3045 = CARTESIAN_POINT('',(-157.374633279,-192.08643581,439.412983381));
#3046 = CARTESIAN_POINT('',(-164.172209284,-201.222366752,460.322375501));
#3047 = CARTESIAN_POINT('',(-171.006253911,-210.74981911,480.940093099));
#3048 = CARTESIAN_POINT('',(-177.865902963,-220.603820344,501.256748388));
#3049 = CARTESIAN_POINT('',(-184.746019044,-230.735969113,521.340676698));
#3050 = CARTESIAN_POINT('',(-191.640371341,-240.961665255,541.225238099));
#3051 = CARTESIAN_POINT('',(-200.849071989,-255.30068445,567.536593245));
#3052 = CARTESIAN_POINT('',(-207.798142674,-270.235267666,587.213318083));
#3053 = CARTESIAN_POINT('',(-212.397586453,-278.387725077,600.234168916));
#3054 = CARTESIAN_POINT('',(-45.066696431,-154.693936152,179.871543676));
#3055 = CARTESIAN_POINT('',(-48.4789039326,-158.24805893,195.87368356));
#3056 = CARTESIAN_POINT('',(-53.6632763917,-163.585658531,219.845382303));
#3057 = CARTESIAN_POINT('',(-60.6860803923,-171.079600877,251.639904992));
#3058 = CARTESIAN_POINT('',(-66.0058827241,-177.007201472,275.359683823));
#3059 = CARTESIAN_POINT('',(-71.3752220596,-183.323046297,298.9195948));
#3060 = CARTESIAN_POINT('',(-76.7915283814,-190.132254549,322.270221964));
#3061 = CARTESIAN_POINT('',(-82.2511941154,-197.558697858,345.341489676));
#3062 = CARTESIAN_POINT('',(-87.7549452987,-205.65234677,368.082680792));
#3063 = CARTESIAN_POINT('',(-93.2963361773,-214.57843815,390.371913895));
#3064 = CARTESIAN_POINT('',(-98.8747542479,-224.268859229,412.197235849));
#3065 = CARTESIAN_POINT('',(-104.483594685,-234.624455221,433.559571466));
#3066 = CARTESIAN_POINT('',(-110.119442507,-245.54981183,454.486233516));
#3067 = CARTESIAN_POINT('',(-115.785247534,-256.950111685,475.061382555));
#3068 = CARTESIAN_POINT('',(-121.471984844,-268.745849117,495.279011731));
#3069 = CARTESIAN_POINT('',(-127.175497398,-280.881688488,515.219218058));
#3070 = CARTESIAN_POINT('',(-132.890625651,-293.121174831,534.923312995));
#3071 = CARTESIAN_POINT('',(-140.524090565,-310.344683988,560.955525424));
#3072 = CARTESIAN_POINT('',(-146.284297688,-328.722392209,580.394789203));
#3073 = CARTESIAN_POINT('',(-150.096856657,-338.615555574,593.258024772));
#3074 = CARTESIAN_POINT('',(-0.937154917564,-183.711963725,170.32926247));
#3075 = CARTESIAN_POINT('',(-3.62051078215,-187.680397226,186.602540756));
#3076 = CARTESIAN_POINT('',(-7.69496550896,-193.640446949,210.988533239));
#3077 = CARTESIAN_POINT('',(-13.2105734847,-202.022473999,243.330528968));
#3078 = CARTESIAN_POINT('',(-17.3870906888,-208.663497672,267.451708952));
#3079 = CARTESIAN_POINT('',(-21.6011660502,-215.752625176,291.397987504));
#3080 = CARTESIAN_POINT('',(-25.8510134586,-223.411194897,315.111850678));
#3081 = CARTESIAN_POINT('',(-30.1341137175,-231.782151434,338.511683973));
#3082 = CARTESIAN_POINT('',(-34.4510990266,-240.923190687,361.539149701));
#3083 = CARTESIAN_POINT('',(-38.7973544146,-251.025004352,384.05207088));
#3084 = CARTESIAN_POINT('',(-43.1725859061,-262.009056229,406.035693053));
#3085 = CARTESIAN_POINT('',(-47.5717660471,-273.761290567,427.49217472));
#3086 = CARTESIAN_POINT('',(-51.992201037,-286.17160772,448.452413149));
#3087 = CARTESIAN_POINT('',(-56.4361494678,-299.130262356,469.008698686));
#3088 = CARTESIAN_POINT('',(-60.8964985658,-312.545683756,489.157971857));
#3089 = CARTESIAN_POINT('',(-65.3700170364,-326.354062706,508.990637739));
#3090 = CARTESIAN_POINT('',(-69.8526303643,-340.282011192,528.554977804));
#3091 = CARTESIAN_POINT('',(-75.839880871,-359.898339658,554.367079383));
#3092 = CARTESIAN_POINT('',(-80.3578261572,-380.926815701,573.616712583));
#3093 = CARTESIAN_POINT('',(-83.3481588906,-392.21791073,586.354047448));
#3094 = CARTESIAN_POINT('',(47.2400582802,-211.630267046,160.858947934));
#3095 = CARTESIAN_POINT('',(45.3041350514,-215.911346576,177.37206483));
#3096 = CARTESIAN_POINT('',(42.3660473276,-222.341184503,202.124763183));
#3097 = CARTESIAN_POINT('',(38.3907311516,-231.398191448,234.952609294));
#3098 = CARTESIAN_POINT('',(35.3813479991,-238.58502239,259.430978542));
#3099 = CARTESIAN_POINT('',(32.3455291498,-246.269972531,283.722353621));
#3100 = CARTESIAN_POINT('',(29.2843897221,-254.587940629,307.762437393));
#3101 = CARTESIAN_POINT('',(26.1995140893,-263.697789526,331.459962076));
#3102 = CARTESIAN_POINT('',(23.0903859979,-273.663685626,354.750248709));
#3103 = CARTESIAN_POINT('',(19.9600178944,-284.697575916,377.474142213));
#3104 = CARTESIAN_POINT('',(16.8084776701,-296.712293376,399.614530836));
#3105 = CARTESIAN_POINT('',(13.6392892656,-309.581529383,421.174509605));
#3106 = CARTESIAN_POINT('',(10.4544408319,-323.183022711,442.187949646));
#3107 = CARTESIAN_POINT('',(7.25239469518,-337.394120577,462.753936986));
#3108 = CARTESIAN_POINT('',(4.03832168181,-352.114432555,482.871835623));
#3109 = CARTESIAN_POINT('',(0.814581503462,-367.268500378,502.640602482));
#3110 = CARTESIAN_POINT('',(-2.4158360629,-382.568994169,522.114302308));
#3111 = CARTESIAN_POINT('',(-6.73071910361,-404.067406261,547.777522002));
#3112 = CARTESIAN_POINT('',(-9.98678247785,-426.695258601,566.895229245));
#3113 = CARTESIAN_POINT('',(-12.1419039527,-438.975775188,579.544914519));
#3114 = CARTESIAN_POINT('',(100.094844082,-238.254323361,151.477685437));
#3115 = CARTESIAN_POINT('',(98.8844693704,-242.799009361,168.194319253));
#3116 = CARTESIAN_POINT('',(97.0482601707,-249.624884683,193.258495141));
#3117 = CARTESIAN_POINT('',(94.5647110934,-259.24740723,226.50068035));
#3118 = CARTESIAN_POINT('',(92.6849321561,-266.888870398,251.284940279));
#3119 = CARTESIAN_POINT('',(90.7888385834,-275.066995797,275.873538693));
#3120 = CARTESIAN_POINT('',(88.8770062218,-283.927144054,300.196927486));
#3121 = CARTESIAN_POINT('',(86.9502636227,-293.64042005,324.156382935));
#3122 = CARTESIAN_POINT('',(85.0082359363,-304.275998793,347.682375485));
#3123 = CARTESIAN_POINT('',(83.0525969927,-316.062191993,370.602637951));
#3124 = CARTESIAN_POINT('',(81.0832846162,-328.905311279,392.898218837));
#3125 = CARTESIAN_POINT('',(79.1024431965,-342.669812476,414.572803549));
#3126 = CARTESIAN_POINT('',(77.1113728922,-357.224244194,435.66252558));
#3127 = CARTESIAN_POINT('',(75.1092078087,-372.435426225,456.271712284));
#3128 = CARTESIAN_POINT('',(73.0992269242,-388.198201395,476.401540602));
#3129 = CARTESIAN_POINT('',(71.0829632865,-404.420278303,496.157472155));
#3130 = CARTESIAN_POINT('',(69.0623464739,-420.832783343,515.597975413));
#3131 = CARTESIAN_POINT('',(66.3632091154,-443.739462554,541.195583148));
#3132 = CARTESIAN_POINT('',(64.3262868531,-466.665949825,560.248863263));
#3133 = CARTESIAN_POINT('',(62.9780876771,-479.482952818,572.855683421));
#3134 = CARTESIAN_POINT('',(158.44770351,-263.460910734,142.174965308));
#3135 = CARTESIAN_POINT('',(157.906552989,-268.260180158,159.054122));
#3136 = CARTESIAN_POINT('',(157.085863073,-275.468340716,184.367444585));
#3137 = CARTESIAN_POINT('',(155.976076339,-285.625375458,217.943297618));
#3138 = CARTESIAN_POINT('',(155.136122915,-293.687883088,242.975610454));
#3139 = CARTESIAN_POINT('',(154.288853085,-302.312534632,267.807501284));
#3140 = CARTESIAN_POINT('',(153.434453184,-311.651625062,292.365915155));
#3141 = CARTESIAN_POINT('',(152.573199293,-321.884315832,316.54717382));
#3142 = CARTESIAN_POINT('',(151.704887372,-333.083126623,340.278594604));
#3143 = CARTESIAN_POINT('',(150.830150125,-345.487168578,363.379199211));
#3144 = CARTESIAN_POINT('',(149.948896208,-358.998647049,385.828785405));
#3145 = CARTESIAN_POINT('',(149.062057753,-373.476180799,407.631233351));
#3146 = CARTESIAN_POINT('',(148.170264859,-388.782508613,428.824128507));
#3147 = CARTESIAN_POINT('',(147.273204876,-404.776736102,449.515270561));
#3148 = CARTESIAN_POINT('',(146.372381847,-421.353410796,469.706952489));
#3149 = CARTESIAN_POINT('',(145.468537397,-438.397718155,489.508812632));
#3150 = CARTESIAN_POINT('',(144.562584506,-455.695383147,508.982138851));
#3151 = CARTESIAN_POINT('',(143.352248075,-479.566711845,534.609817755));
#3152 = CARTESIAN_POINT('',(142.438749892,-501.373846141,553.675968585));
#3153 = CARTESIAN_POINT('',(141.834121424,-514.254798993,566.291048086));
#3154 = CARTESIAN_POINT('',(222.583545311,-286.944567961,133.013243908));
#3155 = CARTESIAN_POINT('',(222.61561488,-292.057994782,150.008411268));
#3156 = CARTESIAN_POINT('',(222.664285878,-299.737557609,175.500146554));
#3157 = CARTESIAN_POINT('',(222.730085299,-310.533689211,209.318059207));
#3158 = CARTESIAN_POINT('',(222.779852244,-319.084056468,234.532698832));
#3159 = CARTESIAN_POINT('',(222.829999841,-328.207362274,259.546532401));
#3160 = CARTESIAN_POINT('',(222.880493981,-338.058869185,284.284959846));
#3161 = CARTESIAN_POINT('',(222.931287893,-348.821089512,308.642161497));
#3162 = CARTESIAN_POINT('',(222.982380008,-360.568017024,332.544209348));
#3163 = CARTESIAN_POINT('',(223.033697562,-373.543306549,355.806363352));
#3164 = CARTESIAN_POINT('',(223.085224668,-387.64779685,378.407833419));
#3165 = CARTESIAN_POINT('',(223.136899901,-402.737994012,400.352252783));
#3166 = CARTESIAN_POINT('',(223.188706502,-418.674740944,421.677748654));
#3167 = CARTESIAN_POINT('',(223.240692903,-435.312309236,442.493602987));
#3168 = CARTESIAN_POINT('',(223.292785725,-452.551407347,462.802446171));
#3169 = CARTESIAN_POINT('',(223.344966192,-470.242501138,482.715463989));
#3170 = CARTESIAN_POINT('',(223.397201136,-488.288252161,502.295035079));
#3171 = CARTESIAN_POINT('',(223.466915804,-512.69758058,528.059082707));
#3172 = CARTESIAN_POINT('',(223.519485254,-531.295318211,547.224888117));
#3173 = CARTESIAN_POINT('',(223.5542793,-543.629513339,559.90625874));
#3174 = CARTESIAN_POINT('',(294.74469018,-309.006811595,123.803196223));
#3175 = CARTESIAN_POINT('',(295.229054959,-314.451244983,140.864719326));
#3176 = CARTESIAN_POINT('',(295.963473864,-322.627210327,166.459389131));
#3177 = CARTESIAN_POINT('',(296.956670221,-334.079852863,200.421886697));
#3178 = CARTESIAN_POINT('',(297.708526797,-343.118147965,225.749146142));
#3179 = CARTESIAN_POINT('',(298.467158847,-352.723757752,250.880172432));
#3180 = CARTESIAN_POINT('',(299.232498425,-363.050478881,275.741011064));
#3181 = CARTESIAN_POINT('',(300.004428731,-374.278912043,300.226843926));
#3182 = CARTESIAN_POINT('',(300.783190926,-386.482433825,324.264633883));
#3183 = CARTESIAN_POINT('',(301.568369833,-399.902252329,347.671408999));
#3184 = CARTESIAN_POINT('',(302.36013848,-414.440873496,370.426530192));
#3185 = CARTESIAN_POINT('',(303.15768905,-429.957019924,392.532877097));
#3186 = CARTESIAN_POINT('',(303.960369372,-446.313652934,414.028097136));
#3187 = CARTESIAN_POINT('',(304.768331152,-463.364681704,435.020735082));
#3188 = CARTESIAN_POINT('',(305.580160666,-481.019240806,455.512867161));
#3189 = CARTESIAN_POINT('',(306.395086242,-499.09823578,475.614334067));
#3190 = CARTESIAN_POINT('',(307.212200987,-517.620808015,495.386462524));
#3191 = CARTESIAN_POINT('',(308.304152345,-542.208731841,521.412180847));
#3192 = CARTESIAN_POINT('',(309.128503291,-557.032135293,540.776190774));
#3193 = CARTESIAN_POINT('',(309.67412999,-568.539352811,553.587225028));
#3194 = CARTESIAN_POINT('',(372.952930447,-329.260013841,114.754655727));
#3195 = CARTESIAN_POINT('',(373.765694851,-334.966633098,131.836915873));
#3196 = CARTESIAN_POINT('',(374.997833024,-343.535526204,157.465111869));
#3197 = CARTESIAN_POINT('',(376.664294797,-355.492441649,191.482347435));
#3198 = CARTESIAN_POINT('',(377.926084686,-364.892852832,216.857820447));
#3199 = CARTESIAN_POINT('',(379.199643371,-374.840251656,242.046008365));
#3200 = CARTESIAN_POINT('',(380.485018738,-385.482992171,266.975563419));
#3201 = CARTESIAN_POINT('',(381.782228137,-396.995064005,291.545471052));
#3202 = CARTESIAN_POINT('',(383.091773241,-409.447340104,315.685484623));
#3203 = CARTESIAN_POINT('',(384.413203585,-423.072330666,339.219326501));
#3204 = CARTESIAN_POINT('',(385.746959436,-437.77681721,362.127174791));
#3205 = CARTESIAN_POINT('',(387.091727187,-453.425663902,384.410732552));
#3206 = CARTESIAN_POINT('',(388.446265122,-469.887195698,406.106251571));
#3207 = CARTESIAN_POINT('',(389.810614386,-487.020064759,427.319552012));
#3208 = CARTESIAN_POINT('',(391.182290076,-504.739432147,448.051348634));
#3209 = CARTESIAN_POINT('',(392.559816371,-522.858407427,468.407600778));
#3210 = CARTESIAN_POINT('',(393.941521708,-541.448234641,488.446540836));
#3211 = CARTESIAN_POINT('',(395.788463212,-565.921544427,514.842537772));
#3212 = CARTESIAN_POINT('',(397.183119849,-578.157619461,534.488100785));
#3213 = CARTESIAN_POINT('',(398.106229485,-588.956681903,547.480694952));
#3214 = CARTESIAN_POINT('',(456.764461978,-347.899960033,105.852730888));
#3215 = CARTESIAN_POINT('',(457.796045335,-353.832435554,122.917067421));
#3216 = CARTESIAN_POINT('',(459.359631308,-362.73955445,148.519946432));
#3217 = CARTESIAN_POINT('',(461.474601825,-375.115524314,182.515782547));
#3218 = CARTESIAN_POINT('',(463.076335497,-384.804129334,207.884928404));
#3219 = CARTESIAN_POINT('',(464.693526166,-395.006746558,233.07949838));
#3220 = CARTESIAN_POINT('',(466.326444176,-405.862860765,258.032435097));
#3221 = CARTESIAN_POINT('',(467.975387689,-417.535819913,282.64892167));
#3222 = CARTESIAN_POINT('',(469.641119107,-430.092360435,306.86312468));
#3223 = CARTESIAN_POINT('',(471.323385252,-443.750923318,330.509665743));
#3224 = CARTESIAN_POINT('',(473.022939025,-458.424765042,353.570115853));
#3225 = CARTESIAN_POINT('',(474.738167278,-473.988119823,376.044658112));
#3226 = CARTESIAN_POINT('',(476.467302961,-490.31755896,397.967357801));
#3227 = CARTESIAN_POINT('',(478.210121733,-507.280540691,419.43959671));
#3228 = CARTESIAN_POINT('',(479.963323642,-524.797638677,440.460035286));
#3229 = CARTESIAN_POINT('',(481.724800926,-542.687378207,461.128557489));
#3230 = CARTESIAN_POINT('',(483.492237831,-561.038342754,481.498638994));
#3231 = CARTESIAN_POINT('',(485.855433639,-585.125617832,508.35854471));
#3232 = CARTESIAN_POINT('',(487.64035747,-595.364981566,528.359000536));
#3233 = CARTESIAN_POINT('',(488.821788027,-605.471593045,541.580019888));
#3234 = CARTESIAN_POINT('',(545.251287662,-364.965725222,97.146506897));
#3235 = CARTESIAN_POINT('',(546.403419246,-371.084494726,114.160875221));
#3236 = CARTESIAN_POINT('',(548.149375415,-380.270324393,139.689620345));
#3237 = CARTESIAN_POINT('',(550.511289975,-392.9757006,173.600866614));
#3238 = CARTESIAN_POINT('',(552.30045867,-402.876882592,198.918416904));
#3239 = CARTESIAN_POINT('',(554.107516424,-413.248510063,224.077227051));
#3240 = CARTESIAN_POINT('',(555.933020288,-424.218322082,249.015936703));
#3241 = CARTESIAN_POINT('',(557.777639453,-435.935664731,273.647913015));
#3242 = CARTESIAN_POINT('',(559.642378116,-448.461757391,297.913080269));
#3243 = CARTESIAN_POINT('',(561.527341652,-461.996482306,321.660443263));
#3244 = CARTESIAN_POINT('',(563.433607131,-476.461338206,344.873451754));
#3245 = CARTESIAN_POINT('',(565.359439146,-491.742519567,367.550509098));
#3246 = CARTESIAN_POINT('',(567.302632321,-507.727226541,389.722828849));
#3247 = CARTESIAN_POINT('',(569.262600283,-524.295183489,411.485916198));
#3248 = CARTESIAN_POINT('',(571.235480193,-541.371730252,432.835795384));
#3249 = CARTESIAN_POINT('',(573.218633418,-558.792490391,453.86444439));
#3250 = CARTESIAN_POINT('',(575.209237931,-576.632011498,474.619233938));
#3251 = CARTESIAN_POINT('',(577.871599192,-600.093236913,502.020838497));
#3252 = CARTESIAN_POINT('',(579.883006341,-608.988125772,522.437749082));
#3253 = CARTESIAN_POINT('',(581.214353139,-618.454832744,535.927023648));
#3254 = CARTESIAN_POINT('',(637.705559126,-380.565949892,88.6564007204));
#3255 = CARTESIAN_POINT('',(638.891007078,-386.841689366,105.595373796));
#3256 = CARTESIAN_POINT('',(640.687067121,-396.262108087,131.011207818));
#3257 = CARTESIAN_POINT('',(643.117085426,-409.229748313,164.787659811));
#3258 = CARTESIAN_POINT('',(644.958331783,-419.286390562,190.017658678));
#3259 = CARTESIAN_POINT('',(646.818712805,-429.761369286,215.107256423));
#3260 = CARTESIAN_POINT('',(648.699093906,-440.768349639,240.001920044));
#3261 = CARTESIAN_POINT('',(650.600548719,-452.439983073,264.624780667));
#3262 = CARTESIAN_POINT('',(652.524285875,-464.830843236,288.922588023));
#3263 = CARTESIAN_POINT('',(654.470857889,-478.118642368,312.761495291));
#3264 = CARTESIAN_POINT('',(656.441643727,-492.23446571,336.127227028));
#3265 = CARTESIAN_POINT('',(658.43493308,-507.078405063,359.016228744));
#3266 = CARTESIAN_POINT('',(660.44819003,-522.550212322,381.456321891));
#3267 = CARTESIAN_POINT('',(662.480425108,-538.54461532,403.535970549));
#3268 = CARTESIAN_POINT('',(664.527459842,-554.99155686,425.248092413));
#3269 = CARTESIAN_POINT('',(666.586251575,-571.751911823,446.67528461));
#3270 = CARTESIAN_POINT('',(668.653625548,-588.865682885,467.857796007));
#3271 = CARTESIAN_POINT('',(671.419545941,-611.495902689,495.863264643));
#3272 = CARTESIAN_POINT('',(673.509789013,-619.576056942,516.746890876));
#3273 = CARTESIAN_POINT('',(674.893326597,-628.455131339,530.537762201));
#3274 = CARTESIAN_POINT('',(733.380514952,-394.795233039,80.4083487352));
#3275 = CARTESIAN_POINT('',(734.523392333,-401.20515698,97.2530682613));
#3276 = CARTESIAN_POINT('',(736.25455473,-410.825886602,122.527177851));
#3277 = CARTESIAN_POINT('',(738.597155932,-424.003749198,156.131513235));
#3278 = CARTESIAN_POINT('',(740.372715489,-434.171677304,181.247238723));
#3279 = CARTESIAN_POINT('',(742.167533946,-444.699334404,206.242781964));
#3280 = CARTESIAN_POINT('',(743.982764259,-455.684530313,231.071292103));
#3281 = CARTESIAN_POINT('',(745.819861263,-467.241194946,255.666838757));
#3282 = CARTESIAN_POINT('',(747.680182098,-479.416378681,279.983788735));
#3283 = CARTESIAN_POINT('',(749.564742744,-492.362888203,303.907491916));
#3284 = CARTESIAN_POINT('',(751.475168082,-506.022316795,327.426254174));
#3285 = CARTESIAN_POINT('',(753.409890368,-520.309938832,350.534466992));
#3286 = CARTESIAN_POINT('',(755.366172108,-535.139514631,373.25614394));
#3287 = CARTESIAN_POINT('',(757.342636208,-550.422834435,395.671816591));
#3288 = CARTESIAN_POINT('',(759.335030627,-566.094612468,417.770936786));
#3289 = CARTESIAN_POINT('',(761.340062046,-582.046156211,439.625602331));
#3290 = CARTESIAN_POINT('',(763.354372369,-598.271213098,461.268248885));
#3291 = CARTESIAN_POINT('',(766.050258736,-619.899394368,489.924081511));
#3292 = CARTESIAN_POINT('',(768.088225314,-627.622689513,511.313267757));
#3293 = CARTESIAN_POINT('',(769.43717118,-635.976253551,525.432447574));
#3294 = CARTESIAN_POINT('',(831.535014001,-407.751167389,72.4272178288));
#3295 = CARTESIAN_POINT('',(832.571350482,-414.278997629,89.1654353355));
#3296 = CARTESIAN_POINT('',(834.140737533,-424.075556858,114.279033381));
#3297 = CARTESIAN_POINT('',(836.264868201,-437.426642461,147.686895156));
#3298 = CARTESIAN_POINT('',(837.875431612,-447.674583699,172.670921266));
#3299 = CARTESIAN_POINT('',(839.50432307,-458.219195768,197.556239686));
#3300 = CARTESIAN_POINT('',(841.152919737,-469.141199571,222.304260412));
#3301 = CARTESIAN_POINT('',(842.822977704,-480.534443767,246.860759889));
#3302 = CARTESIAN_POINT('',(844.515928177,-492.437829232,271.188236943));
#3303 = CARTESIAN_POINT('',(846.233194574,-504.977400344,295.192568131));
#3304 = CARTESIAN_POINT('',(847.976558146,-518.105751328,318.86485737));
#3305 = CARTESIAN_POINT('',(849.744680709,-531.753991462,342.197427761));
#3306 = CARTESIAN_POINT('',(851.534773257,-545.850870439,365.210193948));
#3307 = CARTESIAN_POINT('',(853.345144073,-560.326571802,387.975137279));
#3308 = CARTESIAN_POINT('',(855.17170322,-575.121161231,410.477995656));
#3309 = CARTESIAN_POINT('',(857.011086692,-590.158429134,432.77960593));
#3310 = CARTESIAN_POINT('',(858.859937893,-605.383507851,454.904226401));
#3311 = CARTESIAN_POINT('',(861.335373995,-625.87086705,484.241285116));
#3312 = CARTESIAN_POINT('',(863.207363492,-633.607757545,506.16349721));
#3313 = CARTESIAN_POINT('',(864.446458444,-641.503985704,520.631106859));
#3314 = CARTESIAN_POINT('',(931.430858143,-419.531026328,64.7378938448));
#3315 = CARTESIAN_POINT('',(932.307987044,-426.166147069,81.3642915487));
#3316 = CARTESIAN_POINT('',(933.635924902,-436.122583947,106.309098147));
#3317 = CARTESIAN_POINT('',(935.43377143,-449.62324156,139.509736156));
#3318 = CARTESIAN_POINT('',(936.797563329,-459.931551361,164.354414363));
#3319 = CARTESIAN_POINT('',(938.177763191,-470.471066994,189.122491678));
#3320 = CARTESIAN_POINT('',(939.575866527,-481.304733763,213.783942127));
#3321 = CARTESIAN_POINT('',(940.993794059,-492.505624906,238.296611972));
#3322 = CARTESIAN_POINT('',(942.432958071,-504.104117831,262.631371079));
#3323 = CARTESIAN_POINT('',(943.89506104,-516.198509395,286.715236137));
#3324 = CARTESIAN_POINT('',(945.381917318,-528.752480162,310.542236632));
#3325 = CARTESIAN_POINT('',(946.892475362,-541.712918017,334.102694783));
#3326 = CARTESIAN_POINT('',(948.424065844,-555.024111025,357.412260125));
#3327 = CARTESIAN_POINT('',(949.974811813,-568.635382913,380.534019872));
#3328 = CARTESIAN_POINT('',(951.541015951,-582.492984935,403.449860432));
#3329 = CARTESIAN_POINT('',(953.119449941,-596.552168661,426.208951904));
#3330 = CARTESIAN_POINT('',(954.706959344,-610.716366627,448.827338281));
#3331 = CARTESIAN_POINT('',(956.8334727,-629.954839313,478.861551318));
#3332 = CARTESIAN_POINT('',(958.442267415,-637.991513273,501.333423558));
#3333 = CARTESIAN_POINT('',(959.507160735,-645.504759371,516.163366641));
#3334 = CARTESIAN_POINT('',(1032.32963337,-430.23233878,57.3649369663));
#3335 = CARTESIAN_POINT('',(1033.00673763,-436.971921898,73.8805045481));
#3336 = CARTESIAN_POINT('',(1034.03157534,-447.084001781,98.6578124384));
#3337 = CARTESIAN_POINT('',(1035.41965632,-460.728179362,131.652839657));
#3338 = CARTESIAN_POINT('',(1036.47325477,-471.092028976,156.359367872));
#3339 = CARTESIAN_POINT('',(1037.54041795,-481.621256261,181.011412624));
#3340 = CARTESIAN_POINT('',(1038.62261139,-492.360890661,205.587539499));
#3341 = CARTESIAN_POINT('',(1039.72172718,-503.363202786,230.057621864));
#3342 = CARTESIAN_POINT('',(1040.83904719,-514.649919264,254.400862753));
#3343 = CARTESIAN_POINT('',(1041.97635233,-526.291496703,278.565314047));
#3344 = CARTESIAN_POINT('',(1043.13533325,-538.262302493,302.547967734));
#3345 = CARTESIAN_POINT('',(1044.31525174,-550.52452817,326.337293487));
#3346 = CARTESIAN_POINT('',(1045.51375043,-563.037953315,349.944632995));
#3347 = CARTESIAN_POINT('',(1046.72895389,-575.770675975,373.424107901));
#3348 = CARTESIAN_POINT('',(1047.95778166,-588.676777345,396.753726587));
#3349 = CARTESIAN_POINT('',(1049.19737408,-601.73880947,419.97094418));
#3350 = CARTESIAN_POINT('',(1050.44499498,-614.834418857,443.083876991));
#3351 = CARTESIAN_POINT('',(1052.11715452,-632.751676612,473.814965931));
#3352 = CARTESIAN_POINT('',(1053.38284654,-641.291468691,496.841260758));
#3353 = CARTESIAN_POINT('',(1054.22064328,-648.504277692,512.040476219));
#3354 = CARTESIAN_POINT('',(1133.5420795,-439.956477613,50.3307391808));
#3355 = CARTESIAN_POINT('',(1133.98851191,-446.80545109,66.7431459629));
#3356 = CARTESIAN_POINT('',(1134.66410011,-457.080608871,91.364377232));
#3357 = CARTESIAN_POINT('',(1135.5799005,-470.879761927,124.168510979));
#3358 = CARTESIAN_POINT('',(1136.27571036,-481.309047518,148.74749017));
#3359 = CARTESIAN_POINT('',(1136.98138204,-491.839534463,173.293495398));
#3360 = CARTESIAN_POINT('',(1137.69816002,-502.498736227,197.793439928));
#3361 = CARTESIAN_POINT('',(1138.42765747,-513.318746122,222.228782406));
#3362 = CARTESIAN_POINT('',(1139.17089557,-524.312776452,246.586751524));
#3363 = CARTESIAN_POINT('',(1139.92946029,-535.524153148,270.835627052));
#3364 = CARTESIAN_POINT('',(1140.70472745,-546.937341804,294.975315875));
#3365 = CARTESIAN_POINT('',(1141.49626998,-558.527859787,318.992668998));
#3366 = CARTESIAN_POINT('',(1142.30225626,-570.270955648,342.894804312));
#3367 = CARTESIAN_POINT('',(1143.1210539,-582.154019204,366.727076236));
#3368 = CARTESIAN_POINT('',(1143.95042092,-594.139338128,390.463699748));
#3369 = CARTESIAN_POINT('',(1144.78812573,-606.229687141,414.130711749));
#3370 = CARTESIAN_POINT('',(1145.6320834,-618.303019073,437.728922785));
#3371 = CARTESIAN_POINT('',(1146.76407941,-634.858347613,469.141650169));
#3372 = CARTESIAN_POINT('',(1147.62149332,-644.024672243,492.716526493));
#3373 = CARTESIAN_POINT('',(1148.1890485,-651.027047274,508.286055173));
#3374 = CARTESIAN_POINT('',(1234.24180311,-448.792491589,43.6634941541));
#3375 = CARTESIAN_POINT('',(1234.45026722,-455.749986044,59.9866083086));
#3376 = CARTESIAN_POINT('',(1234.76573399,-466.186997047,84.4725983378));
#3377 = CARTESIAN_POINT('',(1235.19408352,-480.14306347,117.112715458));
#3378 = CARTESIAN_POINT('',(1235.52012517,-490.642203339,141.583443707));
#3379 = CARTESIAN_POINT('',(1235.85153522,-501.18211977,166.041476947));
#3380 = CARTESIAN_POINT('',(1236.18910372,-511.773767508,190.481547888));
#3381 = CARTESIAN_POINT('',(1236.53385826,-522.430387393,214.895838537));
#3382 = CARTESIAN_POINT('',(1236.88641083,-533.15701084,239.279001648));
#3383 = CARTESIAN_POINT('',(1237.24780763,-543.971670047,263.617981756));
#3384 = CARTESIAN_POINT('',(1237.61888834,-554.867050876,287.915447309));
#3385 = CARTESIAN_POINT('',(1237.99949438,-565.832555879,312.156931806));
#3386 = CARTESIAN_POINT('',(1238.3885545,-576.856606115,336.345526248));
#3387 = CARTESIAN_POINT('',(1238.78499989,-587.939851379,360.518294628));
#3388 = CARTESIAN_POINT('',(1239.18761972,-599.059644269,384.645850692));
#3389 = CARTESIAN_POINT('',(1239.59510074,-610.22815413,408.743498189));
#3390 = CARTESIAN_POINT('',(1240.006251,-621.355576115,432.805653725));
#3391 = CARTESIAN_POINT('',(1240.55837397,-636.527161109,464.867274122));
#3392 = CARTESIAN_POINT('',(1240.97701353,-646.333454565,488.971175979));
#3393 = CARTESIAN_POINT('',(1241.25413396,-653.212290059,504.903273627));
#3394 = CARTESIAN_POINT('',(1333.81647292,-456.84729087,37.3903211975));
#3395 = CARTESIAN_POINT('',(1333.80917322,-463.901268128,53.6422852158));
#3396 = CARTESIAN_POINT('',(1333.79814396,-474.482189534,78.0203812664));
#3397 = CARTESIAN_POINT('',(1333.78349548,-488.576733637,110.531561089));
#3398 = CARTESIAN_POINT('',(1333.77260388,-499.136438311,134.919008977));
#3399 = CARTESIAN_POINT('',(1333.76185507,-509.682228848,159.312137599));
#3400 = CARTESIAN_POINT('',(1333.75130741,-520.210005491,183.71270887));
#3401 = CARTESIAN_POINT('',(1333.74103775,-530.716068992,208.122388174));
#3402 = CARTESIAN_POINT('',(1333.73108098,-541.19807245,232.542422312));
#3403 = CARTESIAN_POINT('',(1333.72152546,-551.650597605,256.97623685));
#3404 = CARTESIAN_POINT('',(1333.71242323,-562.07540045,281.429071089));
#3405 = CARTESIAN_POINT('',(1333.70379578,-572.463949376,305.885585568));
#3406 = CARTESIAN_POINT('',(1333.69558999,-582.821707919,330.345218276));
#3407 = CARTESIAN_POINT('',(1333.68771502,-593.177290051,354.837484843));
#3408 = CARTESIAN_POINT('',(1333.68014453,-603.507918263,379.329730131));
#3409 = CARTESIAN_POINT('',(1333.67281039,-613.823550491,403.827470897));
#3410 = CARTESIAN_POINT('',(1333.66566273,-624.120517889,428.320124343));
#3411 = CARTESIAN_POINT('',(1333.65632498,-637.846158697,460.979695919));
#3412 = CARTESIAN_POINT('',(1333.64942227,-648.221378865,485.583139583));
#3413 = CARTESIAN_POINT('',(1333.64485572,-655.045137862,501.866827805));
#3414 = CARTESIAN_POINT('',(1430.9782668,-464.177948384,31.532608615));
#3415 = CARTESIAN_POINT('',(1430.80662544,-471.305992435,47.7400793649));
#3416 = CARTESIAN_POINT('',(1430.54681437,-481.997353295,72.0505529224));
#3417 = CARTESIAN_POINT('',(1430.19275271,-496.193474944,104.484975153));
#3418 = CARTESIAN_POINT('',(1429.92224392,-506.792433623,128.826689205));
#3419 = CARTESIAN_POINT('',(1429.64601862,-517.330847201,153.190097103));
#3420 = CARTESIAN_POINT('',(1429.36308924,-527.791627426,177.582867162));
#3421 = CARTESIAN_POINT('',(1429.07216741,-538.157017975,202.014392428));
#3422 = CARTESIAN_POINT('',(1428.7725286,-548.417554382,226.491225669));
#3423 = CARTESIAN_POINT('',(1428.46282149,-558.550297841,251.030001735));
#3424 = CARTESIAN_POINT('',(1428.14203554,-568.554905485,275.638054657));
#3425 = CARTESIAN_POINT('',(1427.81023888,-578.455554535,300.299479232));
#3426 = CARTESIAN_POINT('',(1427.46866869,-588.253798696,325.010370173));
#3427 = CARTESIAN_POINT('',(1427.11870771,-597.941403061,349.793733663));
#3428 = CARTESIAN_POINT('',(1426.76162226,-607.563083428,374.613998394));
#3429 = CARTESIAN_POINT('',(1426.39894092,-617.103350796,399.468552199));
#3430 = CARTESIAN_POINT('',(1426.03200407,-626.661146418,424.342970451));
#3431 = CARTESIAN_POINT('',(1425.53823256,-639.016697906,457.529481429));
#3432 = CARTESIAN_POINT('',(1425.16314153,-649.683410151,482.575830612));
#3433 = CARTESIAN_POINT('',(1424.91483752,-656.538719219,499.174287987));
#3434 = CARTESIAN_POINT('',(1526.42204228,-470.868670072,26.0248600358));
#3435 = CARTESIAN_POINT('',(1526.13146895,-478.05048979,42.2138310947));
#3436 = CARTESIAN_POINT('',(1525.69151088,-488.821986736,66.4959568329));
#3437 = CARTESIAN_POINT('',(1525.08969152,-503.086105244,98.9049365643));
#3438 = CARTESIAN_POINT('',(1524.62811722,-513.704743621,123.238203243));
#3439 = CARTESIAN_POINT('',(1524.15458361,-524.223322423,147.607298469));
#3440 = CARTESIAN_POINT('',(1523.66682593,-534.613541398,172.024779929));
#3441 = CARTESIAN_POINT('',(1523.16188531,-544.84628863,196.506157055));
#3442 = CARTESIAN_POINT('',(1522.63814701,-554.904548757,221.062014341));
#3443 = CARTESIAN_POINT('',(1522.09246185,-564.755535857,245.719041703));
#3444 = CARTESIAN_POINT('',(1521.52255771,-574.377766308,270.486080578));
#3445 = CARTESIAN_POINT('',(1520.92844025,-583.889238476,295.346725308));
#3446 = CARTESIAN_POINT('',(1520.31282866,-593.249899753,320.293820265));
#3447 = CARTESIAN_POINT('',(1519.67894822,-602.295431956,345.344778029));
#3448 = CARTESIAN_POINT('',(1519.02941654,-611.262415985,370.461328385));
#3449 = CARTESIAN_POINT('',(1518.36760834,-620.084388711,395.634479992));
#3450 = CARTESIAN_POINT('',(1517.69642425,-628.9345259,420.8464517));
#3451 = CARTESIAN_POINT('',(1516.79158205,-640.108391467,454.497427547));
#3452 = CARTESIAN_POINT('',(1516.10309651,-650.741663837,479.925658968));
#3453 = CARTESIAN_POINT('',(1515.64731323,-657.713913775,496.79109472));
#3454 = CARTESIAN_POINT('',(1620.14531902,-476.946416038,20.8920019504));
#3455 = CARTESIAN_POINT('',(1619.77588236,-484.162950956,37.0848401783));
#3456 = CARTESIAN_POINT('',(1619.21635861,-494.98611347,61.3724123815));
#3457 = CARTESIAN_POINT('',(1618.44792867,-509.286551662,93.7998747149));
#3458 = CARTESIAN_POINT('',(1617.85617503,-519.90627082,118.156419381));
#3459 = CARTESIAN_POINT('',(1617.24612312,-530.392947525,142.561079615));
#3460 = CARTESIAN_POINT('',(1616.61408838,-540.708736399,167.030372484));
#3461 = CARTESIAN_POINT('',(1615.95525251,-550.815519553,191.584476237));
#3462 = CARTESIAN_POINT('',(1615.26703565,-560.688721264,216.236895283));
#3463 = CARTESIAN_POINT('',(1614.54426362,-570.291304759,241.021602618));
#3464 = CARTESIAN_POINT('',(1613.78328535,-579.568520116,265.948465868));
#3465 = CARTESIAN_POINT('',(1612.98395874,-588.768352356,291.000694036));
#3466 = CARTESIAN_POINT('',(1612.1505889,-597.785788246,316.168048561));
#3467 = CARTESIAN_POINT('',(1611.28847682,-606.227698848,341.463208019));
#3468 = CARTESIAN_POINT('',(1610.40159367,-614.59766681,366.845447679));
#3469 = CARTESIAN_POINT('',(1609.49529797,-622.761555542,392.300909402));
#3470 = CARTESIAN_POINT('',(1608.57413463,-630.951942257,417.809053212));
#3471 = CARTESIAN_POINT('',(1607.33020557,-641.08739648,451.865640253));
#3472 = CARTESIAN_POINT('',(1606.38229944,-651.433242547,477.621883031));
#3473 = CARTESIAN_POINT('',(1605.75475582,-658.57100136,494.714150107));
#3474 = CARTESIAN_POINT('',(1712.35679868,-482.454773891,16.1337439151));
#3475 = CARTESIAN_POINT('',(1711.94400262,-489.688952829,32.3494804981));
#3476 = CARTESIAN_POINT('',(1711.3186004,-500.538279389,56.6712597624));
#3477 = CARTESIAN_POINT('',(1710.45572834,-514.846676073,89.1544823248));
#3478 = CARTESIAN_POINT('',(1709.78815268,-525.450827318,113.56113556));
#3479 = CARTESIAN_POINT('',(1709.09611893,-535.894798923,138.026496651));
#3480 = CARTESIAN_POINT('',(1708.37446661,-546.132708218,162.570204748));
#3481 = CARTESIAN_POINT('',(1707.61644288,-556.119472479,187.215818654));
#3482 = CARTESIAN_POINT('',(1706.81848209,-565.8230733,211.978774501));
#3483 = CARTESIAN_POINT('',(1705.97328623,-575.206750039,236.897869672));
#3484 = CARTESIAN_POINT('',(1705.07578773,-584.173366052,261.983565601));
#3485 = CARTESIAN_POINT('',(1704.12563453,-593.126764284,287.218774484));
#3486 = CARTESIAN_POINT('',(1703.12873628,-601.87973977,312.590339169));
#3487 = CARTESIAN_POINT('',(1702.09257227,-609.757444482,338.10698799));
#3488 = CARTESIAN_POINT('',(1701.02241344,-617.584396961,363.725770773));
#3489 = CARTESIAN_POINT('',(1699.92563181,-625.147954925,389.429323274));
#3490 = CARTESIAN_POINT('',(1698.80841674,-632.723449874,415.194850017));
#3491 = CARTESIAN_POINT('',(1697.29724037,-641.960932127,449.602200005));
#3492 = CARTESIAN_POINT('',(1696.14399112,-651.80568546,475.636015637));
#3493 = CARTESIAN_POINT('',(1695.38047793,-659.130687268,492.917260622));
#3494 = CARTESIAN_POINT('',(1803.19283087,-487.431654487,11.7574690202));
#3495 = CARTESIAN_POINT('',(1802.7670099,-494.667958265,28.0119492748));
#3496 = CARTESIAN_POINT('',(1802.12161702,-505.520261016,52.3918847121));
#3497 = CARTESIAN_POINT('',(1801.22629114,-519.810732421,84.9617528413));
#3498 = CARTESIAN_POINT('',(1800.5298245,-530.384017309,109.440610873));
#3499 = CARTESIAN_POINT('',(1799.80319852,-540.775180215,133.98719217));
#3500 = CARTESIAN_POINT('',(1799.03980799,-550.931665323,158.623510806));
#3501 = CARTESIAN_POINT('',(1798.23100502,-560.803148853,183.375376918));
#3502 = CARTESIAN_POINT('',(1797.37227236,-570.350493985,208.259303043));
#3503 = CARTESIAN_POINT('',(1796.4542186,-579.54041154,233.316781278));
#3504 = CARTESIAN_POINT('',(1795.47040247,-588.228293568,258.558498097));
#3505 = CARTESIAN_POINT('',(1794.42022334,-596.985551647,283.967150908));
#3506 = CARTESIAN_POINT('',(1793.31112789,-605.533847286,309.526846262));
#3507 = CARTESIAN_POINT('',(1792.15274319,-612.890561797,335.243076945));
#3508 = CARTESIAN_POINT('',(1790.95153078,-620.226484008,361.07089237));
#3509 = CARTESIAN_POINT('',(1789.71679635,-627.246284544,386.990610194));
#3510 = CARTESIAN_POINT('',(1788.45628956,-634.253618639,412.977643493));
#3511 = CARTESIAN_POINT('',(1786.74846181,-642.719378832,447.685152722));
#3512 = CARTESIAN_POINT('',(1785.44322479,-651.897364128,473.950763905));
#3513 = CARTESIAN_POINT('',(1784.57905819,-659.40165076,491.386997791));
#3514 = CARTESIAN_POINT('',(1892.80201469,-491.915992264,7.76892722983));
#3515 = CARTESIAN_POINT('',(1892.38850567,-499.140591134,24.0747521904));
#3516 = CARTESIAN_POINT('',(1891.76146791,-509.975201906,48.5318945105));
#3517 = CARTESIAN_POINT('',(1890.88583857,-524.224609802,81.2127953377));
#3518 = CARTESIAN_POINT('',(1890.20024178,-534.753275788,105.781148025));
#3519 = CARTESIAN_POINT('',(1889.47952183,-545.082414951,130.424788638));
#3520 = CARTESIAN_POINT('',(1888.71574701,-555.154015536,155.167449479));
#3521 = CARTESIAN_POINT('',(1887.89852853,-564.913922257,180.03622149));
#3522 = CARTESIAN_POINT('',(1887.02248645,-574.316390309,205.047968443));
#3523 = CARTESIAN_POINT('',(1886.07629549,-583.33353558,230.24507166));
#3524 = CARTESIAN_POINT('',(1885.0522638,-591.771959554,255.638133477));
#3525 = CARTESIAN_POINT('',(1883.94952709,-600.369206396,281.209706771));
#3526 = CARTESIAN_POINT('',(1882.77691544,-608.754582984,306.941356725));
#3527 = CARTESIAN_POINT('',(1881.54604072,-615.636658534,332.835984766));
#3528 = CARTESIAN_POINT('',(1880.26439018,-622.531165682,358.84685814));
#3529 = CARTESIAN_POINT('',(1878.9430141,-629.062354253,384.952997706));
#3530 = CARTESIAN_POINT('',(1877.59105393,-635.548919844,411.128435559));
#3531 = CARTESIAN_POINT('',(1875.75625447,-643.358150852,446.089609045));
#3532 = CARTESIAN_POINT('',(1874.35190911,-651.749701958,472.545518279));
#3533 = CARTESIAN_POINT('',(1873.42209359,-659.396394941,490.106163067));
#3534 = CARTESIAN_POINT('',(1981.33113524,-495.946511309,4.17425034476));
#3535 = CARTESIAN_POINT('',(1980.9500159,-503.146985209,20.5410016986));
#3536 = CARTESIAN_POINT('',(1980.37174482,-513.945335933,45.0898404319));
#3537 = CARTESIAN_POINT('',(1979.55760172,-528.132729709,77.9001099776));
#3538 = CARTESIAN_POINT('',(1978.91507349,-538.604152994,102.570774228));
#3539 = CARTESIAN_POINT('',(1978.23347465,-548.862526298,127.322964331));
#3540 = CARTESIAN_POINT('',(1977.50375245,-558.845452992,152.181564516));
#3541 = CARTESIAN_POINT('',(1976.71404586,-568.496040731,177.174134791));
#3542 = CARTESIAN_POINT('',(1975.85825594,-577.762638657,202.317295869));
#3543 = CARTESIAN_POINT('',(1974.9234122,-586.623421038,227.65283827));
#3544 = CARTESIAN_POINT('',(1973.90077558,-594.838716215,253.191031737));
#3545 = CARTESIAN_POINT('',(1972.78922672,-603.29735029,278.914344318));
#3546 = CARTESIAN_POINT('',(1971.59873948,-611.542924937,304.802008786));
#3547 = CARTESIAN_POINT('',(1970.34261441,-617.999654843,330.854909646));
#3548 = CARTESIAN_POINT('',(1969.02914434,-624.499716465,357.024743739));
#3549 = CARTESIAN_POINT('',(1967.67082576,-630.595706523,383.290088212));
#3550 = CARTESIAN_POINT('',(1966.27793918,-636.609507533,409.623954724));
#3551 = CARTESIAN_POINT('',(1964.38441183,-643.865024327,444.796862289));
#3552 = CARTESIAN_POINT('',(1962.93297039,-651.396633806,471.406269121));
#3553 = CARTESIAN_POINT('',(1961.97193984,-659.119481725,489.064487055));
#3554 = CARTESIAN_POINT('',(2068.92434901,-499.561850492,0.979592254499));
#3555 = CARTESIAN_POINT('',(2068.59095093,-506.727672451,17.4134111344));
#3556 = CARTESIAN_POINT('',(2068.0846933,-517.47402026,42.0632428575));
#3557 = CARTESIAN_POINT('',(2067.36449157,-531.581603806,75.014324112));
#3558 = CARTESIAN_POINT('',(2066.79043814,-541.98501449,99.7950128141));
#3559 = CARTESIAN_POINT('',(2066.17466211,-552.165077943,124.662262961));
#3560 = CARTESIAN_POINT('',(2065.50728234,-562.0559375,149.641634791));
#3561 = CARTESIAN_POINT('',(2064.77534885,-571.598743435,174.76050438));
#3562 = CARTESIAN_POINT('',(2063.97224219,-580.736830993,200.034785758));
#3563 = CARTESIAN_POINT('',(2063.08376457,-589.453810846,225.504523724));
#3564 = CARTESIAN_POINT('',(2062.10041352,-597.470074037,251.179467272));
#3565 = CARTESIAN_POINT('',(2061.02084645,-605.797532766,277.042048738));
#3566 = CARTESIAN_POINT('',(2059.85585524,-613.908566269,303.069391135));
#3567 = CARTESIAN_POINT('',(2058.62000092,-619.992860684,329.260865909));
#3568 = CARTESIAN_POINT('',(2057.32210553,-626.143497392,355.566805432));
#3569 = CARTESIAN_POINT('',(2055.97570413,-631.856675459,381.966028293));
#3570 = CARTESIAN_POINT('',(2054.59187904,-637.446965832,408.430835608));
#3571 = CARTESIAN_POINT('',(2052.70746168,-644.240387543,443.777264496));
#3572 = CARTESIAN_POINT('',(2051.26084504,-650.885302174,470.507407865));
#3573 = CARTESIAN_POINT('',(2050.30297618,-658.589220193,488.239652225));
#3574 = CARTESIAN_POINT('',(2155.7283664,-502.800768117,-1.80896172993));
#3575 = CARTESIAN_POINT('',(2155.4528902,-509.922984874,14.6949088118));
#3576 = CARTESIAN_POINT('',(2155.03415088,-520.603933032,39.4502624565));
#3577 = CARTESIAN_POINT('',(2154.43024132,-534.616425522,72.5472723194));
#3578 = CARTESIAN_POINT('',(2153.94269909,-544.942427885,97.4410194302));
#3579 = CARTESIAN_POINT('',(2153.41235667,-555.037355463,122.425285562));
#3580 = CARTESIAN_POINT('',(2152.82888435,-564.832670106,147.525921473));
#3581 = CARTESIAN_POINT('',(2152.17874112,-574.268029324,172.76962515));
#3582 = CARTESIAN_POINT('',(2151.45504026,-583.282837432,198.171271146));
#3583 = CARTESIAN_POINT('',(2150.6429037,-591.864241524,223.768329042));
#3584 = CARTESIAN_POINT('',(2149.73242968,-599.702858888,249.569899508));
#3585 = CARTESIAN_POINT('',(2148.72210782,-607.892111567,275.558417681));
#3586 = CARTESIAN_POINT('',(2147.62313621,-615.855485308,301.709133328));
#3587 = CARTESIAN_POINT('',(2146.45077528,-621.62341358,328.020338619));
#3588 = CARTESIAN_POINT('',(2145.21404445,-627.467226716,354.44120107));
#3589 = CARTESIAN_POINT('',(2143.92700045,-632.84848145,380.951297802));
#3590 = CARTESIAN_POINT('',(2142.60110578,-638.065313494,407.52247865));
#3591 = CARTESIAN_POINT('',(2140.79245705,-644.476364515,443.00850982));
#3592 = CARTESIAN_POINT('',(2139.40191221,-650.254176358,469.831107999));
#3593 = CARTESIAN_POINT('',(2138.48113908,-657.814847716,487.617418223));
#3594 = CARTESIAN_POINT('',(2241.8893613,-505.701994397,-4.18538909841));
#3595 = CARTESIAN_POINT('',(2241.67695692,-512.773280746,12.3883171016));
#3596 = CARTESIAN_POINT('',(2241.35361918,-523.377860159,37.2488893285));
#3597 = CARTESIAN_POINT('',(2240.87840888,-537.282604846,70.4905332522));
#3598 = CARTESIAN_POINT('',(2240.48816485,-547.523259,95.4956303584));
#3599 = CARTESIAN_POINT('',(2240.05589647,-557.527024424,120.594250952));
#3600 = CARTESIAN_POINT('',(2239.57129246,-567.223313653,145.812241196));
#3601 = CARTESIAN_POINT('',(2239.02083329,-576.550441433,171.175285493));
#3602 = CARTESIAN_POINT('',(2238.39767299,-585.445153361,196.697016585));
#3603 = CARTESIAN_POINT('',(2237.6869294,-593.894960934,222.411824025));
#3604 = CARTESIAN_POINT('',(2236.87874596,-601.574676841,248.328092689));
#3605 = CARTESIAN_POINT('',(2235.97152343,-609.604358792,274.42828791));
#3606 = CARTESIAN_POINT('',(2234.97636822,-617.388754177,300.686036079));
#3607 = CARTESIAN_POINT('',(2233.90854638,-622.899554092,327.098913669));
#3608 = CARTESIAN_POINT('',(2232.77688725,-628.476765608,353.615116562));
#3609 = CARTESIAN_POINT('',(2231.595343,-633.575518368,380.215329784));
#3610 = CARTESIAN_POINT('',(2230.37525039,-638.469760769,406.871160676));
#3611 = CARTESIAN_POINT('',(2228.70801194,-644.566353689,442.46706499));
#3612 = CARTESIAN_POINT('',(2227.42423421,-649.542876563,469.358233385));
#3613 = CARTESIAN_POINT('',(2226.57412906,-656.807074309,487.18217873));
#3614 = CARTESIAN_POINT('',(2327.55312134,-508.304250353,-6.14333743235));
#3615 = CARTESIAN_POINT('',(2327.4039312,-515.318812354,10.4968303557));
#3616 = CARTESIAN_POINT('',(2327.17632151,-525.838336398,35.4575483392));
#3617 = CARTESIAN_POINT('',(2326.83236012,-539.625107012,68.8362009457));
#3618 = CARTESIAN_POINT('',(2326.54301664,-549.773783718,93.946255531));
#3619 = CARTESIAN_POINT('',(2326.21455708,-559.681015169,119.15200759));
#3620 = CARTESIAN_POINT('',(2325.8372428,-569.274650782,144.479094156));
#3621 = CARTESIAN_POINT('',(2325.39830283,-578.491496389,169.952009819));
#3622 = CARTESIAN_POINT('',(2324.89129477,-587.267106046,195.583074984));
#3623 = CARTESIAN_POINT('',(2324.30213776,-595.584890241,221.40342172));
#3624 = CARTESIAN_POINT('',(2323.62154521,-603.121711448,247.420713393));
#3625 = CARTESIAN_POINT('',(2322.8479315,-610.955794149,273.617463752));
#3626 = CARTESIAN_POINT('',(2321.99172735,-618.511197661,299.965940873));
#3627 = CARTESIAN_POINT('',(2321.06737807,-623.827398415,326.463299243));
#3628 = CARTESIAN_POINT('',(2320.08307974,-629.17586322,353.056950365));
#3629 = CARTESIAN_POINT('',(2319.0519444,-634.040118463,379.728867677));
#3630 = CARTESIAN_POINT('',(2317.98459279,-638.66353813,406.450573564));
#3631 = CARTESIAN_POINT('',(2316.52347544,-644.501741736,442.130957383));
#3632 = CARTESIAN_POINT('',(2315.3966734,-648.78962046,469.071328518));
#3633 = CARTESIAN_POINT('',(2314.65048964,-655.574117247,486.920091354));
#3634 = CARTESIAN_POINT('',(2412.86556477,-510.646265216,-7.67765356565));
#3635 = CARTESIAN_POINT('',(2412.77471282,-517.600128312,9.02232409352));
#3636 = CARTESIAN_POINT('',(2412.63558438,-528.028624976,34.0731673372));
#3637 = CARTESIAN_POINT('',(2412.41554225,-541.690201948,67.5746462753));
#3638 = CARTESIAN_POINT('',(2412.22350056,-551.742014656,92.7784202341));
#3639 = CARTESIAN_POINT('',(2411.9976625,-561.548427094,118.079366246));
#3640 = CARTESIAN_POINT('',(2411.72950342,-571.036064257,143.502797512));
#3641 = CARTESIAN_POINT('',(2411.40784263,-580.139746413,169.071999685));
#3642 = CARTESIAN_POINT('',(2411.02705889,-588.795477073,194.798037144));
#3643 = CARTESIAN_POINT('',(2410.5748072,-596.976885789,220.708924644));
#3644 = CARTESIAN_POINT('',(2410.04297605,-604.384330306,246.811653994));
#3645 = CARTESIAN_POINT('',(2409.4301194,-611.97323556,273.088789176));
#3646 = CARTESIAN_POINT('',(2408.74532222,-619.232665101,299.511513457));
#3647 = CARTESIAN_POINT('',(2408.00125006,-624.41952713,326.076781959));
#3648 = CARTESIAN_POINT('',(2407.20496685,-629.574582345,352.731401487));
#3649 = CARTESIAN_POINT('',(2406.36789973,-634.250635083,379.458649683));
#3650 = CARTESIAN_POINT('',(2405.49927867,-638.655493211,406.230073233));
#3651 = CARTESIAN_POINT('',(2404.30804013,-644.279492376,441.973414881));
#3652 = CARTESIAN_POINT('',(2403.38791878,-648.035858437,468.9477527));
#3653 = CARTESIAN_POINT('',(2402.77857987,-654.131406039,486.811860012));
#3654 = CARTESIAN_POINT('',(2497.97265555,-512.766772717,-8.77875950537));
#3655 = CARTESIAN_POINT('',(2497.93019671,-519.657470051,7.97097596237));
#3656 = CARTESIAN_POINT('',(2497.86465362,-529.991214509,33.0967878404));
#3657 = CARTESIAN_POINT('',(2497.75122055,-543.522761532,66.7000600089));
#3658 = CARTESIAN_POINT('',(2497.64560487,-553.47409913,91.9812191911));
#3659 = CARTESIAN_POINT('',(2497.51420292,-563.176025845,117.360425351));
#3660 = CARTESIAN_POINT('',(2497.35043259,-572.554139088,142.862645791));
#3661 = CARTESIAN_POINT('',(2497.14565977,-581.540465363,168.510103249));
#3662 = CARTESIAN_POINT('',(2496.89555672,-590.073351008,194.312807749));
#3663 = CARTESIAN_POINT('',(2496.59057801,-598.109457113,220.296150646));
#3664 = CARTESIAN_POINT('',(2496.22447269,-605.398766369,246.466580329));
#3665 = CARTESIAN_POINT('',(2495.79608376,-612.676362424,272.806723765));
#3666 = CARTESIAN_POINT('',(2495.31239433,-619.550586748,299.286986414));
#3667 = CARTESIAN_POINT('',(2494.78319842,-624.679319981,325.904278994));
#3668 = CARTESIAN_POINT('',(2494.21387336,-629.675481169,352.604982791));
#3669 = CARTESIAN_POINT('',(2493.61320727,-634.210140115,379.373515037));
#3670 = CARTESIAN_POINT('',(2492.98828035,-638.451827697,406.18149691));
#3671 = CARTESIAN_POINT('',(2492.12962307,-643.895589385,441.970737873));
#3672 = CARTESIAN_POINT('',(2491.46530693,-647.331914747,468.968518707));
#3673 = CARTESIAN_POINT('',(2491.02535543,-652.489206342,486.842275528));
#3674 = CARTESIAN_POINT('',(2583.0180324,-514.704450539,-9.45355503502));
#3675 = CARTESIAN_POINT('',(2583.00898823,-521.531482616,7.33349348612));
#3676 = CARTESIAN_POINT('',(2582.994539,-531.769686407,32.5155091471));
#3677 = CARTESIAN_POINT('',(2582.9604954,-545.169670081,66.1948862241));
#3678 = CARTESIAN_POINT('',(2582.92320608,-555.0188855,91.5337592557));
#3679 = CARTESIAN_POINT('',(2582.87110972,-564.613971267,116.971170951));
#3680 = CARTESIAN_POINT('',(2582.80038237,-573.879531184,142.531802841));
#3681 = CARTESIAN_POINT('',(2582.70600734,-582.743736769,168.237096004));
#3682 = CARTESIAN_POINT('',(2582.58547748,-591.149130192,194.09628415));
#3683 = CARTESIAN_POINT('',(2582.43323971,-599.027801228,220.132848482));
#3684 = CARTESIAN_POINT('',(2582.24566935,-606.206097563,246.352816571));
#3685 = CARTESIAN_POINT('',(2582.02207145,-613.099843674,272.738799791));
#3686 = CARTESIAN_POINT('',(2581.76648508,-619.496009527,299.260672991));
#3687 = CARTESIAN_POINT('',(2581.48460846,-624.630730172,325.915378071));
#3688 = CARTESIAN_POINT('',(2581.17952222,-629.494321569,352.649022063));
#3689 = CARTESIAN_POINT('',(2580.85631219,-633.925575814,379.446875413));
#3690 = CARTESIAN_POINT('',(2580.51906546,-638.051745431,406.280664783));
#3691 = CARTESIAN_POINT('',(2580.05470098,-643.331410053,442.102110221));
#3692 = CARTESIAN_POINT('',(2579.69478232,-646.675747256,469.116189619));
#3693 = CARTESIAN_POINT('',(2579.4564119,-650.657036056,486.996614643));
#3694 = CARTESIAN_POINT('',(2668.13437208,-516.497778918,-9.64745732623));
#3695 = CARTESIAN_POINT('',(2668.13899452,-523.260849804,7.15830972451));
#3696 = CARTESIAN_POINT('',(2668.14594758,-533.403016259,32.3684592134));
#3697 = CARTESIAN_POINT('',(2668.15468932,-546.6696785,66.0854113578));
#3698 = CARTESIAN_POINT('',(2668.16079453,-556.414448256,91.452431592));
#3699 = CARTESIAN_POINT('',(2668.16631723,-565.898993351,116.917880286));
#3700 = CARTESIAN_POINT('',(2668.1710938,-575.046873653,142.506334511));
#3701 = CARTESIAN_POINT('',(2668.17490942,-583.780799862,168.238981761));
#3702 = CARTESIAN_POINT('',(2668.17765889,-592.050412705,194.124891197));
#3703 = CARTESIAN_POINT('',(2668.17910243,-599.751147589,220.187067806));
#3704 = CARTESIAN_POINT('',(2668.17908706,-606.828232458,246.431547627));
#3705 = CARTESIAN_POINT('',(2668.17757601,-613.22136635,272.841137885));
#3706 = CARTESIAN_POINT('',(2668.17473685,-618.973583963,299.385718179));
#3707 = CARTESIAN_POINT('',(2668.17081665,-624.219834587,326.062301477));
#3708 = CARTESIAN_POINT('',(2668.16593365,-628.996397275,352.816946134));
#3709 = CARTESIAN_POINT('',(2668.16029985,-633.388136176,379.635148932));
#3710 = CARTESIAN_POINT('',(2668.15408219,-637.479144868,406.488605121));
#3711 = CARTESIAN_POINT('',(2668.1451824,-642.621305511,442.336028659));
#3712 = CARTESIAN_POINT('',(2668.13805948,-646.258940711,469.36761701));
#3713 = CARTESIAN_POINT('',(2668.13333865,-648.645840349,487.25841478));
#3714 = CARTESIAN_POINT('',(2753.46900309,-518.185569493,-9.53587991712));
#3715 = CARTESIAN_POINT('',(2753.45955546,-524.891585392,7.27784979054));
#3716 = CARTESIAN_POINT('',(2753.44619081,-534.948003455,32.4999695467));
#3717 = CARTESIAN_POINT('',(2753.44529215,-548.0933624,66.2336122823));
#3718 = CARTESIAN_POINT('',(2753.45820067,-557.741170855,91.6137449038));
#3719 = CARTESIAN_POINT('',(2753.48827346,-567.12067746,117.092999561));
#3720 = CARTESIAN_POINT('',(2753.53999593,-576.153970871,142.696005528));
#3721 = CARTESIAN_POINT('',(2753.61925338,-584.757242697,168.444054486));
#3722 = CARTESIAN_POINT('',(2753.72897836,-592.887110563,194.34603523));
#3723 = CARTESIAN_POINT('',(2753.87569339,-600.400989625,220.424758199));
#3724 = CARTESIAN_POINT('',(2754.06364164,-607.364591389,246.685838078));
#3725 = CARTESIAN_POINT('',(2754.29366658,-613.238152603,273.111355952));
#3726 = CARTESIAN_POINT('',(2754.56105131,-618.367564093,299.670720412));
#3727 = CARTESIAN_POINT('',(2754.85909887,-623.691668125,326.360856583));
#3728 = CARTESIAN_POINT('',(2755.18424997,-628.34424353,353.12769237));
#3729 = CARTESIAN_POINT('',(2755.53056146,-632.657215029,379.956800689));
#3730 = CARTESIAN_POINT('',(2755.89327096,-636.67570046,406.820095758));
#3731 = CARTESIAN_POINT('',(2756.39405116,-641.612682312,442.67930987));
#3732 = CARTESIAN_POINT('',(2756.78309525,-645.56121113,469.719312291));
#3733 = CARTESIAN_POINT('',(2757.04076872,-646.473405993,487.61598492));
#3734 = CARTESIAN_POINT('',(2839.00811278,-519.778563388,-9.30766633135));
#3735 = CARTESIAN_POINT('',(2838.959558,-526.438621203,7.51387560312));
#3736 = CARTESIAN_POINT('',(2838.88821669,-536.42586986,32.7478707401));
#3737 = CARTESIAN_POINT('',(2838.83034699,-549.470507014,66.5001956759));
#3738 = CARTESIAN_POINT('',(2838.81701656,-559.035401457,91.8965753813));
#3739 = CARTESIAN_POINT('',(2838.84176769,-568.322179351,117.394612381));
#3740 = CARTESIAN_POINT('',(2838.91462472,-577.250853623,143.019028796));
#3741 = CARTESIAN_POINT('',(2839.04874169,-585.730964953,168.791255439));
#3742 = CARTESIAN_POINT('',(2839.25066112,-593.72293696,194.719324796));
#3743 = CARTESIAN_POINT('',(2839.53497212,-601.056354957,220.824817072));
#3744 = CARTESIAN_POINT('',(2839.91114607,-607.876260436,247.111736185));
#3745 = CARTESIAN_POINT('',(2840.38110661,-613.319337633,273.559627417));
#3746 = CARTESIAN_POINT('',(2840.93434059,-618.02080056,300.13610567));
#3747 = CARTESIAN_POINT('',(2841.55586311,-623.264084446,326.837752847));
#3748 = CARTESIAN_POINT('',(2842.2377938,-627.69055976,353.610029726));
#3749 = CARTESIAN_POINT('',(2842.96688099,-631.800463596,380.439014598));
#3750 = CARTESIAN_POINT('',(2843.73252462,-635.609181687,407.297440765));
#3751 = CARTESIAN_POINT('',(2844.79164394,-640.209246485,443.144883307));
#3752 = CARTESIAN_POINT('',(2845.61578807,-644.117928128,470.172017684));
#3753 = CARTESIAN_POINT('',(2846.16165914,-644.155705853,488.060010427));
#3754 = CARTESIAN_POINT('',(2924.73275918,-521.287371994,-8.92194110043));
#3755 = CARTESIAN_POINT('',(2924.62297468,-527.909933598,7.90409554346));
#3756 = CARTESIAN_POINT('',(2924.460381,-537.840647323,33.1450524151));
#3757 = CARTESIAN_POINT('',(2924.30373465,-550.800052372,66.9108742627));
#3758 = CARTESIAN_POINT('',(2924.23499448,-560.292418034,92.3207047963));
#3759 = CARTESIAN_POINT('',(2924.22807211,-569.495297485,117.835984348));
#3760 = CARTESIAN_POINT('',(2924.29932208,-578.326138604,143.481598144));
#3761 = CARTESIAN_POINT('',(2924.47020612,-586.687534222,169.279244828));
#3762 = CARTESIAN_POINT('',(2924.75138557,-594.541565103,195.235724898));
#3763 = CARTESIAN_POINT('',(2925.16667576,-601.696545975,221.370906353));
#3764 = CARTESIAN_POINT('',(2925.73151608,-608.349587177,247.686398223));
#3765 = CARTESIAN_POINT('',(2926.449088,-613.41763567,274.157934862));
#3766 = CARTESIAN_POINT('',(2927.30227144,-617.800078215,300.75046612));
#3767 = CARTESIAN_POINT('',(2928.26659895,-622.859640439,327.460042247));
#3768 = CARTESIAN_POINT('',(2929.32929661,-626.994637864,354.231446256));
#3769 = CARTESIAN_POINT('',(2930.46877882,-630.821321547,381.051454249));
#3770 = CARTESIAN_POINT('',(2931.66780015,-634.333704878,407.894013655));
#3771 = CARTESIAN_POINT('',(2933.32879871,-638.506033553,443.712563404));
#3772 = CARTESIAN_POINT('',(2934.62286715,-642.180529618,470.712303939));
#3773 = CARTESIAN_POINT('',(2935.4800158,-641.706687071,488.582078145));
#3774 = CARTESIAN_POINT('',(3010.62026032,-522.722527898,-8.39942185824));
#3775 = CARTESIAN_POINT('',(3010.42981555,-529.315363137,8.42825352168));
#3776 = CARTESIAN_POINT('',(3010.14674338,-539.201145309,33.6719439945));
#3777 = CARTESIAN_POINT('',(3009.85459397,-552.089603365,67.4468305869));
#3778 = CARTESIAN_POINT('',(3009.70480984,-561.519074633,92.8677509492));
#3779 = CARTESIAN_POINT('',(3009.64304646,-570.646334539,118.399018745));
#3780 = CARTESIAN_POINT('',(3009.69268091,-579.385813389,144.065743125));
#3781 = CARTESIAN_POINT('',(3009.88439181,-587.632987227,169.890001313));
#3782 = CARTESIAN_POINT('',(3010.23340448,-595.34937463,195.877028783));
#3783 = CARTESIAN_POINT('',(3010.77377522,-602.329023943,222.044551214));
#3784 = CARTESIAN_POINT('',(3011.5275588,-608.792542707,248.391091402));
#3785 = CARTESIAN_POINT('',(3012.49935003,-613.545580941,274.887450684));
#3786 = CARTESIAN_POINT('',(3013.66471249,-617.701851817,301.49514554));
#3787 = CARTESIAN_POINT('',(3014.98865075,-622.482225842,328.209529103));
#3788 = CARTESIAN_POINT('',(3016.45299651,-626.269936368,354.974519965));
#3789 = CARTESIAN_POINT('',(3018.02693297,-629.742901072,381.777766577));
#3790 = CARTESIAN_POINT('',(3019.68586259,-632.882834177,408.594769337));
#3791 = CARTESIAN_POINT('',(3021.98669476,-636.549586046,444.369373144));
#3792 = CARTESIAN_POINT('',(3023.7810509,-639.811347651,471.328770825));
#3793 = CARTESIAN_POINT('',(3024.96960075,-639.144025699,489.171695977));
#3794 = CARTESIAN_POINT('',(3096.64754343,-524.094556102,-7.74430671634));
#3795 = CARTESIAN_POINT('',(3096.35976487,-530.664219158,9.0816417148));
#3796 = CARTESIAN_POINT('',(3095.93113504,-540.514856907,34.3230498383));
#3797 = CARTESIAN_POINT('',(3095.4719653,-553.344401006,68.1011991922));
#3798 = CARTESIAN_POINT('',(3095.21913697,-562.719077013,93.5295791471));
#3799 = CARTESIAN_POINT('',(3095.08264671,-571.777656062,119.074045085));
#3800 = CARTESIAN_POINT('',(3095.09348762,-580.4311562,144.759991944));
#3801 = CARTESIAN_POINT('',(3095.2923345,-588.567817238,170.609998278));
#3802 = CARTESIAN_POINT('',(3095.69935831,-596.14659862,196.627513242));
#3803 = CARTESIAN_POINT('',(3096.35972608,-602.953638957,222.827876525));
#3804 = CARTESIAN_POINT('',(3097.30266284,-609.207235951,249.206009943));
#3805 = CARTESIAN_POINT('',(3098.53431008,-613.699605059,275.726915066));
#3806 = CARTESIAN_POINT('',(3100.02230696,-617.687746035,302.348103136));
#3807 = CARTESIAN_POINT('',(3101.7202339,-622.113856351,329.064099475));
#3808 = CARTESIAN_POINT('',(3103.60409902,-625.515321565,355.817822949));
#3809 = CARTESIAN_POINT('',(3105.63308512,-628.582968344,382.597892285));
#3810 = CARTESIAN_POINT('',(3107.77463681,-631.295570694,409.381603563));
#3811 = CARTESIAN_POINT('',(3110.74779935,-634.399372228,445.100452963));
#3812 = CARTESIAN_POINT('',(3113.06844222,-637.123339426,472.009527578));
#3813 = CARTESIAN_POINT('',(3114.60562439,-636.484329953,489.818984936));
#3814 = CARTESIAN_POINT('',(3182.79132414,-525.413977708,-6.96522442656));
#3815 = CARTESIAN_POINT('',(3182.39231137,-531.965925561,9.85539523875));
#3816 = CARTESIAN_POINT('',(3181.79721585,-541.789567381,35.0891320236));
#3817 = CARTESIAN_POINT('',(3181.14474977,-554.570215498,68.8639678718));
#3818 = CARTESIAN_POINT('',(3180.77053497,-563.896837584,94.2953846992));
#3819 = CARTESIAN_POINT('',(3180.54273756,-572.892512941,119.849230947));
#3820 = CARTESIAN_POINT('',(3180.50046124,-581.464504871,145.551247428));
#3821 = CARTESIAN_POINT('',(3180.69502639,-589.49376807,171.424640747));
#3822 = CARTESIAN_POINT('',(3181.15186764,-596.934849735,197.470945664));
#3823 = CARTESIAN_POINT('',(3181.92798758,-603.571980932,223.703022567));
#3824 = CARTESIAN_POINT('',(3183.0602439,-609.597013896,250.11183167));
#3825 = CARTESIAN_POINT('',(3184.55643587,-613.88009244,276.655935937));
#3826 = CARTESIAN_POINT('',(3186.37577152,-617.728328657,303.28844091));
#3827 = CARTESIAN_POINT('',(3188.4596603,-621.74198341,330.002945038));
#3828 = CARTESIAN_POINT('',(3190.77792903,-624.733110443,356.741276137));
#3829 = CARTESIAN_POINT('',(3193.2791192,-627.360228281,383.493060276));
#3830 = CARTESIAN_POINT('',(3195.92221272,-629.608930268,410.237546509));
#3831 = CARTESIAN_POINT('',(3199.59477507,-632.110823904,445.891788542));
#3832 = CARTESIAN_POINT('',(3202.46336213,-634.215282794,472.743175244));
#3833 = CARTESIAN_POINT('',(3204.36353033,-633.743871969,490.514275031));
#3834 = CARTESIAN_POINT('',(3269.02780615,-526.691306743,-6.06962228414));
#3835 = CARTESIAN_POINT('',(3268.5065152,-533.229809896,10.7417916057));
#3836 = CARTESIAN_POINT('',(3267.72834212,-543.032831756,35.9620352493));
#3837 = CARTESIAN_POINT('',(3266.86171146,-555.772408323,69.7261158978));
#3838 = CARTESIAN_POINT('',(3266.35155068,-565.056226338,95.1552779224));
#3839 = CARTESIAN_POINT('',(3266.01929603,-573.993479726,120.713574001));
#3840 = CARTESIAN_POINT('',(3265.91255739,-582.487388305,146.427149889));
#3841 = CARTESIAN_POINT('',(3266.09382022,-590.411637731,172.31997308));
#3842 = CARTESIAN_POINT('',(3266.59403717,-597.714674788,198.391634063));
#3843 = CARTESIAN_POINT('',(3267.48262623,-604.184392075,224.652580666));
#3844 = CARTESIAN_POINT('',(3268.80444764,-609.964025696,251.089611069));
#3845 = CARTESIAN_POINT('',(3270.56904724,-614.085416196,277.654446072));
#3846 = CARTESIAN_POINT('',(3272.72679663,-617.790732504,304.295563213));
#3847 = CARTESIAN_POINT('',(3275.20633701,-621.351480873,331.00556755));
#3848 = CARTESIAN_POINT('',(3277.97102768,-623.923491218,357.72515043));
#3849 = CARTESIAN_POINT('',(3280.95825611,-626.091847451,384.444917256));
#3850 = CARTESIAN_POINT('',(3284.11813773,-627.859091503,411.146139009));
#3851 = CARTESIAN_POINT('',(3288.51190251,-629.738974897,446.730022677));
#3852 = CARTESIAN_POINT('',(3291.94587035,-631.188195449,473.519118727));
#3853 = CARTESIAN_POINT('',(3294.22058076,-630.937392136,491.248810359));
#3854 = CARTESIAN_POINT('',(3384.10747838,-528.352392006,-4.73041469666));
#3855 = CARTESIAN_POINT('',(3383.41201135,-534.877233922,12.0631293112));
#3856 = CARTESIAN_POINT('',(3382.37298125,-544.65912987,37.2569541857));
#3857 = CARTESIAN_POINT('',(3381.19974231,-557.351757237,70.995505063));
#3858 = CARTESIAN_POINT('',(3380.49362173,-566.583742199,96.4133647858));
#3859 = CARTESIAN_POINT('',(3380.00880355,-575.447574935,121.969458207));
#3860 = CARTESIAN_POINT('',(3379.80463534,-583.840769787,147.690548166));
#3861 = CARTESIAN_POINT('',(3379.95900946,-591.627429944,173.601801238));
#3862 = CARTESIAN_POINT('',(3380.51049067,-598.745829327,199.700304734));
#3863 = CARTESIAN_POINT('',(3381.54563131,-604.995619131,225.993588523));
#3864 = CARTESIAN_POINT('',(3383.12033205,-610.428164049,252.462845288));
#3865 = CARTESIAN_POINT('',(3385.24655649,-614.392870658,279.050445548));
#3866 = CARTESIAN_POINT('',(3387.86248845,-617.862633544,305.69863459));
#3867 = CARTESIAN_POINT('',(3390.87914665,-620.789072866,332.398647123));
#3868 = CARTESIAN_POINT('',(3394.25098056,-622.81097077,359.08965922));
#3869 = CARTESIAN_POINT('',(3397.89999225,-624.365914219,385.763459492));
#3870 = CARTESIAN_POINT('',(3401.7640708,-625.493054425,412.403990187));
#3871 = CARTESIAN_POINT('',(3407.14110992,-626.541973914,447.890328858));
#3872 = CARTESIAN_POINT('',(3411.34625765,-627.130413718,474.593750917));
#3873 = CARTESIAN_POINT('',(3414.1318492,-627.130877613,492.266502184));
#3874 = CARTESIAN_POINT('',(3470.47988915,-529.566536812,-3.57445606961));
#3875 = CARTESIAN_POINT('',(3469.64546819,-536.084224611,13.1989638714));
#3876 = CARTESIAN_POINT('',(3468.39827803,-545.854890743,38.3628234854));
#3877 = CARTESIAN_POINT('',(3466.97935141,-558.517954085,72.0683156632));
#3878 = CARTESIAN_POINT('',(3466.1152791,-567.714834114,97.4670451526));
#3879 = CARTESIAN_POINT('',(3465.50611088,-576.526808336,123.010649248));
#3880 = CARTESIAN_POINT('',(3465.22029361,-584.846839293,148.726438586));
#3881 = CARTESIAN_POINT('',(3465.34766349,-592.532066676,174.640695122));
#3882 = CARTESIAN_POINT('',(3465.93268471,-599.5110831,200.748875201));
#3883 = CARTESIAN_POINT('',(3467.0751942,-605.599467296,227.056893886));
#3884 = CARTESIAN_POINT('',(3468.83964972,-610.752118976,253.541915669));
#3885 = CARTESIAN_POINT('',(3471.23989469,-614.66023666,280.139394271));
#3886 = CARTESIAN_POINT('',(3474.20466881,-617.856366247,306.787097391));
#3887 = CARTESIAN_POINT('',(3477.63132699,-620.299327367,333.475229058));
#3888 = CARTESIAN_POINT('',(3481.46742221,-621.941403814,360.14189741));
#3889 = CARTESIAN_POINT('',(3485.62303392,-623.059765538,386.779544056));
#3890 = CARTESIAN_POINT('',(3490.0265793,-623.737343501,413.373955086));
#3891 = CARTESIAN_POINT('',(3496.15726942,-624.18955068,448.787499958));
#3892 = CARTESIAN_POINT('',(3500.95375968,-624.215240395,475.427787106));
#3893 = CARTESIAN_POINT('',(3504.13109985,-624.227630903,493.058592519));
#3894 = CARTESIAN_POINT('',(3528.06371923,-530.375999989,-2.7466662339));
#3895 = CARTESIAN_POINT('',(3527.13666575,-536.888784379,14.0099646948));
#3896 = CARTESIAN_POINT('',(3525.75070738,-546.651762251,39.1487311457));
#3897 = CARTESIAN_POINT('',(3524.16799663,-559.294848346,72.824814445));
#3898 = CARTESIAN_POINT('',(3523.19862954,-568.468121038,98.2048749253));
#3899 = CARTESIAN_POINT('',(3522.50656847,-577.245329073,123.733833554));
#3900 = CARTESIAN_POINT('',(3522.16632666,-585.516350198,149.439402393));
#3901 = CARTESIAN_POINT('',(3522.2757032,-593.133868748,175.348710605));
#3902 = CARTESIAN_POINT('',(3522.88309535,-600.019324759,201.456366108));
#3903 = CARTESIAN_POINT('',(3524.09719675,-606.001519933,227.767672842));
#3904 = CARTESIAN_POINT('',(3525.9881701,-610.961327231,254.257399576));
#3905 = CARTESIAN_POINT('',(3528.57111205,-614.85405654,280.856742598));
#3906 = CARTESIAN_POINT('',(3531.76846602,-617.783486711,307.500807209));
#3907 = CARTESIAN_POINT('',(3535.46847737,-619.924137239,334.179152024));
#3908 = CARTESIAN_POINT('',(3539.6141013,-621.347895138,360.829264305));
#3909 = CARTESIAN_POINT('',(3544.1074685,-622.20814685,387.443831315));
#3910 = CARTESIAN_POINT('',(3548.87068137,-622.624767182,414.009680646));
#3911 = CARTESIAN_POINT('',(3555.50383689,-622.71601734,449.378889101));
#3912 = CARTESIAN_POINT('',(3560.6945797,-622.463939165,475.9811767));
#3913 = CARTESIAN_POINT('',(3564.13310167,-622.291938451,493.586744363));
#3914 = B_SPLINE_SURFACE_WITH_KNOTS('',3,3,((#2954,#2955,#2956,#2957,#2958,#2959,#2960,#2961,#2962,#2963,#2964,#2965,#2966,#2967,#2968,#2969,#2970,#2971,#2972,#2973),(#2974,#2975,#2976,#2977,#2978,#2979,#2980,#2981,#2982,#2983,#2984,#2985,#2986,#2987,
#2988,#2989,#2990,#2991,#2992,#2993),(#2994,#2995,#2996,#2997,#2998,#2999,#3000,#3001,#3002,#3003,#3004,#3005,#3006,#3007,#3008,#3009,#3010,#3011,#3012,#3013),(#3014,#3015,#3016,#3017,#3018,#3019,#3020,#3021,#3022,#3023,#3024,#3025,#3026,#3027,#3028,
#3029,#3030,#3031,#3032,#3033),(#3034,#3035,#3036,#3037,#3038,#3039,#3040,#3041,#3042,#3043,#3044,#3045,#3046,#3047,#3048,#3049,#3050,#3051,#3052,#3053),(#3054,#3055,#3056,#3057,#3058,#3059,#3060,#3061,#3062,#3063,#3064,#3065,#3066,#3067,#3068,#3069,
#3070,#3071,#3072,#3073),(#3074,#3075,#3076,#3077,#3078,#3079,#3080,#3081,#3082,#3083,#3084,#3085,#3086,#3087,#3088,#3089,#3090,#3091,#3092,#3093),(#3094,#3095,#3096,#3097,#3098,#3099,#3100,#3101,#3102,#3103,#3104,#3105,#3106,#3107,#3108,#3109,#3110,
#3111,#3112,#3113),(#3114,#3115,#3116,#3117,#3118,#3119,#3120,#3121,#3122,#3123,#3124,#3125,#3126,#3127,#3128,#3129,#3130,#3131,#3132,#3133),(#3134,#3135,#3136,#3137,#3138,#3139,#3140,#3141,#3142,#3143,#3144,#3145,#3146,#3147,#3148,#3149,#3150,#3151,
#3152,#3153),(#3154,#3155,#3156,#3157,#3158,#3159,#3160,#3161,#3162,#3163,#3164,#3165,#3166,#3167,#3168,#3169,#3170,#3171,#3172,#3173),(#3174,#3175,#3176,#3177,#3178,#3179,#3180,#3181,#3182,#3183,#3184,#3185,#3186,#3187,#3188,#3189,#3190,#3191,#3192,
#3193),(#3194,#3195,#3196,#3197,#3198,#3199,#3200,#3201,#3202,#3203,#3204,#3205,#3206,#3207,#3208,#3209,#3210,#3211,#3212,#3213),(#3214,#3215,#3216,#3217,#3218,#3219,#3220,#3221,#3222,#3223,#3224,#3225,#3226,#3227,#3228,#3229,#3230,#3231,#3232,#3233),
(#3234,#3235,#3236,#3237,#3238,#3239,#3240,#3241,#3242,#3243,#3244,#3245,#3246,#3247,#3248,#3249,#3250,#3251,#3252,#3253),(#3254,#3255,#3256,#3257,#3258,#3259,#3260,#3261,#3262,#3263,#3264,#3265,#3266,#3267,#3268,#3269,#3270,#3271,#3272,#3273),(#3274,
#3275,#3276,#3277,#3278,#3279,#3280,#3281,#3282,#3283,#3284,#3285,#3286,#3287,#3288,#3289,#3290,#3291,#3292,#3293),(#3294,#3295,#3296,#3297,#3298,#3299,#3300,#3301,#3302,#3303,#3304,#3305,#3306,#3307,#3308,#3309,#3310,#3311,#3312,#3313),(#3314,#3315,
#3316,#3317,#3318,#3319,#3320,#3321,#3322,#3323,#3324,#3325,#3326,#3327,#3328,#3329,#3330,#3331,#3332,#3333),(#3334,#3335,#3336,#3337,#3338,#3339,#3340,#3341,#3342,#3343,#3344,#3345,#3346,#3347,#3348,#3349,#3350,#3351,#3352,#3353),(#3354,#3355,#3356,
#3357,#3358,#3359,#3360,#3361,#3362,#3363,#3364,#3365,#3366,#3367,#3368,#3369,#3370,#3371,#3372,#3373),(#3374,#3375,#3376,#3377,#3378,#3379,#3380,#3381,#3382,#3383,#3384,#3385,#3386,#3387,#3388,#3389,#3390,#3391,#3392,#3393),(#3394,#3395,#3396,#3397,
#3398,#3399,#3400,#3401,#3402,#3403,#3404,#3405,#3406,#3407,#3408,#3409,#3410,#3411,#3412,#3413),(#3414,#3415,#3416,#3417,#3418,#3419,#3420,#3421,#3422,#3423,#3424,#3425,#3426,#3427,#3428,#3429,#3430,#3431,#3432,#3433),(#3434,#3435,#3436,#3437,#3438,
#3439,#3440,#3441,#3442,#3443,#3444,#3445,#3446,#3447,#3448,#3449,#3450,#3451,#3452,#3453),(#3454,#3455,#3456,#3457,#3458,#3459,#3460,#3461,#3462,#3463,#3464,#3465,#3466,#3467,#3468,#3469,#3470,#3471,#3472,#3473),(#3474,#3475,#3476,#3477,#3478,#3479,
#3480,#3481,#3482,#3483,#3484,#3485,#3486,#3487,#3488,#3489,#3490,#3491,#3492,#3493),(#3494,#3495,#3496,#3497,#3498,#3499,#3500,#3501,#3502,#3503,#3504,#3505,#3506,#3507,#3508,#3509,#3510,#3511,#3512,#3513),(#3514,#3515,#3516,#3517,#3518,#3519,#3520,
#3521,#3522,#3523,#3524,#3525,#3526,#3527,#3528,#3529,#3530,#3531,#3532,#3533),(#3534,#3535,#3536,#3537,#3538,#3539,#3540,#3541,#3542,#3543,#3544,#3545,#3546,#3547,#3548,#3549,#3550,#3551,#3552,#3553),(#3554,#3555,#3556,#3557,#3558,#3559,#3560,#3561,
#3562,#3563,#3564,#3565,#3566,#3567,#3568,#3569,#3570,#3571,#3572,#3573),(#3574,#3575,#3576,#3577,#3578,#3579,#3580,#3581,#3582,#3583,#3584,#3585,#3586,#3587,#3588,#3589,#3590,#3591,#3592,#3593),(#3594,#3595,#3596,#3597,#3598,#3599,#3600,#3601,#3602,
#3603,#3604,#3605,#3606,#3607,#3608,#3609,#3610,#3611,#3612,#3613),(#3614,#3615,#3616,#3617,#3618,#3619,#3620,#3621,#3622,#3623,#3624,#3625,#3626,#3627,#3628,#3629,#3630,#3631,#3632,#3633),(#3634,#3635,#3636,#3637,#3638,#3639,#3640,#3641,#3642,#3643,
#3644,#3645,#3646,#3647,#3648,#3649,#3650,#3651,#3652,#3653),(#3654,#3655,#3656,#3657,#3658,#3659,#3660,#3661,#3662,#3663,#3664,#3665,#3666,#3667,#3668,#3669,#3670,#3671,#3672,#3673),(#3674,#3675,#3676,#3677,#3678,#3679,#3680,#3681,#3682,#3683,#3684,
#3685,#3686,#3687,#3688,#3689,#3690,#3691,#3692,#3693),(#3694,#3695,#3696,#3697,#3698,#3699,#3700,#3701,#3702,#3703,#3704,#3705,#3706,#3707,#3708,#3709,#3710,#3711,#3712,#3713),(#3714,#3715,#3716,#3717,#3718,#3719,#3720,#3721,#3722,#3723,#3724,#3725,
#3726,#3727,#3728,#3729,#3730,#3731,#3732,#3733),(#3734,#3735,#3736,#3737,#3738,#3739,#3740,#3741,#3742,#3743,#3744,#3745,#3746,#3747,#3748,#3749,#3750,#3751,#3752,#3753),(#3754,#3755,#3756,#3757,#3758,#3759,#3760,#3761,#3762,#3763,#3764,#3765,#3766,
#3767,#3768,#3769,#3770,#3771,#3772,#3773),(#3774,#3775,#3776,#3777,#3778,#3779,#3780,#3781,#3782,#3783,#3784,#3785,#3786,#3787,#3788,#3789,#3790,#3791,#3792,#3793),(#3794,#3795,#3796,#3797,#3798,#3799,#3800,#3801,#3802,#3803,#3804,#3805,#3806,#3807,
#3808,#3809,#3810,#3811,#3812,#3813),(#3814,#3815,#3816,#3817,#3818,#3819,#3820,#3821,#3822,#3823,#3824,#3825,#3826,#3827,#3828,#3829,#3830,#3831,#3832,#3833),(#3834,#3835,#3836,#3837,#3838,#3839,#3840,#3841,#3842,#3843,#3844,#3845,#3846,#3847,#3848,
#3849,#3850,#3851,#3852,#3853),(#3854,#3855,#3856,#3857,#3858,#3859,#3860,#3861,#3862,#3863,#3864,#3865,#3866,#3867,#3868,#3869,#3870,#3871,#3872,#3873),(#3874,#3875,#3876,#3877,#3878,#3879,#3880,#3881,#3882,#3883,#3884,#3885,#3886,#3887,#3888,#3889,
#3890,#3891,#3892,#3893),(#3894,#3895,#3896,#3897,#3898,#3899,#3900,#3901,#3902,#3903,#3904,#3905,#3906,#3907,#3908,#3909,#3910,#3911,#3912,#3913)),.UNSPECIFIED.,.F.,.F.,.F.,(4,1,1,1,1,1,1,1,1,1,1,1,1,1,1,1,1,1,1,1,1,1,1,1,1,1,1,1,1,1,1,1,1,1,1,1,1,1,
1,1,1,1,1,1,1,4),(4,1,1,1,1,1,1,1,1,1,1,1,1,1,1,1,1,4),(0.,0.0371829657699,0.0557737115362,0.0744105526668,0.0931511300071,0.112069856914,0.131249770542,0.15077137904,0.170703163197,0.191152064598,0.21211830878,0.23356901537,0.255388756938,
0.277527850135,0.299932284358,0.322544955779,0.345306679675,0.3681567002,0.391033435998,0.413879685483,0.436646048209,0.459272943782,0.481738427577,0.504036994822,0.526197735982,0.548231852875,0.570150821492,0.591966033174,0.613689075594,
0.635331641848,0.656905547537,0.678422596576,0.699894654218,0.721333613755,0.742751390562,0.764159700934,0.785568578002,0.806984010363,0.828407942999,0.849839711465,0.871278370836,0.89272292754,0.914172419265,0.935625867992,0.957082283906,1.),(0.,
0.105415778657,0.158120577792,0.210822240128,0.263519764598,0.316211802118,0.368896597515,0.421571796609,0.474235271888,0.526891145274,0.579540745592,0.632172967652,0.684781873237,0.737366719301,0.789940204722,0.842492996434,0.89499835698,1.),
.UNSPECIFIED.);
#3915 = B_SPLINE_CURVE_WITH_KNOTS('',3,(#2954,#2955,#2956,#2957,#2958,#2959,#2960,#2961,#2962,#2963,#2964,#2965,#2966,#2967,#2968,#2969,#2970,#2971,#2972,#2973),.UNSPECIFIED.,.F.,.F.,(4,1,1,1,1,1,1,1,1,1,1,1,1,1,1,1,1,4),(0.,0.105415778657,
0.158120577792,0.210822240128,0.263519764598,0.316211802118,0.368896597515,0.421571796609,0.474235271888,0.526891145274,0.579540745592,0.632172967652,0.684781873237,0.737366719301,0.789940204722,0.842492996434,0.89499835698,1.),.UNSPECIFIED.);
#3916 = B_SPLINE_CURVE_WITH_KNOTS('',3,(#3894,#3895,#3896,#3897,#3898,#3899,#3900,#3901,#3902,#3903,#3904,#3905,#3906,#3907,#3908,#3909,#3910,#3911,#3912,#3913),.UNSPECIFIED.,.F.,.F.,(4,1,1,1,1,1,1,1,1,1,1,1,1,1,1,1,1,4),(0.,0.105415778657,
0.158120577792,0.210822240128,0.263519764598,0.316211802118,0.368896597515,0.421571796609,0.474235271888,0.526891145274,0.579540745592,0.632172967652,0.684781873237,0.737366719301,0.789940204722,0.842492996434,0.89499835698,1.),.UNSPECIFIED.);
#3917 = B_SPLINE_CURVE_WITH_KNOTS('',3,(#2954,#2974,#2994,#3014,#3034,#3054,#3074,#3094,#3114,#3134,#3154,#3174,#3194,#3214,#3234,#3254,#3274,#3294,#3314,#3334,#3354,#3374,#3394,#3414,#3434,#3454,#3474,#3494,#3514,#3534,#3554,#3574,#3594,#3614,#3634,
#3654,#3674,#3694,#3714,#3734,#3754,#3774,#3794,#3814,#3834,#3854,#3874,#3894),.UNSPECIFIED.,.F.,.F.,(4,1,1,1,1,1,1,1,1,1,1,1,1,1,1,1,1,1,1,1,1,1,1,1,1,1,1,1,1,1,1,1,1,1,1,1,1,1,1,1,1,1,1,1,1,4),(0.,0.0371829657699,0.0557737115362,0.0744105526668,
0.0931511300071,0.112069856914,0.131249770542,0.15077137904,0.170703163197,0.191152064598,0.21211830878,0.23356901537,0.255388756938,0.277527850135,0.299932284358,0.322544955779,0.345306679675,0.3681567002,0.391033435998,0.413879685483,0.436646048209,
0.459272943782,0.481738427577,0.504036994822,0.526197735982,0.548231852875,0.570150821492,0.591966033174,0.613689075594,0.635331641848,0.656905547537,0.678422596576,0.699894654218,0.721333613755,0.742751390562,0.764159700934,0.785568578002,
0.806984010363,0.828407942999,0.849839711465,0.871278370836,0.89272292754,0.914172419265,0.935625867992,0.957082283906,1.),.UNSPECIFIED.);
#3918 = B_SPLINE_CURVE_WITH_KNOTS('',3,(#2973,#2993,#3013,#3033,#3053,#3073,#3093,#3113,#3133,#3153,#3173,#3193,#3213,#3233,#3253,#3273,#3293,#3313,#3333,#3353,#3373,#3393,#3413,#3433,#3453,#3473,#3493,#3513,#3533,#3553,#3573,#3593,#3613,#3633,#3653,
#3673,#3693,#3713,#3733,#3753,#3773,#3793,#3813,#3833,#3853,#3873,#3893,#3913),.UNSPECIFIED.,.F.,.F.,(4,1,1,1,1,1,1,1,1,1,1,1,1,1,1,1,1,1,1,1,1,1,1,1,1,1,1,1,1,1,1,1,1,1,1,1,1,1,1,1,1,1,1,1,1,4),(0.,0.0371829657699,0.0557737115362,0.0744105526668,
0.0931511300071,0.112069856914,0.131249770542,0.15077137904,0.170703163197,0.191152064598,0.21211830878,0.23356901537,0.255388756938,0.277527850135,0.299932284358,0.322544955779,0.345306679675,0.3681567002,0.391033435998,0.413879685483,0.436646048209,
0.459272943782,0.481738427577,0.504036994822,0.526197735982,0.548231852875,0.570150821492,0.591966033174,0.613689075594,0.635331641848,0.656905547537,0.678422596576,0.699894654218,0.721333613755,0.742751390562,0.764159700934,0.785568578002,
0.806984010363,0.828407942999,0.849839711465,0.871278370836,0.89272292754,0.914172419265,0.935625867992,0.957082283906,1.),.UNSPECIFIED.);
#3919 = VERTEX_POINT('',#2954);
#3920 = VERTEX_POINT('',#3894);
#3921 = VERTEX_POINT('',#3913);
#3922 = VERTEX_POINT('',#2973);
#3923 = EDGE_CURVE('',#3919,#3920,#3917,.T.);
#3924 = ORIENTED_EDGE('',*,*,#3923,.T.);
#3925 = EDGE_CURVE('',#3920,#3921,#3916,.T.);
#3926 = ORIENTED_EDGE('',*,*,#3925,.T.);
#3927 = EDGE_CURVE('',#3922,#3921,#3918,.T.);
#3928 = ORIENTED_EDGE('',*,*,#3927,.F.);
#3929 = EDGE_CURVE('',#3919,#3922,#3915,.T.);
#3930 = ORIENTED_EDGE('',*,*,#3929,.F.);
#3931 = EDGE_LOOP('',(#3924,#3926,#3928,#3930));
#3932 = FACE_OUTER_BOUND('',#3931,.T.);
#3933 = ADVANCED_FACE('',(#3932),#3914,.T.);
#3934 = CARTESIAN_POINT('',(-211.043401408,0.,190.917272932));
#3935 = CARTESIAN_POINT('',(-211.640965042,0.,192.222492413));
#3936 = CARTESIAN_POINT('',(-212.536408106,0.,194.180743609));
#3937 = CARTESIAN_POINT('',(-213.730552965,0.,196.791629986));
#3938 = CARTESIAN_POINT('',(-214.626106143,0.,198.74982133));
#3939 = CARTESIAN_POINT('',(-215.521770576,0.,200.707963558));
#3940 = CARTESIAN_POINT('',(-216.417048614,0.,202.666282592));
#3941 = CARTESIAN_POINT('',(-217.313761651,0.,204.623944993));
#3942 = CARTESIAN_POINT('',(-218.211147323,0.,206.581299475));
#3943 = CARTESIAN_POINT('',(-219.108371186,0.,208.538727865));
#3944 = CARTESIAN_POINT('',(-220.005569437,0.,210.496168082));
#3945 = CARTESIAN_POINT('',(-220.903031824,0.,212.453486827));
#3946 = CARTESIAN_POINT('',(-221.799462981,0.,214.411278977));
#3947 = CARTESIAN_POINT('',(-222.699754245,0.,216.3672975));
#3948 = CARTESIAN_POINT('',(-223.601827707,0.,218.322496705));
#3949 = CARTESIAN_POINT('',(-224.503444123,0.,220.277905606));
#3950 = CARTESIAN_POINT('',(-225.405105971,0.,222.233293847));
#3951 = CARTESIAN_POINT('',(-226.607688389,0.,224.840307731));
#3952 = CARTESIAN_POINT('',(-227.507906163,0.,226.796363714));
#3953 = CARTESIAN_POINT('',(-228.114560353,0.,228.097388055));
#3954 = CARTESIAN_POINT('',(-189.790186144,-18.7286654499,187.415899646));
#3955 = CARTESIAN_POINT('',(-190.33813938,-18.8142899684,188.616587478));
#3956 = CARTESIAN_POINT('',(-191.159241848,-18.942727232,190.418006151));
#3957 = CARTESIAN_POINT('',(-192.254247562,-19.1139761483,192.81979204));
#3958 = CARTESIAN_POINT('',(-193.075450991,-19.2424128991,194.621155812));
#3959 = CARTESIAN_POINT('',(-193.896756429,-19.3708497486,196.422474555));
#3960 = CARTESIAN_POINT('',(-194.717707586,-19.4992865921,198.223955409));
#3961 = CARTESIAN_POINT('',(-195.539974477,-19.6277234579,200.024834206));
#3962 = CARTESIAN_POINT('',(-196.362858098,-19.7561603262,201.825430673));
#3963 = CARTESIAN_POINT('',(-197.18559336,-19.8845971869,203.626094907));
#3964 = CARTESIAN_POINT('',(-198.008305139,-20.0130340454,205.426769985));
#3965 = CARTESIAN_POINT('',(-198.831259101,-20.1414709035,207.227333686));
#3966 = CARTESIAN_POINT('',(-199.653267539,-20.2699077225,209.028331445));
#3967 = CARTESIAN_POINT('',(-200.478815267,-20.3983446014,210.827702988));
#3968 = CARTESIAN_POINT('',(-201.305997072,-20.5267814828,212.626323308));
#3969 = CARTESIAN_POINT('',(-202.132759818,-20.6552183447,214.425135894));
#3970 = CARTESIAN_POINT('',(-202.959564218,-20.7836552033,216.223929538));
#3971 = CARTESIAN_POINT('',(-204.062306236,-20.9549043246,218.622164788));
#3972 = CARTESIAN_POINT('',(-204.887786582,-21.0833411192,220.421570675));
#3973 = CARTESIAN_POINT('',(-205.444074849,-21.1689657833,221.618412036));
#3974 = CARTESIAN_POINT('',(-157.770966936,-46.9235182878,182.142929756));
#3975 = CARTESIAN_POINT('',(-158.244247853,-47.1380309484,183.186279137));
#3976 = CARTESIAN_POINT('',(-158.953454726,-47.4598011564,184.751637379));
#3977 = CARTESIAN_POINT('',(-159.899238695,-47.8888261751,186.838690387));
#3978 = CARTESIAN_POINT('',(-160.608532755,-48.2105950982,188.40400118));
#3979 = CARTESIAN_POINT('',(-161.317914905,-48.5323642688,189.969273095));
#3980 = CARTESIAN_POINT('',(-162.026991112,-48.8541334242,191.534685003));
#3981 = CARTESIAN_POINT('',(-162.737203539,-49.1759026355,193.099576997));
#3982 = CARTESIAN_POINT('',(-163.447948552,-49.4976718531,194.664225183));
#3983 = CARTESIAN_POINT('',(-164.158565448,-49.8194410518,196.228931888));
#3984 = CARTESIAN_POINT('',(-164.869162064,-50.1412102449,197.793647957));
#3985 = CARTESIAN_POINT('',(-165.579967821,-50.4629794369,199.358267846));
#3986 = CARTESIAN_POINT('',(-166.289957057,-50.7847485309,200.923262568));
#3987 = CARTESIAN_POINT('',(-167.003002698,-51.1065177751,202.486852953));
#3988 = CARTESIAN_POINT('',(-167.717459468,-51.4282870255,204.049794609));
#3989 = CARTESIAN_POINT('',(-168.431554354,-51.7500562272,205.612902298));
#3990 = CARTESIAN_POINT('',(-169.145685211,-52.0718254204,207.175993629));
#3991 = CARTESIAN_POINT('',(-170.098149975,-52.5008509527,209.259980448));
#3992 = CARTESIAN_POINT('',(-170.811137426,-52.8226199856,210.823600485));
#3993 = CARTESIAN_POINT('',(-171.291616176,-53.037133011,211.863628202));
#3994 = CARTESIAN_POINT('',(-112.63289207,-83.632289566,175.00704994));
#3995 = CARTESIAN_POINT('',(-113.01084698,-84.0125385506,175.849535894));
#3996 = CARTESIAN_POINT('',(-113.57720893,-84.5829141847,177.113531663));
#3997 = CARTESIAN_POINT('',(-114.332497749,-85.3434116177,178.798786367));
#3998 = CARTESIAN_POINT('',(-114.898929303,-85.9137849742,180.062744198));
#3999 = CARTESIAN_POINT('',(-115.465431183,-86.4841587697,181.326671001));
#4000 = CARTESIAN_POINT('',(-116.031688815,-87.0545325381,182.590709566));
#4001 = CARTESIAN_POINT('',(-116.59885354,-87.6249064055,183.854333064));
#4002 = CARTESIAN_POINT('',(-117.166443451,-88.1952802843,185.11776192));
#4003 = CARTESIAN_POINT('',(-117.73393108,-88.7656541293,186.381237494));
#4004 = CARTESIAN_POINT('',(-118.30140252,-89.3360279646,187.644720543));
#4005 = CARTESIAN_POINT('',(-118.869040925,-89.9064017979,188.908126806));
#4006 = CARTESIAN_POINT('',(-119.436027467,-90.4767754575,190.171832312));
#4007 = CARTESIAN_POINT('',(-120.005454066,-91.0471493833,191.434416682));
#4008 = CARTESIAN_POINT('',(-120.57600723,-91.61752332,192.696483145));
#4009 = CARTESIAN_POINT('',(-121.146271486,-92.1878971705,193.958682156));
#4010 = CARTESIAN_POINT('',(-121.716564459,-92.7582710061,195.220868108));
#4011 = CARTESIAN_POINT('',(-122.477186839,-93.5187693493,196.903674968));
#4012 = CARTESIAN_POINT('',(-123.046566983,-94.0891429006,198.166283001));
#4013 = CARTESIAN_POINT('',(-123.430268228,-94.4693925317,199.006117147));
#4014 = CARTESIAN_POINT('',(-76.5357191399,-110.828444342,169.511986491));
#4015 = CARTESIAN_POINT('',(-76.8445093686,-111.329886191,170.208728922));
#4016 = CARTESIAN_POINT('',(-77.3072288193,-112.082051811,171.254060558));
#4017 = CARTESIAN_POINT('',(-77.9243020675,-113.084934803,172.647776383));
#4018 = CARTESIAN_POINT('',(-78.3870783676,-113.837097418,173.693076981));
#4019 = CARTESIAN_POINT('',(-78.8499121076,-114.589260613,174.738352248));
#4020 = CARTESIAN_POINT('',(-79.3125463555,-115.341423771,175.783718796));
#4021 = CARTESIAN_POINT('',(-79.7759214802,-116.093587061,176.828746337));
#4022 = CARTESIAN_POINT('',(-80.2396438798,-116.845750365,177.873614902));
#4023 = CARTESIAN_POINT('',(-80.7032827394,-117.597913625,178.918521624));
#4024 = CARTESIAN_POINT('',(-81.1669083761,-118.350076872,179.963434451));
#4025 = CARTESIAN_POINT('',(-81.6306703834,-119.102240116,181.008284563));
#4026 = CARTESIAN_POINT('',(-82.0938999755,-119.854403131,182.05337908));
#4027 = CARTESIAN_POINT('',(-82.5591225067,-120.606566498,183.097557905));
#4028 = CARTESIAN_POINT('',(-83.0252651697,-121.358729878,184.141313724));
#4029 = CARTESIAN_POINT('',(-83.4911718646,-122.110893145,185.185177802));
#4030 = CARTESIAN_POINT('',(-83.9571020153,-122.863056393,186.229031213));
#4031 = CARTESIAN_POINT('',(-84.5785314987,-123.865940585,187.620747759));
#4032 = CARTESIAN_POINT('',(-85.0437160869,-124.618103458,188.664945902));
#4033 = CARTESIAN_POINT('',(-85.3571996875,-125.11954616,189.359522459));
#4034 = CARTESIAN_POINT('',(-37.6201811165,-137.435060098,163.853569145));
#4035 = CARTESIAN_POINT('',(-37.8632836609,-138.052905356,164.411887605));
#4036 = CARTESIAN_POINT('',(-38.2275708291,-138.979676747,165.249536908));
#4037 = CARTESIAN_POINT('',(-38.7133767533,-140.215366391,166.366355579));
#4038 = CARTESIAN_POINT('',(-39.0777086605,-141.142134082,167.203980395));
#4039 = CARTESIAN_POINT('',(-39.442085772,-142.068902486,168.041585288));
#4040 = CARTESIAN_POINT('',(-39.8063058867,-142.995670847,168.879262016));
#4041 = CARTESIAN_POINT('',(-40.1711090583,-143.922439368,169.716671954));
#4042 = CARTESIAN_POINT('',(-40.536185529,-144.849207907,170.553956782));
#4043 = CARTESIAN_POINT('',(-40.9011962553,-145.775976392,171.391271637));
#4044 = CARTESIAN_POINT('',(-41.2661965753,-146.702744861,172.228591297));
#4045 = CARTESIAN_POINT('',(-41.6313042166,-147.629513326,173.065861601));
#4046 = CARTESIAN_POINT('',(-41.9959928565,-148.556281509,173.903324243));
#4047 = CARTESIAN_POINT('',(-42.3622499042,-149.483050125,174.740066258));
#4048 = CARTESIAN_POINT('',(-42.7292310791,-150.409818759,175.576475376));
#4049 = CARTESIAN_POINT('',(-43.0960265514,-151.336587253,176.412969689));
#4050 = CARTESIAN_POINT('',(-43.4628404829,-152.263355722,177.249455607));
#4051 = CARTESIAN_POINT('',(-43.9520746869,-153.499046845,178.364700906));
#4052 = CARTESIAN_POINT('',(-44.3183018739,-154.425814852,179.201458115));
#4053 = CARTESIAN_POINT('',(-44.5650980187,-155.04366116,179.758072088));
#4054 = CARTESIAN_POINT('',(4.8099269223,-163.29989852,157.992092003));
#4055 = CARTESIAN_POINT('',(4.62815453375,-164.028139898,158.421159714));
#4056 = CARTESIAN_POINT('',(4.35576997282,-165.120506095,159.064889606));
#4057 = CARTESIAN_POINT('',(3.99252351992,-166.576987824,159.923160848));
#4058 = CARTESIAN_POINT('',(3.72010552288,-167.66934966,160.566872369));
#4059 = CARTESIAN_POINT('',(3.44765374143,-168.761712337,161.210569013));
#4060 = CARTESIAN_POINT('',(3.17531929474,-169.854074961,161.854319344));
#4061 = CARTESIAN_POINT('',(2.90254908833,-170.946437776,162.497870288));
#4062 = CARTESIAN_POINT('',(2.62957462613,-172.038800612,163.141327727));
#4063 = CARTESIAN_POINT('',(2.35664929948,-173.131163384,163.784807608));
#4064 = CARTESIAN_POINT('',(2.0837317501,-174.223526136,164.428291078));
#4065 = CARTESIAN_POINT('',(1.81073399197,-175.315888885,165.071737662));
#4066 = CARTESIAN_POINT('',(1.5380493832,-176.408251302,165.715327988));
#4067 = CARTESIAN_POINT('',(1.26419259231,-177.500614228,166.358379747));
#4068 = CARTESIAN_POINT('',(0.989794609797,-178.592977175,167.001182709));
#4069 = CARTESIAN_POINT('',(0.715535416062,-179.685339957,167.64404934));
#4070 = CARTESIAN_POINT('',(0.441262426431,-180.777702711,168.286909697));
#4071 = CARTESIAN_POINT('',(0.0754537771412,-182.234186182,169.144005074));
#4072 = CARTESIAN_POINT('',(-0.198380696769,-183.326548391,169.787068176));
#4073 = CARTESIAN_POINT('',(-0.382913574418,-184.054791007,170.214862024));
#4074 = CARTESIAN_POINT('',(51.453280407,-188.272538848,151.887480308));
#4075 = CARTESIAN_POINT('',(51.3276047328,-189.103959319,152.198314416));
#4076 = CARTESIAN_POINT('',(51.1392805641,-190.351094742,152.664654329));
#4077 = CARTESIAN_POINT('',(50.8881353511,-192.013934511,153.286416372));
#4078 = CARTESIAN_POINT('',(50.6997880793,-193.261064954,153.752743506));
#4079 = CARTESIAN_POINT('',(50.511417463,-194.508196357,154.219060376));
#4080 = CARTESIAN_POINT('',(50.3231279225,-195.7553277,154.685414341));
#4081 = CARTESIAN_POINT('',(50.1345372816,-197.00245926,155.151630538));
#4082 = CARTESIAN_POINT('',(49.9458055045,-198.249590845,155.617782126));
#4083 = CARTESIAN_POINT('',(49.7571076789,-199.496722357,156.08394922));
#4084 = CARTESIAN_POINT('',(49.5684152272,-200.743853847,156.550118793));
#4085 = CARTESIAN_POINT('',(49.379667353,-201.990985332,157.016262878));
#4086 = CARTESIAN_POINT('',(49.1911358583,-203.238116438,157.48250628));
#4087 = CARTESIAN_POINT('',(49.0017944113,-204.485248126,157.948377553));
#4088 = CARTESIAN_POINT('',(48.8120790128,-205.732379837,158.414076914));
#4089 = CARTESIAN_POINT('',(48.6224595144,-206.97951136,158.879820265));
#4090 = CARTESIAN_POINT('',(48.4328304832,-208.226642851,159.345559281));
#4091 = CARTESIAN_POINT('',(48.1799148486,-209.88948461,159.966508862));
#4092 = CARTESIAN_POINT('',(47.9905888223,-211.136615479,160.43238796));
#4093 = CARTESIAN_POINT('',(47.8630057105,-211.968037364,160.74234188));
#4094 = CARTESIAN_POINT('',(102.979687378,-212.196549047,145.50250071));
#4095 = CARTESIAN_POINT('',(102.90399514,-213.122707489,145.707970644));
#4096 = CARTESIAN_POINT('',(102.790570729,-214.511950407,146.01622906));
#4097 = CARTESIAN_POINT('',(102.639310306,-216.364265986,146.427225367));
#4098 = CARTESIAN_POINT('',(102.525871993,-217.753503357,146.735475982));
#4099 = CARTESIAN_POINT('',(102.41241963,-219.142741797,147.043720441));
#4100 = CARTESIAN_POINT('',(102.299016059,-220.53198017,147.351987224));
#4101 = CARTESIAN_POINT('',(102.185431285,-221.921218785,147.660171101));
#4102 = CARTESIAN_POINT('',(102.071761575,-223.310457428,147.968316097));
#4103 = CARTESIAN_POINT('',(101.958112296,-224.699695988,148.276470423));
#4104 = CARTESIAN_POINT('',(101.844466252,-226.088934525,148.584626241));
#4105 = CARTESIAN_POINT('',(101.730786855,-227.478173057,148.892766719));
#4106 = CARTESIAN_POINT('',(101.617237675,-228.867411165,149.200966958));
#4107 = CARTESIAN_POINT('',(101.503201063,-230.256649923,149.508943263));
#4108 = CARTESIAN_POINT('',(101.388939406,-231.645888706,149.81681611));
#4109 = CARTESIAN_POINT('',(101.274735461,-233.03512728,150.124715426));
#4110 = CARTESIAN_POINT('',(101.16052578,-234.424365817,150.432612132));
#4111 = CARTESIAN_POINT('',(101.008199911,-236.276683613,150.843119541));
#4112 = CARTESIAN_POINT('',(100.894172579,-237.665921458,151.151100536));
#4113 = CARTESIAN_POINT('',(100.817332438,-238.592081475,151.356040801));
#4114 = CARTESIAN_POINT('',(160.218521734,-234.971330737,138.781982692));
#4115 = CARTESIAN_POINT('',(160.185915316,-235.98275988,138.896608554));
#4116 = CARTESIAN_POINT('',(160.137054714,-237.499909333,139.068570522));
#4117 = CARTESIAN_POINT('',(160.071895253,-239.522766192,139.297846493));
#4118 = CARTESIAN_POINT('',(160.023028669,-241.039909587,139.469804947));
#4119 = CARTESIAN_POINT('',(159.974156042,-242.557054149,139.641760783));
#4120 = CARTESIAN_POINT('',(159.925304407,-244.074198639,139.813726221));
#4121 = CARTESIAN_POINT('',(159.876374808,-245.591343392,139.985655996));
#4122 = CARTESIAN_POINT('',(159.827408665,-247.108488175,140.157569043));
#4123 = CARTESIAN_POINT('',(159.778451312,-248.625632869,140.329486102));
#4124 = CARTESIAN_POINT('',(159.729495351,-250.142777537,140.501403801));
#4125 = CARTESIAN_POINT('',(159.68052504,-251.659922199,140.673314901));
#4126 = CARTESIAN_POINT('',(159.631610756,-253.1770664,140.845251702));
#4127 = CARTESIAN_POINT('',(159.58248675,-254.694211308,141.017092171));
#4128 = CARTESIAN_POINT('',(159.533265917,-256.211356246,141.188888127));
#4129 = CARTESIAN_POINT('',(159.484069915,-257.728500954,141.360695466));
#4130 = CARTESIAN_POINT('',(159.434871445,-259.245645623,141.532501681));
#4131 = CARTESIAN_POINT('',(159.369253566,-261.268504904,141.761567363));
#4132 = CARTESIAN_POINT('',(159.320133553,-262.785648816,141.933409824));
#4133 = CARTESIAN_POINT('',(159.28703324,-263.797079679,142.047807836));
#4134 = CARTESIAN_POINT('',(223.537153792,-256.345712004,131.721546724));
#4135 = CARTESIAN_POINT('',(223.539710478,-257.431402989,131.762007992));
#4136 = CARTESIAN_POINT('',(223.543541641,-259.059945626,131.822698349));
#4137 = CARTESIAN_POINT('',(223.548650804,-261.231326065,131.903618905));
#4138 = CARTESIAN_POINT('',(223.552482439,-262.859862199,131.964309242));
#4139 = CARTESIAN_POINT('',(223.556314551,-264.488399586,132.024999843));
#4140 = CARTESIAN_POINT('',(223.560145008,-266.116936896,132.085689683));
#4141 = CARTESIAN_POINT('',(223.56398161,-267.745474488,132.146382347));
#4142 = CARTESIAN_POINT('',(223.567821092,-269.374012113,132.207076332));
#4143 = CARTESIAN_POINT('',(223.571659882,-271.002549642,132.267769996));
#4144 = CARTESIAN_POINT('',(223.575498562,-272.631087143,132.328463608));
#4145 = CARTESIAN_POINT('',(223.579338373,-274.259624638,132.38915774));
#4146 = CARTESIAN_POINT('',(223.583173768,-275.888161637,132.449849823));
#4147 = CARTESIAN_POINT('',(223.587025694,-277.516699397,132.510549534));
#4148 = CARTESIAN_POINT('',(223.590885252,-279.145237187,132.571252756));
#4149 = CARTESIAN_POINT('',(223.594742853,-280.773774731,132.631955069));
#4150 = CARTESIAN_POINT('',(223.598600648,-282.402312233,132.692657468));
#4151 = CARTESIAN_POINT('',(223.603745946,-284.573695271,132.773594718));
#4152 = CARTESIAN_POINT('',(223.607597557,-286.202231961,132.834294224));
#4153 = CARTESIAN_POINT('',(223.610193172,-287.287924792,132.874773536));
#4154 = CARTESIAN_POINT('',(294.944531492,-276.550876713,124.141618037));
#4155 = CARTESIAN_POINT('',(294.973987697,-277.699835011,124.125306245));
#4156 = CARTESIAN_POINT('',(295.018127807,-279.423278977,124.100818157));
#4157 = CARTESIAN_POINT('',(295.076992098,-281.721193954,124.06817259));
#4158 = CARTESIAN_POINT('',(295.121137599,-283.444631037,124.043687149));
#4159 = CARTESIAN_POINT('',(295.165288551,-285.168069447,124.019204169));
#4160 = CARTESIAN_POINT('',(295.209420576,-286.891507776,123.994712525));
#4161 = CARTESIAN_POINT('',(295.253622889,-288.614946403,123.970253056));
#4162 = CARTESIAN_POINT('',(295.297858148,-290.338385065,123.945808671));
#4163 = CARTESIAN_POINT('',(295.342085482,-292.061823625,123.921360661));
#4164 = CARTESIAN_POINT('',(295.386311561,-293.785262155,123.896912071));
#4165 = CARTESIAN_POINT('',(295.430550578,-295.508700679,123.872469431));
#4166 = CARTESIAN_POINT('',(295.474739084,-297.232138679,123.848003581));
#4167 = CARTESIAN_POINT('',(295.519116663,-298.955577482,123.823624638));
#4168 = CARTESIAN_POINT('',(295.563581535,-300.679016319,123.799285828));
#4169 = CARTESIAN_POINT('',(295.608024021,-302.402454896,123.774936736));
#4170 = CARTESIAN_POINT('',(295.652468732,-304.125893427,123.750588654));
#4171 = CARTESIAN_POINT('',(295.711746304,-306.423811153,123.718132879));
#4172 = CARTESIAN_POINT('',(295.756120282,-308.147248826,123.693752055));
#4173 = CARTESIAN_POINT('',(295.786021753,-309.296209077,123.677645826));
#4174 = CARTESIAN_POINT('',(372.467970194,-295.246306649,116.259810736));
#4175 = CARTESIAN_POINT('',(372.516301705,-296.447212549,116.203489122));
#4176 = CARTESIAN_POINT('',(372.5887266,-298.248578213,116.118973131));
#4177 = CARTESIAN_POINT('',(372.685310829,-300.65038832,116.006293951));
#4178 = CARTESIAN_POINT('',(372.757744553,-302.451746791,115.921782471));
#4179 = CARTESIAN_POINT('',(372.830187201,-304.253106648,115.837274986));
#4180 = CARTESIAN_POINT('',(372.902598858,-306.054466419,115.752753318));
#4181 = CARTESIAN_POINT('',(372.975125606,-307.855826503,115.668284326));
#4182 = CARTESIAN_POINT('',(373.047706301,-309.657186623,115.583840031));
#4183 = CARTESIAN_POINT('',(373.120274019,-311.458546636,115.499389804));
#4184 = CARTESIAN_POINT('',(373.192839683,-313.259906619,115.414938627));
#4185 = CARTESIAN_POINT('',(373.265426531,-315.061266595,115.330497193));
#4186 = CARTESIAN_POINT('',(373.337930671,-316.862626023,115.246017768));
#4187 = CARTESIAN_POINT('',(373.410744403,-318.663986291,115.161680627));
#4188 = CARTESIAN_POINT('',(373.483701071,-320.465346594,115.077409198));
#4189 = CARTESIAN_POINT('',(373.556621083,-322.266706625,114.99312094));
#4190 = CARTESIAN_POINT('',(373.629544739,-324.068066608,114.908834338));
#4191 = CARTESIAN_POINT('',(373.726805684,-326.46987959,114.796465857));
#4192 = CARTESIAN_POINT('',(373.799613521,-328.271238676,114.712125663));
#4193 = CARTESIAN_POINT('',(373.848674119,-329.472146618,114.656140593));
#4194 = CARTESIAN_POINT('',(455.799759226,-312.628796461,108.109861242));
#4195 = CARTESIAN_POINT('',(455.860019001,-313.871821793,108.027900225));
#4196 = CARTESIAN_POINT('',(455.950318627,-315.736366845,107.904916868));
#4197 = CARTESIAN_POINT('',(456.070740152,-318.222415758,107.740950123));
#4198 = CARTESIAN_POINT('',(456.161050761,-320.086953364,107.617972449));
#4199 = CARTESIAN_POINT('',(456.251372472,-321.951492405,107.494999732));
#4200 = CARTESIAN_POINT('',(456.341655629,-323.816031357,107.37200937));
#4201 = CARTESIAN_POINT('',(456.43208197,-325.680570633,107.249084539));
#4202 = CARTESIAN_POINT('',(456.522575426,-327.545109946,107.126190433));
#4203 = CARTESIAN_POINT('',(456.613052736,-329.409649149,107.003288949));
#4204 = CARTESIAN_POINT('',(456.703527491,-331.27418832,106.880386283));
#4205 = CARTESIAN_POINT('',(456.794028602,-333.138727485,106.757495738));
#4206 = CARTESIAN_POINT('',(456.884426816,-335.003266081,106.634557934));
#4207 = CARTESIAN_POINT('',(456.975210191,-336.867805548,106.511797136));
#4208 = CARTESIAN_POINT('',(457.066171393,-338.732345051,106.38911809));
#4209 = CARTESIAN_POINT('',(457.15708699,-340.596884272,106.26641811));
#4210 = CARTESIAN_POINT('',(457.248007121,-342.461423444,106.14372019));
#4211 = CARTESIAN_POINT('',(457.369270544,-344.947475332,105.980139956));
#4212 = CARTESIAN_POINT('',(457.460046585,-346.812013575,105.857375372));
#4213 = CARTESIAN_POINT('',(457.521213413,-348.055041021,105.775833027));
#4214 = CARTESIAN_POINT('',(543.99639811,-328.706765492,99.7940733787));
#4215 = CARTESIAN_POINT('',(544.062451312,-329.982968138,99.6990086124));
#4216 = CARTESIAN_POINT('',(544.161432665,-331.897279348,99.5563656926));
#4217 = CARTESIAN_POINT('',(544.293431882,-334.449682841,99.3661872786));
#4218 = CARTESIAN_POINT('',(544.392425244,-336.363986407,99.2235506053));
#4219 = CARTESIAN_POINT('',(544.491430745,-338.278291445,99.0809193454));
#4220 = CARTESIAN_POINT('',(544.590394089,-340.192596393,98.938268792));
#4221 = CARTESIAN_POINT('',(544.689513997,-342.106901674,98.795689892));
#4222 = CARTESIAN_POINT('',(544.788707292,-344.021206992,98.6531445888));
#4223 = CARTESIAN_POINT('',(544.887882934,-345.935512197,98.5105912176));
#4224 = CARTESIAN_POINT('',(544.987055781,-347.84981737,98.3680365548));
#4225 = CARTESIAN_POINT('',(545.086257446,-349.764122535,98.225495145));
#4226 = CARTESIAN_POINT('',(545.185346599,-351.678427118,98.082902063));
#4227 = CARTESIAN_POINT('',(545.284856907,-353.592732594,97.9405025241));
#4228 = CARTESIAN_POINT('',(545.384561659,-355.507038107,97.7981923773));
#4229 = CARTESIAN_POINT('',(545.484216546,-357.421343331,97.6558593412));
#4230 = CARTESIAN_POINT('',(545.583876389,-359.335648504,97.5135285572));
#4231 = CARTESIAN_POINT('',(545.716796179,-361.888055052,97.3237727612));
#4232 = CARTESIAN_POINT('',(545.816298468,-363.802359272,97.1813690884));
#4233 = CARTESIAN_POINT('',(545.883343487,-365.078564088,97.0867621093));
#4234 = CARTESIAN_POINT('',(636.326888157,-343.554316959,91.3916313608));
#4235 = CARTESIAN_POINT('',(636.393510224,-344.85585815,91.293956907));
#4236 = CARTESIAN_POINT('',(636.493344312,-346.808177321,91.1473991811));
#4237 = CARTESIAN_POINT('',(636.626480644,-349.411257868,90.952001114));
#4238 = CARTESIAN_POINT('',(636.726326808,-351.363569243,90.8054496828));
#4239 = CARTESIAN_POINT('',(636.826185182,-353.31588212,90.6589036938));
#4240 = CARTESIAN_POINT('',(636.926001155,-355.268194904,90.5123383005));
#4241 = CARTESIAN_POINT('',(637.025974593,-357.220508028,90.3658449719));
#4242 = CARTESIAN_POINT('',(637.12602184,-359.17282119,90.219385433));
#4243 = CARTESIAN_POINT('',(637.226051331,-361.125134237,90.07291778));
#4244 = CARTESIAN_POINT('',(637.326078012,-363.07744725,89.9264488281));
#4245 = CARTESIAN_POINT('',(637.426133676,-365.029760257,89.7799932053));
#4246 = CARTESIAN_POINT('',(637.526076182,-366.982072669,89.6334856143));
#4247 = CARTESIAN_POINT('',(637.626442263,-368.934385992,89.4871726771));
#4248 = CARTESIAN_POINT('',(637.727003905,-370.886699353,89.3409496457));
#4249 = CARTESIAN_POINT('',(637.827515396,-372.839012419,89.194703594));
#4250 = CARTESIAN_POINT('',(637.928031871,-374.791325433,89.0484598073));
#4251 = CARTESIAN_POINT('',(638.062094068,-377.394409095,88.8534867817));
#4252 = CARTESIAN_POINT('',(638.162452083,-379.346721137,88.707169689));
#4253 = CARTESIAN_POINT('',(638.230071667,-380.648264541,88.6099556494));
#4254 = CARTESIAN_POINT('',(732.013562392,-357.231849278,82.9867729076));
#4255 = CARTESIAN_POINT('',(732.076420239,-358.551950049,82.8949806747));
#4256 = CARTESIAN_POINT('',(732.170613905,-360.532108696,82.7572490276));
#4257 = CARTESIAN_POINT('',(732.29622823,-363.172308377,82.5736183352));
#4258 = CARTESIAN_POINT('',(732.390433251,-365.152459117,82.435892607));
#4259 = CARTESIAN_POINT('',(732.484649753,-367.13261138,82.2981719963));
#4260 = CARTESIAN_POINT('',(732.578826385,-369.112763549,82.1604331389));
#4261 = CARTESIAN_POINT('',(732.673151087,-371.092916062,82.022762047));
#4262 = CARTESIAN_POINT('',(732.767545194,-373.073068615,81.8851227289));
#4263 = CARTESIAN_POINT('',(732.861922606,-375.05322105,81.7474757807));
#4264 = CARTESIAN_POINT('',(732.956297374,-377.033373452,81.6098276111));
#4265 = CARTESIAN_POINT('',(733.050699397,-379.013525846,81.4721919753));
#4266 = CARTESIAN_POINT('',(733.144995013,-380.993677638,81.3345074718));
#4267 = CARTESIAN_POINT('',(733.239688932,-382.973830354,81.1970060092));
#4268 = CARTESIAN_POINT('',(733.334566747,-384.953983108,81.0595890885));
#4269 = CARTESIAN_POINT('',(733.429397401,-386.934135562,80.9221505209));
#4270 = CARTESIAN_POINT('',(733.524232744,-388.914287964,80.7847140832));
#4271 = CARTESIAN_POINT('',(733.650717696,-391.554490806,80.6014830746));
#4272 = CARTESIAN_POINT('',(733.745404031,-393.534642222,80.4639777042));
#4273 = CARTESIAN_POINT('',(733.809199885,-394.854745238,80.3726184175));
#4274 = CARTESIAN_POINT('',(830.28982716,-369.804441641,74.6623772158));
#4275 = CARTESIAN_POINT('',(830.345488318,-371.137400676,74.5829378943));
#4276 = CARTESIAN_POINT('',(830.428897943,-373.136846791,74.463740734));
#4277 = CARTESIAN_POINT('',(830.540130855,-375.802762982,74.304821319));
#4278 = CARTESIAN_POINT('',(830.623550493,-377.802201113,74.1856293698));
#4279 = CARTESIAN_POINT('',(830.706980257,-379.801640783,74.0664419358));
#4280 = CARTESIAN_POINT('',(830.790374857,-381.801080358,73.947238409));
#4281 = CARTESIAN_POINT('',(830.873900048,-383.800520279,73.8280946484));
#4282 = CARTESIAN_POINT('',(830.957486451,-385.799960241,73.7089789108));
#4283 = CARTESIAN_POINT('',(831.041058129,-387.799400085,73.5898564438));
#4284 = CARTESIAN_POINT('',(831.124627476,-389.798839894,73.4707328995));
#4285 = CARTESIAN_POINT('',(831.20822086,-391.798279696,73.3516204094));
#4286 = CARTESIAN_POINT('',(831.291720398,-393.797718889,73.2324648197));
#4287 = CARTESIAN_POINT('',(831.375571221,-395.797159016,73.1134706643));
#4288 = CARTESIAN_POINT('',(831.459584231,-397.796599181,72.9945510709));
#4289 = CARTESIAN_POINT('',(831.543555647,-399.796039044,72.8756123856));
#4290 = CARTESIAN_POINT('',(831.627531198,-401.795478854,72.7566755788));
#4291 = CARTESIAN_POINT('',(831.739531962,-404.461398235,72.5981086695));
#4292 = CARTESIAN_POINT('',(831.823376096,-406.460837049,72.4791110662));
#4293 = CARTESIAN_POINT('',(831.879864531,-407.793798351,72.4000535851));
#4294 = CARTESIAN_POINT('',(930.385791154,-381.336589846,66.501733122));
#4295 = CARTESIAN_POINT('',(930.431723785,-382.677782509,66.4390954817));
#4296 = CARTESIAN_POINT('',(930.500555305,-384.689579111,66.3451076861));
#4297 = CARTESIAN_POINT('',(930.592347152,-387.371962545,66.219798922));
#4298 = CARTESIAN_POINT('',(930.661186893,-389.383751114,66.12581539));
#4299 = CARTESIAN_POINT('',(930.730034949,-391.395541232,66.0318355686));
#4300 = CARTESIAN_POINT('',(930.798854131,-393.407331253,65.9378425324));
#4301 = CARTESIAN_POINT('',(930.867780548,-395.419121624,65.8438985739));
#4302 = CARTESIAN_POINT('',(930.936757229,-397.430912036,65.7499776267));
#4303 = CARTESIAN_POINT('',(931.005721819,-399.442702328,65.6560511533));
#4304 = CARTESIAN_POINT('',(931.074684495,-401.454492586,65.5621237953));
#4305 = CARTESIAN_POINT('',(931.143666909,-403.466282837,65.4682055144));
#4306 = CARTESIAN_POINT('',(931.21257226,-405.478072475,65.374251841));
#4307 = CARTESIAN_POINT('',(931.281766071,-407.489863052,65.2804307313));
#4308 = CARTESIAN_POINT('',(931.351093061,-409.501653667,65.1866708483));
#4309 = CARTESIAN_POINT('',(931.420385898,-411.513443979,65.0928952874));
#4310 = CARTESIAN_POINT('',(931.489682129,-413.525234238,64.9991212689));
#4311 = CARTESIAN_POINT('',(931.5821045,-416.207620882,64.8741019712));
#4312 = CARTESIAN_POINT('',(931.651292818,-418.219410138,64.7802780277));
#4313 = CARTESIAN_POINT('',(931.69790477,-419.560605081,64.7179539402));
#4314 = CARTESIAN_POINT('',(1031.52800095,-391.893176018,58.5879433752));
#4315 = CARTESIAN_POINT('',(1031.56257599,-393.239057401,58.5445326406));
#4316 = CARTESIAN_POINT('',(1031.6143881,-395.257887109,58.4793931177));
#4317 = CARTESIAN_POINT('',(1031.68348325,-397.949647976,58.3925465959));
#4318 = CARTESIAN_POINT('',(1031.73530152,-399.968469623,58.3274102417));
#4319 = CARTESIAN_POINT('',(1031.787126,-401.987292824,58.2622766673));
#4320 = CARTESIAN_POINT('',(1031.83892889,-404.006115929,58.1971332072));
#4321 = CARTESIAN_POINT('',(1031.89081199,-406.024939385,58.132026461));
#4322 = CARTESIAN_POINT('',(1031.94273269,-408.043762881,58.0669369288));
#4323 = CARTESIAN_POINT('',(1031.99464435,-410.062586257,58.0018432623));
#4324 = CARTESIAN_POINT('',(1032.04655457,-412.081409599,57.936748934));
#4325 = CARTESIAN_POINT('',(1032.09847956,-414.100232934,57.8716613959));
#4326 = CARTESIAN_POINT('',(1032.15034691,-416.119055654,57.8065473805));
#4327 = CARTESIAN_POINT('',(1032.20243003,-418.137879316,57.7415325332));
#4328 = CARTESIAN_POINT('',(1032.25461278,-420.156703017,57.6765634873));
#4329 = CARTESIAN_POINT('',(1032.30676998,-422.175526413,57.6115827125));
#4330 = CARTESIAN_POINT('',(1032.35892972,-424.194349756,57.5466030914));
#4331 = CARTESIAN_POINT('',(1032.42849654,-426.886113844,57.4599731162));
#4332 = CARTESIAN_POINT('',(1032.48057555,-428.904936181,57.3949561456));
#4333 = CARTESIAN_POINT('',(1032.51565875,-430.250819851,57.3517799733));
#4334 = CARTESIAN_POINT('',(1132.95746393,-401.540390851,51.0043027818));
#4335 = CARTESIAN_POINT('',(1132.97995406,-402.888496716,50.9805125757));
#4336 = CARTESIAN_POINT('',(1133.01365673,-404.910663164,50.9448121829));
#4337 = CARTESIAN_POINT('',(1133.05860157,-407.606872995,50.8972156048));
#4338 = CARTESIAN_POINT('',(1133.0923082,-409.629031367,50.8615172307));
#4339 = CARTESIAN_POINT('',(1133.12601885,-411.651191295,50.8258206546));
#4340 = CARTESIAN_POINT('',(1133.15971556,-413.673351128,50.7901177014));
#4341 = CARTESIAN_POINT('',(1133.19346402,-415.695511311,50.7544384314));
#4342 = CARTESIAN_POINT('',(1133.22723674,-417.717671535,50.7187702651));
#4343 = CARTESIAN_POINT('',(1133.26100362,-419.739831639,50.6830994318));
#4344 = CARTESIAN_POINT('',(1133.29476957,-421.761991709,50.6474281714));
#4345 = CARTESIAN_POINT('',(1133.32854506,-423.784151771,50.6117612909));
#4346 = CARTESIAN_POINT('',(1133.36228335,-425.806311218,50.5760773296));
#4347 = CARTESIAN_POINT('',(1133.39616085,-427.828471609,50.5404573386));
#4348 = CARTESIAN_POINT('',(1133.43010261,-429.850632038,50.5048668915));
#4349 = CARTESIAN_POINT('',(1133.46402789,-431.872792162,50.4692688778));
#4350 = CARTESIAN_POINT('',(1133.49795481,-433.894952232,50.4336716082));
#4351 = CARTESIAN_POINT('',(1133.54320392,-436.59116529,50.3862147213));
#4352 = CARTESIAN_POINT('',(1133.57707877,-438.613324353,50.3505933566));
#4353 = CARTESIAN_POINT('',(1133.59989672,-439.961432511,50.3269544597));
#4354 = CARTESIAN_POINT('',(1233.83736559,-410.33860021,43.8347798687));
#4355 = CARTESIAN_POINT('',(1233.84795377,-411.687547395,43.8289947956));
#4356 = CARTESIAN_POINT('',(1233.86382091,-413.710975827,43.8203101979));
#4357 = CARTESIAN_POINT('',(1233.8849808,-416.408868296,43.8087325226));
#4358 = CARTESIAN_POINT('',(1233.90084979,-418.432288648,43.8000488324));
#4359 = CARTESIAN_POINT('',(1233.91672065,-420.455710557,43.7913659849));
#4360 = CARTESIAN_POINT('',(1233.93258502,-422.47913237,43.78268017));
#4361 = CARTESIAN_POINT('',(1233.94847346,-424.502554534,43.7740053756));
#4362 = CARTESIAN_POINT('',(1233.96437317,-426.525976738,43.7653357478));
#4363 = CARTESIAN_POINT('',(1233.98027017,-428.549398823,43.7566648785));
#4364 = CARTESIAN_POINT('',(1233.99616674,-430.572820873,43.7479938105));
#4365 = CARTESIAN_POINT('',(1234.01206774,-432.596242916,43.7393247803));
#4366 = CARTESIAN_POINT('',(1234.02795145,-434.619664343,43.7306478003));
#4367 = CARTESIAN_POINT('',(1234.04389988,-436.643086714,43.722000588));
#4368 = CARTESIAN_POINT('',(1234.05987819,-438.666509124,43.7133671221));
#4369 = CARTESIAN_POINT('',(1234.07584884,-440.689931228,43.7047301344));
#4370 = CARTESIAN_POINT('',(1234.09182024,-442.713353279,43.6960934926));
#4371 = CARTESIAN_POINT('',(1234.1131216,-445.411248977,43.6845808253));
#4372 = CARTESIAN_POINT('',(1234.1290688,-447.43467002,43.6759329687));
#4373 = CARTESIAN_POINT('',(1234.13980939,-448.783619499,43.6702183056));
#4374 = CARTESIAN_POINT('',(1333.59138685,-418.368646576,37.1621592993));
#4375 = CARTESIAN_POINT('',(1333.59113801,-419.718133637,37.1706690203));
#4376 = CARTESIAN_POINT('',(1333.59076518,-421.742371885,37.1834338638));
#4377 = CARTESIAN_POINT('',(1333.59026798,-424.441344105,37.2004535255));
#4378 = CARTESIAN_POINT('',(1333.5898951,-426.46557427,37.2132182912));
#4379 = CARTESIAN_POINT('',(1333.58952216,-428.489805992,37.2259830407));
#4380 = CARTESIAN_POINT('',(1333.58914941,-430.514037619,37.2387478807));
#4381 = CARTESIAN_POINT('',(1333.58877598,-432.538269596,37.2515123842));
#4382 = CARTESIAN_POINT('',(1333.58840223,-434.562501615,37.2642767292));
#4383 = CARTESIAN_POINT('',(1333.58802856,-436.586733513,37.2770411115));
#4384 = CARTESIAN_POINT('',(1333.58765489,-438.610965377,37.2898054997));
#4385 = CARTESIAN_POINT('',(1333.58728111,-440.635197234,37.3025698253));
#4386 = CARTESIAN_POINT('',(1333.58690781,-442.659428474,37.3153343914));
#4387 = CARTESIAN_POINT('',(1333.58653268,-444.683660659,37.3280980484));
#4388 = CARTESIAN_POINT('',(1333.5861567,-446.707892883,37.340861283));
#4389 = CARTESIAN_POINT('',(1333.58578093,-448.732124801,37.353624624));
#4390 = CARTESIAN_POINT('',(1333.58540515,-450.756356666,37.3663879541));
#4391 = CARTESIAN_POINT('',(1333.58490393,-453.455332116,37.3834056374));
#4392 = CARTESIAN_POINT('',(1333.58452883,-455.479562972,37.3961693059));
#4393 = CARTESIAN_POINT('',(1333.58427567,-456.829052328,37.4046768768));
#4394 = CARTESIAN_POINT('',(1430.98725829,-425.661766487,31.0526886072));
#4395 = CARTESIAN_POINT('',(1430.97818764,-427.012572619,31.0700546207));
#4396 = CARTESIAN_POINT('',(1430.96459433,-429.03878948,31.096109502));
#4397 = CARTESIAN_POINT('',(1430.94646682,-431.740399839,31.1308477492));
#4398 = CARTESIAN_POINT('',(1430.93287197,-433.76660861,31.1569018032));
#4399 = CARTESIAN_POINT('',(1430.91927555,-435.792818939,31.1829551736));
#4400 = CARTESIAN_POINT('',(1430.90568456,-437.819029173,31.2090110017));
#4401 = CARTESIAN_POINT('',(1430.89207342,-439.845239758,31.2350577023));
#4402 = CARTESIAN_POINT('',(1430.87845283,-441.871450383,31.2611001228));
#4403 = CARTESIAN_POINT('',(1430.86483451,-443.897660889,31.2871435707));
#4404 = CARTESIAN_POINT('',(1430.85121655,-445.92387136,31.313187183));
#4405 = CARTESIAN_POINT('',(1430.83759488,-447.950081824,31.3392291068));
#4406 = CARTESIAN_POINT('',(1430.82398769,-449.976291671,31.3652776114));
#4407 = CARTESIAN_POINT('',(1430.81032628,-452.002502463,31.3913014619));
#4408 = CARTESIAN_POINT('',(1430.79663985,-454.028713295,31.4173139237));
#4409 = CARTESIAN_POINT('',(1430.78295983,-456.05492382,31.4433293005));
#4410 = CARTESIAN_POINT('',(1430.76927917,-458.081134292,31.4693443902));
#4411 = CARTESIAN_POINT('',(1430.75103314,-460.782747884,31.5040288075));
#4412 = CARTESIAN_POINT('',(1430.73737277,-462.808957346,31.5300531794));
#4413 = CARTESIAN_POINT('',(1430.72817443,-464.159765775,31.5473608788));
#4414 = CARTESIAN_POINT('',(1526.64559362,-432.295127346,25.4179028655));
#4415 = CARTESIAN_POINT('',(1526.62953676,-433.648028406,25.4396789802));
#4416 = CARTESIAN_POINT('',(1526.60547341,-435.677387672,25.4723530373));
#4417 = CARTESIAN_POINT('',(1526.57338359,-438.383187884,25.5159158143));
#4418 = CARTESIAN_POINT('',(1526.54931757,-440.412539047,25.5485885159));
#4419 = CARTESIAN_POINT('',(1526.52524884,-442.44189177,25.5812600506));
#4420 = CARTESIAN_POINT('',(1526.50118952,-444.471244398,25.613935749));
#4421 = CARTESIAN_POINT('',(1526.47709528,-446.500597378,25.6465959838));
#4422 = CARTESIAN_POINT('',(1526.45298467,-448.529950398,25.6792489679));
#4423 = CARTESIAN_POINT('',(1526.42887801,-450.559303299,25.7119036931));
#4424 = CARTESIAN_POINT('',(1526.40477196,-452.588656164,25.744558697));
#4425 = CARTESIAN_POINT('',(1526.38065949,-454.618009022,25.7772108408));
#4426 = CARTESIAN_POINT('',(1526.35657211,-456.647361263,25.8098741356));
#4427 = CARTESIAN_POINT('',(1526.33239082,-458.676714451,25.8424956615));
#4428 = CARTESIAN_POINT('',(1526.30816616,-460.706067677,25.8750978952));
#4429 = CARTESIAN_POINT('',(1526.28395262,-462.735420597,25.9077050685));
#4430 = CARTESIAN_POINT('',(1526.25973798,-464.764773463,25.9403117557));
#4431 = CARTESIAN_POINT('',(1526.22744287,-467.470576915,25.9837833278));
#4432 = CARTESIAN_POINT('',(1526.20326336,-469.49992877,26.0164057447));
#4433 = CARTESIAN_POINT('',(1526.18698532,-470.85283213,26.0380830635));
#4434 = CARTESIAN_POINT('',(1620.53671455,-438.293809277,20.271199904));
#4435 = CARTESIAN_POINT('',(1620.51538873,-439.649565362,20.293408038));
#4436 = CARTESIAN_POINT('',(1620.4834285,-441.683207181,20.3267327694));
#4437 = CARTESIAN_POINT('',(1620.44080791,-444.39471744,20.3711624481));
#4438 = CARTESIAN_POINT('',(1620.40884422,-446.428351139,20.4044854893));
#4439 = CARTESIAN_POINT('',(1620.376877,-448.461986402,20.4378070416));
#4440 = CARTESIAN_POINT('',(1620.34492201,-450.495621569,20.4711338851));
#4441 = CARTESIAN_POINT('',(1620.31292164,-452.52925709,20.5044410774));
#4442 = CARTESIAN_POINT('',(1620.28090002,-454.56289265,20.537739056));
#4443 = CARTESIAN_POINT('',(1620.2488835,-456.596528091,20.5710392474));
#4444 = CARTESIAN_POINT('',(1620.2168678,-458.630163497,20.6043397932));
#4445 = CARTESIAN_POINT('',(1620.18484374,-460.663798895,20.6376367045));
#4446 = CARTESIAN_POINT('',(1620.15285229,-462.697433674,20.6709477881));
#4447 = CARTESIAN_POINT('',(1620.1207388,-464.731069403,20.7042057917));
#4448 = CARTESIAN_POINT('',(1620.08856897,-466.76470517,20.7374392802));
#4449 = CARTESIAN_POINT('',(1620.05641359,-468.79834063,20.7706790467));
#4450 = CARTESIAN_POINT('',(1620.02425677,-470.831976037,20.8039181958));
#4451 = CARTESIAN_POINT('',(1619.98136943,-473.543489541,20.8482319662));
#4452 = CARTESIAN_POINT('',(1619.94925826,-475.577123934,20.8814911073));
#4453 = CARTESIAN_POINT('',(1619.92764504,-476.932882324,20.9035736908));
#4454 = CARTESIAN_POINT('',(1712.87295686,-443.701660289,15.5950064344));
#4455 = CARTESIAN_POINT('',(1712.84793917,-445.061020328,15.6142783029));
#4456 = CARTESIAN_POINT('',(1712.81044531,-447.100068099,15.6432000693));
#4457 = CARTESIAN_POINT('',(1712.76044554,-449.818786261,15.6817587938));
#4458 = CARTESIAN_POINT('',(1712.72294771,-451.857825889,15.7106787066));
#4459 = CARTESIAN_POINT('',(1712.68544585,-453.896867087,15.73959695));
#4460 = CARTESIAN_POINT('',(1712.64795799,-455.935908188,15.7685211039));
#4461 = CARTESIAN_POINT('',(1712.61041814,-457.974949643,15.7974233067));
#4462 = CARTESIAN_POINT('',(1712.57285393,-460.013991139,15.8263152181));
#4463 = CARTESIAN_POINT('',(1712.53529559,-462.053032514,15.8552096016));
#4464 = CARTESIAN_POINT('',(1712.49773817,-464.092073854,15.884104381));
#4465 = CARTESIAN_POINT('',(1712.46017118,-466.131115187,15.9129951009));
#4466 = CARTESIAN_POINT('',(1712.42264155,-468.1701559,15.9419016533));
#4467 = CARTESIAN_POINT('',(1712.38497209,-470.209197563,15.9707489136));
#4468 = CARTESIAN_POINT('',(1712.34723808,-472.248239266,15.9995687915));
#4469 = CARTESIAN_POINT('',(1712.30952063,-474.287280661,16.028395683));
#4470 = CARTESIAN_POINT('',(1712.27180152,-476.326322002,16.057221885));
#4471 = CARTESIAN_POINT('',(1712.22149611,-479.045043418,16.0956511315));
#4472 = CARTESIAN_POINT('',(1712.18382932,-481.084083743,16.1244996678));
#4473 = CARTESIAN_POINT('',(1712.15848235,-482.443446094,16.1436312927));
#4474 = CARTESIAN_POINT('',(1803.79345474,-448.55686604,11.3804860204));
#4475 = CARTESIAN_POINT('',(1803.76618879,-449.920566483,11.3940251322));
#4476 = CARTESIAN_POINT('',(1803.72532455,-451.966124885,11.4143481646));
#4477 = CARTESIAN_POINT('',(1803.67083045,-454.693523848,11.4414418481));
#4478 = CARTESIAN_POINT('',(1803.62996201,-456.739074082,11.4617630032));
#4479 = CARTESIAN_POINT('',(1803.58908928,-458.784625889,11.4820824294));
#4480 = CARTESIAN_POINT('',(1803.54823141,-460.8301776,11.5024079503));
#4481 = CARTESIAN_POINT('',(1803.50731835,-462.875729665,11.5227108365));
#4482 = CARTESIAN_POINT('',(1803.46637941,-464.921281772,11.5430031113));
#4483 = CARTESIAN_POINT('',(1803.4254467,-466.966833757,11.5632979356));
#4484 = CARTESIAN_POINT('',(1803.38451497,-469.012385707,11.5835931683));
#4485 = CARTESIAN_POINT('',(1803.34357308,-471.05793765,11.6038842154));
#4486 = CARTESIAN_POINT('',(1803.30267086,-473.103488971,11.6241915897));
#4487 = CARTESIAN_POINT('',(1803.26162016,-475.149041246,11.6444378254));
#4488 = CARTESIAN_POINT('',(1803.2205009,-477.19459356,11.6646558278));
#4489 = CARTESIAN_POINT('',(1803.17939923,-479.240145565,11.6848810631));
#4490 = CARTESIAN_POINT('',(1803.13829581,-481.285697516,11.7051055878));
#4491 = CARTESIAN_POINT('',(1803.08347715,-484.013099744,11.7320657562));
#4492 = CARTESIAN_POINT('',(1803.04242927,-486.058650676,11.7523133137));
#4493 = CARTESIAN_POINT('',(1803.01481365,-487.422353438,11.7657078132));
#4494 = CARTESIAN_POINT('',(1893.45074239,-452.898705712,7.61684841778));
#4495 = CARTESIAN_POINT('',(1893.42253691,-454.267470737,7.62243992273));
#4496 = CARTESIAN_POINT('',(1893.38026353,-456.320626038,7.63084106779));
#4497 = CARTESIAN_POINT('',(1893.32389054,-459.058154157,7.64203910109));
#4498 = CARTESIAN_POINT('',(1893.28161294,-461.11130126,7.65043848417));
#4499 = CARTESIAN_POINT('',(1893.23933103,-463.164449944,7.65883618119));
#4500 = CARTESIAN_POINT('',(1893.19706406,-465.21759853,7.66723979398));
#4501 = CARTESIAN_POINT('',(1893.15474162,-467.270747472,7.67562143608));
#4502 = CARTESIAN_POINT('',(1893.11239317,-469.323896455,7.68399277874));
#4503 = CARTESIAN_POINT('',(1893.07005098,-471.377045317,7.69236659665));
#4504 = CARTESIAN_POINT('',(1893.02770978,-473.430194144,7.70074081107));
#4505 = CARTESIAN_POINT('',(1892.98535837,-475.483342963,7.70911096309));
#4506 = CARTESIAN_POINT('',(1892.94304682,-477.536491157,7.71749696538));
#4507 = CARTESIAN_POINT('',(1892.90058606,-479.58964031,7.72582362269));
#4508 = CARTESIAN_POINT('',(1892.8580564,-481.642789502,7.73412287714));
#4509 = CARTESIAN_POINT('',(1892.81554441,-483.695938383,7.74242915339));
#4510 = CARTESIAN_POINT('',(1892.77303066,-485.749087211,7.75073474021));
#4511 = CARTESIAN_POINT('',(1892.71633149,-488.486618606,7.76180316615));
#4512 = CARTESIAN_POINT('',(1892.67387357,-490.53976641,7.77013111382));
#4513 = CARTESIAN_POINT('',(1892.64531667,-491.908533762,7.7755822511));
#4514 = CARTESIAN_POINT('',(1981.99383646,-456.766182421,4.29381357088));
#4515 = CARTESIAN_POINT('',(1981.96586561,-458.140723864,4.28982182095));
#4516 = CARTESIAN_POINT('',(1981.92394279,-460.202543827,4.28384697126));
#4517 = CARTESIAN_POINT('',(1981.86803755,-462.951624776,4.27587728659));
#4518 = CARTESIAN_POINT('',(1981.82611067,-465.013436505,4.26990081548));
#4519 = CARTESIAN_POINT('',(1981.78417966,-467.075249822,4.26392277918));
#4520 = CARTESIAN_POINT('',(1981.74226299,-469.137063041,4.25795019021));
#4521 = CARTESIAN_POINT('',(1981.70029306,-471.198876617,4.25195737262));
#4522 = CARTESIAN_POINT('',(1981.65829817,-473.260690235,4.24595507321));
#4523 = CARTESIAN_POINT('',(1981.61630929,-475.322503731,4.23995505329));
#4524 = CARTESIAN_POINT('',(1981.57432136,-477.384317192,4.23395539864));
#4525 = CARTESIAN_POINT('',(1981.53232362,-479.446130645,4.22795200422));
#4526 = CARTESIAN_POINT('',(1981.49036416,-481.50794347,4.22196320563));
#4527 = CARTESIAN_POINT('',(1981.44826145,-483.569757258,4.21591976806));
#4528 = CARTESIAN_POINT('',(1981.4060926,-485.631571085,4.20985110336));
#4529 = CARTESIAN_POINT('',(1981.36394071,-487.693384601,4.20378890494));
#4530 = CARTESIAN_POINT('',(1981.32178713,-489.755198062,4.19772607221));
#4531 = CARTESIAN_POINT('',(1981.26556876,-492.504282301,4.18963705971));
#4532 = CARTESIAN_POINT('',(1981.22346878,-494.566094735,4.18359481905));
#4533 = CARTESIAN_POINT('',(1981.19516056,-495.940638515,4.17947382287));
#4534 = CARTESIAN_POINT('',(2069.57268105,-460.198383171,1.40095431989));
#4535 = CARTESIAN_POINT('',(2069.54598433,-461.579400536,1.38632363666));
#4536 = CARTESIAN_POINT('',(2069.50597002,-463.650934418,1.36438855702));
#4537 = CARTESIAN_POINT('',(2069.45261012,-466.412967201,1.33513937955));
#4538 = CARTESIAN_POINT('',(2069.41259209,-468.484492812,1.31320314702));
#4539 = CARTESIAN_POINT('',(2069.37257025,-470.556020017,1.29126554304));
#4540 = CARTESIAN_POINT('',(2069.3325616,-472.627547123,1.26933269697));
#4541 = CARTESIAN_POINT('',(2069.29250396,-474.699074589,1.24738217421));
#4542 = CARTESIAN_POINT('',(2069.25242336,-476.770602097,1.22542336638));
#4543 = CARTESIAN_POINT('',(2069.21234829,-478.842129482,1.20346655124));
#4544 = CARTESIAN_POINT('',(2069.17227408,-480.913656831,1.18151005552));
#4545 = CARTESIAN_POINT('',(2069.13219086,-482.985184173,1.1595502923));
#4546 = CARTESIAN_POINT('',(2069.09214285,-485.056710884,1.13760328703));
#4547 = CARTESIAN_POINT('',(2069.05196306,-487.128238563,1.11560853406));
#4548 = CARTESIAN_POINT('',(2069.01172242,-489.19976628,1.09359173898));
#4549 = CARTESIAN_POINT('',(2068.97149738,-491.271293685,1.07158059623));
#4550 = CARTESIAN_POINT('',(2068.9312708,-493.342821035,1.0495688997));
#4551 = CARTESIAN_POINT('',(2068.87762284,-496.104857124,1.0202153996));
#4552 = CARTESIAN_POINT('',(2068.83744555,-498.176383442,0.998221703387));
#4553 = CARTESIAN_POINT('',(2068.81043848,-499.557403155,0.983478108056));
#4554 = CARTESIAN_POINT('',(2156.33697774,-463.234383979,-1.07209757106));
#4555 = CARTESIAN_POINT('',(2156.31245997,-464.622564418,-1.09784295383));
#4556 = CARTESIAN_POINT('',(2156.2757104,-466.704842953,-1.13645151559));
#4557 = CARTESIAN_POINT('',(2156.22670439,-469.481201875,-1.18793258045));
#4558 = CARTESIAN_POINT('',(2156.18995155,-471.563472095,-1.22654273027));
#4559 = CARTESIAN_POINT('',(2156.15319535,-473.645743917,-1.26515406001));
#4560 = CARTESIAN_POINT('',(2156.11645077,-475.72801564,-1.30376145498));
#4561 = CARTESIAN_POINT('',(2156.07966305,-477.810287725,-1.34238343821));
#4562 = CARTESIAN_POINT('',(2156.04285512,-479.892559852,-1.38101225598));
#4563 = CARTESIAN_POINT('',(2156.00605205,-481.974831855,-1.41963942884));
#4564 = CARTESIAN_POINT('',(2155.96924975,-484.057103823,-1.45826633779));
#4565 = CARTESIAN_POINT('',(2155.93243951,-486.139375783,-1.4968959422));
#4566 = CARTESIAN_POINT('',(2155.89566028,-488.22164711,-1.53551501572));
#4567 = CARTESIAN_POINT('',(2155.85876501,-490.303919408,-1.57417348819));
#4568 = CARTESIAN_POINT('',(2155.82181617,-492.386191746,-1.61285014467));
#4569 = CARTESIAN_POINT('',(2155.78488107,-494.468463769,-1.65152213516));
#4570 = CARTESIAN_POINT('',(2155.7479446,-496.550735738,-1.69019458196));
#4571 = CARTESIAN_POINT('',(2155.69868496,-499.327097982,-1.74176161177));
#4572 = CARTESIAN_POINT('',(2155.66179191,-501.409368913,-1.78041919901));
#4573 = CARTESIAN_POINT('',(2155.63700088,-502.797551713,-1.80625787435));
#4574 = CARTESIAN_POINT('',(2242.43649686,-465.913274497,-3.13583087757));
#4575 = CARTESIAN_POINT('',(2242.41492814,-467.309292802,-3.17258680226));
#4576 = CARTESIAN_POINT('',(2242.38259774,-469.40332818,-3.22771551498));
#4577 = CARTESIAN_POINT('',(2242.33948504,-472.195362822,-3.30121851363));
#4578 = CARTESIAN_POINT('',(2242.30715191,-474.289389839,-3.35634572237));
#4579 = CARTESIAN_POINT('',(2242.27481597,-476.383418466,-3.41147373874));
#4580 = CARTESIAN_POINT('',(2242.24248977,-478.477446995,-3.46659875915));
#4581 = CARTESIAN_POINT('',(2242.21012742,-480.571475887,-3.52173499731));
#4582 = CARTESIAN_POINT('',(2242.17774814,-482.66550482,-3.57687649573));
#4583 = CARTESIAN_POINT('',(2242.14537294,-484.75953363,-3.63201672669));
#4584 = CARTESIAN_POINT('',(2242.11299838,-486.853562404,-3.68715675437));
#4585 = CARTESIAN_POINT('',(2242.08061716,-488.94759117,-3.74229885538));
#4586 = CARTESIAN_POINT('',(2242.04826192,-491.041619299,-3.79743284783));
#4587 = CARTESIAN_POINT('',(2242.01580948,-493.135648406,-3.85259715958));
#4588 = CARTESIAN_POINT('',(2241.98331216,-495.229677552,-3.90777545977));
#4589 = CARTESIAN_POINT('',(2241.95082635,-497.323706382,-3.96295016683));
#4590 = CARTESIAN_POINT('',(2241.9183394,-499.417735157,-4.01812522424));
#4591 = CARTESIAN_POINT('',(2241.87501424,-502.209773141,-4.09169486086));
#4592 = CARTESIAN_POINT('',(2241.84256365,-504.303800872,-4.14685847496));
#4593 = CARTESIAN_POINT('',(2241.82076603,-505.699821551,-4.18368574564));
#4594 = CARTESIAN_POINT('',(2328.02098702,-468.274150619,-4.80034754046));
#4595 = CARTESIAN_POINT('',(2328.00300272,-469.678669208,-4.84742948074));
#4596 = CARTESIAN_POINT('',(2327.97604412,-471.78545506,-4.91804142643));
#4597 = CARTESIAN_POINT('',(2327.940095,-474.594490257,-5.0122040567));
#4598 = CARTESIAN_POINT('',(2327.91313425,-476.701267695,-5.08282438974));
#4599 = CARTESIAN_POINT('',(2327.88617129,-478.808046755,-5.15344574885));
#4600 = CARTESIAN_POINT('',(2327.85921599,-480.914825715,-5.22406489225));
#4601 = CARTESIAN_POINT('',(2327.83223225,-483.021605041,-5.2946919256));
#4602 = CARTESIAN_POINT('',(2327.80523518,-485.128384409,-5.36532263368));
#4603 = CARTESIAN_POINT('',(2327.77824131,-487.235163652,-5.43595245481));
#4604 = CARTESIAN_POINT('',(2327.75124796,-489.341942859,-5.50658213249));
#4605 = CARTESIAN_POINT('',(2327.72424936,-491.448722059,-5.57721326167));
#4606 = CARTESIAN_POINT('',(2327.69727121,-493.555500617,-5.64783870459));
#4607 = CARTESIAN_POINT('',(2327.67021656,-495.662280158,-5.71848538773));
#4608 = CARTESIAN_POINT('',(2327.64312658,-497.76905974,-5.78914186419));
#4609 = CARTESIAN_POINT('',(2327.61604567,-499.875839003,-5.85979582041));
#4610 = CARTESIAN_POINT('',(2327.58896385,-501.982618211,-5.93045002105));
#4611 = CARTESIAN_POINT('',(2327.5528475,-504.79165677,-6.02465764162));
#4612 = CARTESIAN_POINT('',(2327.52579431,-506.898434929,-6.09530381533));
#4613 = CARTESIAN_POINT('',(2327.50762984,-508.302955906,-6.14243737051));
#4614 = CARTESIAN_POINT('',(2413.24023075,-470.356115961,-6.07720278225));
#4615 = CARTESIAN_POINT('',(2413.22633149,-471.769784867,-6.1333472978));
#4616 = CARTESIAN_POINT('',(2413.20549545,-473.890296248,-6.21758469901));
#4617 = CARTESIAN_POINT('',(2413.17771097,-476.717632068,-6.32985486207));
#4618 = CARTESIAN_POINT('',(2413.15687339,-478.838134981,-6.41406242284));
#4619 = CARTESIAN_POINT('',(2413.13603422,-480.958639525,-6.49826905287));
#4620 = CARTESIAN_POINT('',(2413.11520057,-483.079143969,-6.58247476419));
#4621 = CARTESIAN_POINT('',(2413.09434642,-485.199648781,-6.66668514451));
#4622 = CARTESIAN_POINT('',(2413.07348265,-487.320153636,-6.75089778031));
#4623 = CARTESIAN_POINT('',(2413.0526212,-489.440658365,-6.83510986866));
#4624 = CARTESIAN_POINT('',(2413.03176012,-491.561163057,-6.91932187166));
#4625 = CARTESIAN_POINT('',(2413.01089526,-493.681667742,-7.00353475247));
#4626 = CARTESIAN_POINT('',(2412.99004514,-495.802171782,-7.08774417911));
#4627 = CARTESIAN_POINT('',(2412.96913986,-497.922676811,-7.17196648103));
#4628 = CARTESIAN_POINT('',(2412.94820912,-500.043181881,-7.25619471131));
#4629 = CARTESIAN_POINT('',(2412.92728491,-502.16368663,-7.3404214099));
#4630 = CARTESIAN_POINT('',(2412.90636006,-504.284191324,-7.42464825535));
#4631 = CARTESIAN_POINT('',(2412.87845501,-507.111530528,-7.53695193082));
#4632 = CARTESIAN_POINT('',(2412.85755079,-509.232034165,-7.62117389719));
#4633 = CARTESIAN_POINT('',(2412.84352164,-510.645705475,-7.67734377188));
#4634 = CARTESIAN_POINT('',(2498.2439131,-472.198278144,-6.97258502935));
#4635 = CARTESIAN_POINT('',(2498.23446471,-473.621734999,-7.0359442155));
#4636 = CARTESIAN_POINT('',(2498.22030014,-475.756928356,-7.13089522738));
#4637 = CARTESIAN_POINT('',(2498.20141211,-478.603840059,-7.25766982616));
#4638 = CARTESIAN_POINT('',(2498.18724658,-480.73902489,-7.35273182505));
#4639 = CARTESIAN_POINT('',(2498.17308005,-482.874211365,-7.44779913438));
#4640 = CARTESIAN_POINT('',(2498.15891697,-485.009397738,-7.54286448727));
#4641 = CARTESIAN_POINT('',(2498.14474111,-487.144584482,-7.63793242707));
#4642 = CARTESIAN_POINT('',(2498.13055926,-489.279771269,-7.73300130565));
#4643 = CARTESIAN_POINT('',(2498.11637886,-491.414957929,-7.82806995611));
#4644 = CARTESIAN_POINT('',(2498.10219868,-493.550144553,-7.92313855809));
#4645 = CARTESIAN_POINT('',(2498.08801615,-495.685331169,-8.01820756959));
#4646 = CARTESIAN_POINT('',(2498.0738428,-497.820517135,-8.11327495958));
#4647 = CARTESIAN_POINT('',(2498.05963509,-499.955704098,-8.20834835433));
#4648 = CARTESIAN_POINT('',(2498.04541152,-502.090891102,-8.30342450286));
#4649 = CARTESIAN_POINT('',(2498.03119202,-504.226077782,-8.39849993173));
#4650 = CARTESIAN_POINT('',(2498.01697212,-506.361264407,-8.49357542731));
#4651 = CARTESIAN_POINT('',(2497.99800898,-509.208179517,-8.62034330865));
#4652 = CARTESIAN_POINT('',(2497.98380194,-511.343365078,-8.71541651081));
#4653 = CARTESIAN_POINT('',(2497.97427263,-512.766824353,-8.77880887181));
#4654 = CARTESIAN_POINT('',(2583.18070593,-473.839729065,-7.51267988859));
#4655 = CARTESIAN_POINT('',(2583.17593942,-475.273598951,-7.580841933));
#4656 = CARTESIAN_POINT('',(2583.16879324,-477.424411915,-7.68340859184));
#4657 = CARTESIAN_POINT('',(2583.15926413,-480.292149665,-7.81951665196));
#4658 = CARTESIAN_POINT('',(2583.15211752,-482.44295404,-7.92166825859));
#4659 = CARTESIAN_POINT('',(2583.14497047,-484.59376007,-8.02380107786));
#4660 = CARTESIAN_POINT('',(2583.13782495,-486.744565998,-8.1259388449));
#4661 = CARTESIAN_POINT('',(2583.13067373,-488.8953723,-8.22807568515));
#4662 = CARTESIAN_POINT('',(2583.12351984,-491.046178644,-8.33021308425));
#4663 = CARTESIAN_POINT('',(2583.11636659,-493.196984862,-8.43235033346));
#4664 = CARTESIAN_POINT('',(2583.10921344,-495.347791042,-8.53448759956));
#4665 = CARTESIAN_POINT('',(2583.10205925,-497.498597215,-8.63662493454));
#4666 = CARTESIAN_POINT('',(2583.09490915,-499.649402733,-8.73876194283));
#4667 = CARTESIAN_POINT('',(2583.08774372,-501.800209255,-8.84090011191));
#4668 = CARTESIAN_POINT('',(2583.08057121,-503.951015818,-8.94303879726));
#4669 = CARTESIAN_POINT('',(2583.07340052,-506.101822056,-9.04517733536));
#4670 = CARTESIAN_POINT('',(2583.06622964,-508.252628237,-9.14731588371));
#4671 = CARTESIAN_POINT('',(2583.05666702,-511.12036942,-9.28350070293));
#4672 = CARTESIAN_POINT('',(2583.04950188,-513.271174529,-9.38563878073));
#4673 = CARTESIAN_POINT('',(2583.04469927,-514.705046853,-9.45373283157));
#4674 = CARTESIAN_POINT('',(2668.18831784,-475.319384986,-7.64907834362));
#4675 = CARTESIAN_POINT('',(2668.18832873,-476.764279,-7.71899064818));
#4676 = CARTESIAN_POINT('',(2668.1883449,-478.931628218,-7.82265079594));
#4677 = CARTESIAN_POINT('',(2668.1883665,-481.821414207,-7.96328123806));
#4678 = CARTESIAN_POINT('',(2668.18838269,-483.988754771,-8.06849057124));
#4679 = CARTESIAN_POINT('',(2668.1883989,-486.156097002,-8.17377059757));
#4680 = CARTESIAN_POINT('',(2668.18841504,-488.32343913,-8.27903172139));
#4681 = CARTESIAN_POINT('',(2668.18843144,-490.490781634,-8.38429784133));
#4682 = CARTESIAN_POINT('',(2668.18844797,-492.658124182,-8.48956256151));
#4683 = CARTESIAN_POINT('',(2668.18846446,-494.825466601,-8.59482764991));
#4684 = CARTESIAN_POINT('',(2668.18848096,-496.992808983,-8.70009264062));
#4685 = CARTESIAN_POINT('',(2668.1884975,-499.160151358,-8.80535764002));
#4686 = CARTESIAN_POINT('',(2668.18851385,-501.327493073,-8.91062266702));
#4687 = CARTESIAN_POINT('',(2668.18853091,-503.494835799,-9.01588749549));
#4688 = CARTESIAN_POINT('',(2668.1885483,-505.662178567,-9.12115221026));
#4689 = CARTESIAN_POINT('',(2668.1885656,-507.829521007,-9.22641693878));
#4690 = CARTESIAN_POINT('',(2668.18858292,-509.99686339,-9.3316816616));
#4691 = CARTESIAN_POINT('',(2668.18860607,-512.886652839,-9.47203458223));
#4692 = CARTESIAN_POINT('',(2668.18862312,-515.053994142,-9.57729934664));
#4693 = CARTESIAN_POINT('',(2668.18863568,-516.498890612,-9.64747554245));
#4694 = CARTESIAN_POINT('',(2753.39037781,-476.676015172,-7.61243546306));
#4695 = CARTESIAN_POINT('',(2753.39512553,-478.132528002,-7.68069477763));
#4696 = CARTESIAN_POINT('',(2753.4022442,-480.31730551,-7.78760758624));
#4697 = CARTESIAN_POINT('',(2753.41173646,-483.230329115,-7.92111043841));
#4698 = CARTESIAN_POINT('',(2753.41885547,-485.415097899,-8.02222389769));
#4699 = CARTESIAN_POINT('',(2753.42597484,-487.599868364,-8.12307316071));
#4700 = CARTESIAN_POINT('',(2753.43309296,-489.784638725,-8.22399324188));
#4701 = CARTESIAN_POINT('',(2753.44021575,-491.969409465,-8.32489432289));
#4702 = CARTESIAN_POINT('',(2753.44734073,-494.154180249,-8.42580046937));
#4703 = CARTESIAN_POINT('',(2753.45446518,-496.338950904,-8.52670525257));
#4704 = CARTESIAN_POINT('',(2753.46158955,-498.523721522,-8.62761039985));
#4705 = CARTESIAN_POINT('',(2753.46871478,-500.708492131,-8.72851544085));
#4706 = CARTESIAN_POINT('',(2753.47583665,-502.893262076,-8.82942050899));
#4707 = CARTESIAN_POINT('',(2753.48297108,-505.07803304,-8.93032549869));
#4708 = CARTESIAN_POINT('',(2753.49011131,-507.262804046,-9.03123043749));
#4709 = CARTESIAN_POINT('',(2753.49725005,-509.447574722,-9.13213537455));
#4710 = CARTESIAN_POINT('',(2753.50438894,-511.63234534,-9.23304030772));
#4711 = CARTESIAN_POINT('',(2753.51390866,-514.545372432,-9.36758018878));
#4712 = CARTESIAN_POINT('',(2753.52104285,-516.730141962,-9.46848511631));
#4713 = CARTESIAN_POINT('',(2753.52582016,-518.186657268,-9.53575497223));
#4714 = CARTESIAN_POINT('',(2838.78961439,-477.922381896,-7.61521865034));
#4715 = CARTESIAN_POINT('',(2838.79906381,-479.391051234,-7.67842260899));
#4716 = CARTESIAN_POINT('',(2838.81323315,-481.594063573,-7.79557614111));
#4717 = CARTESIAN_POINT('',(2838.83212673,-484.531400178,-7.90708574996));
#4718 = CARTESIAN_POINT('',(2838.84629662,-486.73440372,-7.99559046378));
#4719 = CARTESIAN_POINT('',(2838.86046712,-488.937408958,-8.08278964398));
#4720 = CARTESIAN_POINT('',(2838.87463555,-491.140414091,-8.17033874787));
#4721 = CARTESIAN_POINT('',(2838.88881165,-493.343419607,-8.25779375727));
#4722 = CARTESIAN_POINT('',(2838.90299135,-495.546425166,-8.34527370968));
#4723 = CARTESIAN_POINT('',(2838.91717019,-497.749430595,-8.43274696909));
#4724 = CARTESIAN_POINT('',(2838.93134889,-499.952435987,-8.52022203703));
#4725 = CARTESIAN_POINT('',(2838.945529,-502.15544137,-8.60769655237));
#4726 = CARTESIAN_POINT('',(2838.95970359,-504.358446083,-8.69517144022));
#4727 = CARTESIAN_POINT('',(2838.97389884,-506.561451824,-8.78264532464));
#4728 = CARTESIAN_POINT('',(2838.98810361,-508.764457608,-8.8701187539));
#4729 = CARTESIAN_POINT('',(2839.00230594,-510.967463058,-8.95759228691));
#4730 = CARTESIAN_POINT('',(2839.01650851,-513.17046845,-9.04506580657));
#4731 = CARTESIAN_POINT('',(2839.03544723,-516.107808571,-9.16169705314));
#4732 = CARTESIAN_POINT('',(2839.04964207,-518.310812866,-9.24917090953));
#4733 = CARTESIAN_POINT('',(2839.05914012,-519.779484701,-9.30748519004));
#4734 = CARTESIAN_POINT('',(2924.37479743,-479.070910384,-7.59140282661));
#4735 = CARTESIAN_POINT('',(2924.38891788,-480.552215637,-7.64586071808));
#4736 = CARTESIAN_POINT('',(2924.41009268,-482.774181921,-7.77299252354));
#4737 = CARTESIAN_POINT('',(2924.43832711,-485.73679034,-7.85161164284));
#4738 = CARTESIAN_POINT('',(2924.45950257,-487.958747751,-7.92048451184));
#4739 = CARTESIAN_POINT('',(2924.48067878,-490.180706872,-7.98670240256));
#4740 = CARTESIAN_POINT('',(2924.50185245,-492.402665888,-8.05363188793));
#4741 = CARTESIAN_POINT('',(2924.52303556,-494.62462529,-8.1203700249));
#4742 = CARTESIAN_POINT('',(2924.54422308,-496.846584735,-8.18715889174));
#4743 = CARTESIAN_POINT('',(2924.56540955,-499.06854405,-8.25393415239));
#4744 = CARTESIAN_POINT('',(2924.58659584,-501.290503326,-8.32071309237));
#4745 = CARTESIAN_POINT('',(2924.60778388,-503.512462595,-8.38749091244));
#4746 = CARTESIAN_POINT('',(2924.62896512,-505.734421187,-8.45426951039));
#4747 = CARTESIAN_POINT('',(2924.65017176,-507.956380816,-8.52104606632));
#4748 = CARTESIAN_POINT('',(2924.67139011,-510.178340488,-8.58782171777));
#4749 = CARTESIAN_POINT('',(2924.69260546,-512.400299823,-8.65459759104));
#4750 = CARTESIAN_POINT('',(2924.71382111,-514.622259101,-8.72137344065));
#4751 = CARTESIAN_POINT('',(2924.74211104,-517.584871065,-8.81040770218));
#4752 = CARTESIAN_POINT('',(2924.76331719,-519.806829235,-8.87718427297));
#4753 = CARTESIAN_POINT('',(2924.77749743,-521.288137007,-8.92169865408));
#4754 = CARTESIAN_POINT('',(3010.12363212,-480.133844308,-7.54978376666));
#4755 = CARTESIAN_POINT('',(3010.14239683,-481.628205087,-7.59159357498));
#4756 = CARTESIAN_POINT('',(3010.17053762,-483.869754735,-7.72443779158));
#4757 = CARTESIAN_POINT('',(3010.2080601,-486.858474187,-7.76130428167));
#4758 = CARTESIAN_POINT('',(3010.23620158,-489.100014884,-7.80424475726));
#4759 = CARTESIAN_POINT('',(3010.26434386,-491.341557306,-7.84308807588));
#4760 = CARTESIAN_POINT('',(3010.29248341,-493.583099621,-7.88302951679));
#4761 = CARTESIAN_POINT('',(3010.32063308,-495.824642325,-7.92267565787));
#4762 = CARTESIAN_POINT('',(3010.34878749,-498.066185074,-7.96240008113));
#4763 = CARTESIAN_POINT('',(3010.37694075,-500.307727691,-8.00210351177));
#4764 = CARTESIAN_POINT('',(3010.40509384,-502.549270269,-8.04181262144));
#4765 = CARTESIAN_POINT('',(3010.43324879,-504.790812839,-8.08152000238));
#4766 = CARTESIAN_POINT('',(3010.46139646,-507.032354727,-8.12122860587));
#4767 = CARTESIAN_POINT('',(3010.48957134,-509.273897661,-8.16093401794));
#4768 = CARTESIAN_POINT('',(3010.51775877,-511.515440638,-8.20063802811));
#4769 = CARTESIAN_POINT('',(3010.54594298,-513.756983276,-8.24034239141));
#4770 = CARTESIAN_POINT('',(3010.57412751,-515.998525855,-8.28004671976));
#4771 = CARTESIAN_POINT('',(3010.61170947,-518.987248885,-8.33298551901));
#4772 = CARTESIAN_POINT('',(3010.63988381,-521.228790347,-8.37269099582));
#4773 = CARTESIAN_POINT('',(3010.65871259,-522.723153668,-8.3991560863));
#4774 = CARTESIAN_POINT('',(3096.01281192,-481.123412367,-7.47905442051));
#4775 = CARTESIAN_POINT('',(3096.03619794,-482.631188352,-7.50408219089));
#4776 = CARTESIAN_POINT('',(3096.07127089,-484.892860883,-7.63349689553));
#4777 = CARTESIAN_POINT('',(3096.11803616,-487.908410727,-7.62230350315));
#4778 = CARTESIAN_POINT('',(3096.15310975,-490.170074227,-7.63393991125));
#4779 = CARTESIAN_POINT('',(3096.18818412,-492.431739467,-7.64020880099));
#4780 = CARTESIAN_POINT('',(3096.22325584,-494.693404601,-7.64791628868));
#4781 = CARTESIAN_POINT('',(3096.25833742,-496.955070126,-7.65523691174));
#4782 = CARTESIAN_POINT('',(3096.29342361,-499.216735697,-7.66266008797));
#4783 = CARTESIAN_POINT('',(3096.32850869,-501.478401135,-7.67005576534));
#4784 = CARTESIAN_POINT('',(3096.36359359,-503.740066533,-7.67745888328));
#4785 = CARTESIAN_POINT('',(3096.39868031,-506.001731923,-7.68485973683));
#4786 = CARTESIAN_POINT('',(3096.43375993,-508.263396625,-7.69226220489));
#4787 = CARTESIAN_POINT('',(3096.46886607,-510.525062383,-7.69966047371));
#4788 = CARTESIAN_POINT('',(3096.50398444,-512.786728184,-7.70705690624));
#4789 = CARTESIAN_POINT('',(3096.53909967,-515.048393642,-7.71445380786));
#4790 = CARTESIAN_POINT('',(3096.57421521,-517.310059042,-7.72185066489));
#4791 = CARTESIAN_POINT('',(3096.62103844,-520.325612495,-7.73171274945));
#4792 = CARTESIAN_POINT('',(3096.65614405,-522.587276767,-7.73911113233));
#4793 = CARTESIAN_POINT('',(3096.6795925,-524.095055316,-7.74403649695));
#4794 = CARTESIAN_POINT('',(3182.01892792,-482.051841866,-7.37330753533));
#4795 = CARTESIAN_POINT('',(3182.04691613,-483.573332785,-7.37719293606));
#4796 = CARTESIAN_POINT('',(3182.08889304,-485.855577797,-7.4893944741));
#4797 = CARTESIAN_POINT('',(3182.14486339,-488.898557491,-7.426249321));
#4798 = CARTESIAN_POINT('',(3182.18684083,-491.180793389,-7.40208349918));
#4799 = CARTESIAN_POINT('',(3182.22881899,-493.463031043,-7.37170296252));
#4800 = CARTESIAN_POINT('',(3182.27079476,-495.745268589,-7.3429880828));
#4801 = CARTESIAN_POINT('',(3182.31277936,-498.027506531,-7.31382527199));
#4802 = CARTESIAN_POINT('',(3182.35476809,-500.309744519,-7.28478119969));
#4803 = CARTESIAN_POINT('',(3182.39675582,-502.591982372,-7.25570529057));
#4804 = CARTESIAN_POINT('',(3182.4387434,-504.874220185,-7.22663799703));
#4805 = CARTESIAN_POINT('',(3182.48073259,-507.156457991,-7.19756808179));
#4806 = CARTESIAN_POINT('',(3182.52271545,-509.438695102,-7.16850004752));
#4807 = CARTESIAN_POINT('',(3182.56472202,-511.720933278,-7.13942713305));
#4808 = CARTESIAN_POINT('',(3182.60673954,-514.003171497,-7.11035209148));
#4809 = CARTESIAN_POINT('',(3182.64875425,-516.285409372,-7.08127759879));
#4810 = CARTESIAN_POINT('',(3182.69076923,-518.567647187,-7.05220305545));
#4811 = CARTESIAN_POINT('',(3182.74679146,-521.610630523,-7.01343655122));
#4812 = CARTESIAN_POINT('',(3182.78879756,-523.8928672,-6.98436379354));
#4813 = CARTESIAN_POINT('',(3182.81684164,-525.414360707,-6.96497393647));
#4814 = CARTESIAN_POINT('',(3268.11859855,-482.931360617,-7.22518605849));
#4815 = CARTESIAN_POINT('',(3268.15117365,-484.466806256,-7.20334090069));
#4816 = CARTESIAN_POINT('',(3268.20003197,-486.769983425,-7.27984102059));
#4817 = CARTESIAN_POINT('',(3268.26517724,-489.840872539,-7.16330506703));
#4818 = CARTESIAN_POINT('',(3268.31403593,-492.144040512,-7.09972724003));
#4819 = CARTESIAN_POINT('',(3268.36289521,-494.447210257,-7.02976555751));
#4820 = CARTESIAN_POINT('',(3268.41175257,-496.750379893,-6.96151485855));
#4821 = CARTESIAN_POINT('',(3268.46061708,-499.053549928,-6.89280403301));
#4822 = CARTESIAN_POINT('',(3268.50948495,-501.35672001,-6.82421517627));
#4823 = CARTESIAN_POINT('',(3268.55835201,-503.659889956,-6.75559361867));
#4824 = CARTESIAN_POINT('',(3268.60721894,-505.963059862,-6.68698091176));
#4825 = CARTESIAN_POINT('',(3268.65608719,-508.26622976,-6.61836551196));
#4826 = CARTESIAN_POINT('',(3268.70495028,-510.569398956,-6.54975205606));
#4827 = CARTESIAN_POINT('',(3268.75383264,-512.872569228,-6.48113356924));
#4828 = CARTESIAN_POINT('',(3268.80272388,-515.175739544,-6.41251289675));
#4829 = CARTESIAN_POINT('',(3268.85161284,-517.478909511,-6.34389279392));
#4830 = CARTESIAN_POINT('',(3268.90050202,-519.782079418,-6.27527264008));
#4831 = CARTESIAN_POINT('',(3268.96568941,-522.852972207,-6.18377865014));
#4832 = CARTESIAN_POINT('',(3269.01457137,-525.156140966,-6.1151603498));
#4833 = CARTESIAN_POINT('',(3269.04719184,-526.691589216,-6.06940653913));
#4834 = CARTESIAN_POINT('',(3383.02478702,-484.055269048,-6.96186998334));
#4835 = CARTESIAN_POINT('',(3383.06346338,-485.60956291,-6.89929185361));
#4836 = CARTESIAN_POINT('',(3383.1214754,-487.941012522,-6.89727951659));
#4837 = CARTESIAN_POINT('',(3383.1988251,-491.049598055,-6.71088624407));
#4838 = CARTESIAN_POINT('',(3383.25683723,-493.381038356,-6.59111881912));
#4839 = CARTESIAN_POINT('',(3383.31484974,-495.712480452,-6.46598480845));
#4840 = CARTESIAN_POINT('',(3383.37286108,-498.043922438,-6.34228912494));
#4841 = CARTESIAN_POINT('',(3383.43087676,-500.375364827,-6.21820662835));
#4842 = CARTESIAN_POINT('',(3383.48889446,-502.706807264,-6.09422666247));
#4843 = CARTESIAN_POINT('',(3383.54691167,-505.038249563,-5.97021921081));
#4844 = CARTESIAN_POINT('',(3383.6049288,-507.369691821,-5.84621920054));
#4845 = CARTESIAN_POINT('',(3383.66294672,-509.701134071,-5.72221692676));
#4846 = CARTESIAN_POINT('',(3383.72096153,-512.032575612,-5.5982163073));
#4847 = CARTESIAN_POINT('',(3383.77898798,-514.364018241,-5.47421142764));
#4848 = CARTESIAN_POINT('',(3383.83701979,-516.695460914,-5.35020470933));
#4849 = CARTESIAN_POINT('',(3383.89505022,-519.026903235,-5.22619847993));
#4850 = CARTESIAN_POINT('',(3383.95308079,-521.358345494,-5.10219220938));
#4851 = CARTESIAN_POINT('',(3384.03045597,-524.466934748,-4.93685014789));
#4852 = CARTESIAN_POINT('',(3384.08848216,-526.798375846,-4.81284546855));
#4853 = CARTESIAN_POINT('',(3384.12718594,-528.352672351,-4.73016865475));
#4854 = CARTESIAN_POINT('',(3469.2529766,-484.861303559,-6.67980452708));
#4855 = CARTESIAN_POINT('',(3469.29621627,-486.429909891,-6.57911897033));
#4856 = CARTESIAN_POINT('',(3469.36107493,-488.782828289,-6.4764316639));
#4857 = CARTESIAN_POINT('',(3469.44755303,-491.920038743,-6.24283280495));
#4858 = CARTESIAN_POINT('',(3469.51241156,-494.272947745,-6.07817370713));
#4859 = CARTESIAN_POINT('',(3469.57727028,-496.625858559,-5.91069020213));
#4860 = CARTESIAN_POINT('',(3469.64212854,-498.97876926,-5.74396366536));
#4861 = CARTESIAN_POINT('',(3469.70698853,-501.33168037,-5.57703353881));
#4862 = CARTESIAN_POINT('',(3469.77184933,-503.684591527,-5.41015737015));
#4863 = CARTESIAN_POINT('',(3469.83670993,-506.037502545,-5.24326674225));
#4864 = CARTESIAN_POINT('',(3469.9015705,-508.390413522,-5.07638003237));
#4865 = CARTESIAN_POINT('',(3469.96643139,-510.743324491,-4.9094921316));
#4866 = CARTESIAN_POINT('',(3470.03129102,-513.096234744,-4.7426051324));
#4867 = CARTESIAN_POINT('',(3470.09615532,-515.449146095,-4.57571584374));
#4868 = CARTESIAN_POINT('',(3470.16102178,-517.802057491,-4.40882558548));
#4869 = CARTESIAN_POINT('',(3470.22588767,-520.154968532,-4.2419355999));
#4870 = CARTESIAN_POINT('',(3470.29075361,-522.50787951,-4.07504559533));
#4871 = CARTESIAN_POINT('',(3470.37724197,-525.645093718,-3.85252541443));
#4872 = CARTESIAN_POINT('',(3470.44210615,-527.998003524,-3.68563629792));
#4873 = CARTESIAN_POINT('',(3470.48535683,-529.566612524,-3.57437308211));
#4874 = CARTESIAN_POINT('',(3526.7446753,-485.398725313,-6.44475264613));
#4875 = CARTESIAN_POINT('',(3526.79095751,-486.976874295,-6.31499531085));
#4876 = CARTESIAN_POINT('',(3526.86038109,-489.344106723,-6.12035857176));
#4877 = CARTESIAN_POINT('',(3526.95294546,-492.500402464,-5.86084408414));
#4878 = CARTESIAN_POINT('',(3527.02236876,-494.86762544,-5.66620812226));
#4879 = CARTESIAN_POINT('',(3527.09179212,-497.234850237,-5.4715720106));
#4880 = CARTESIAN_POINT('',(3527.16121548,-499.602074921,-5.27693590817));
#4881 = CARTESIAN_POINT('',(3527.23063885,-501.969300016,-5.08229977197));
#4882 = CARTESIAN_POINT('',(3527.30006222,-504.336525159,-4.88766363188));
#4883 = CARTESIAN_POINT('',(3527.36948558,-506.703750162,-4.69302750329));
#4884 = CARTESIAN_POINT('',(3527.43890895,-509.070975124,-4.49839137804));
#4885 = CARTESIAN_POINT('',(3527.50833231,-511.438200078,-4.30375525349));
#4886 = CARTESIAN_POINT('',(3527.57775565,-513.805424311,-4.10911918819));
#4887 = CARTESIAN_POINT('',(3527.64717903,-516.172649649,-3.91448303205));
#4888 = CARTESIAN_POINT('',(3527.7166024,-518.539875032,-3.71984687218));
#4889 = CARTESIAN_POINT('',(3527.78602577,-520.907100057,-3.52521074174));
#4890 = CARTESIAN_POINT('',(3527.85544913,-523.274325021,-3.3305746164));
#4891 = CARTESIAN_POINT('',(3527.94801361,-526.430624539,-3.07105981817));
#4892 = CARTESIAN_POINT('',(3528.01743694,-528.797848323,-2.87642378983));
#4893 = CARTESIAN_POINT('',(3528.06371923,-530.375999989,-2.7466662339));
#4894 = B_SPLINE_SURFACE_WITH_KNOTS('',3,3,((#3934,#3935,#3936,#3937,#3938,#3939,#3940,#3941,#3942,#3943,#3944,#3945,#3946,#3947,#3948,#3949,#3950,#3951,#3952,#3953),(#3954,#3955,#3956,#3957,#3958,#3959,#3960,#3961,#3962,#3963,#3964,#3965,#3966,#3967,
#3968,#3969,#3970,#3971,#3972,#3973),(#3974,#3975,#3976,#3977,#3978,#3979,#3980,#3981,#3982,#3983,#3984,#3985,#3986,#3987,#3988,#3989,#3990,#3991,#3992,#3993),(#3994,#3995,#3996,#3997,#3998,#3999,#4000,#4001,#4002,#4003,#4004,#4005,#4006,#4007,#4008,
#4009,#4010,#4011,#4012,#4013),(#4014,#4015,#4016,#4017,#4018,#4019,#4020,#4021,#4022,#4023,#4024,#4025,#4026,#4027,#4028,#4029,#4030,#4031,#4032,#4033),(#4034,#4035,#4036,#4037,#4038,#4039,#4040,#4041,#4042,#4043,#4044,#4045,#4046,#4047,#4048,#4049,
#4050,#4051,#4052,#4053),(#4054,#4055,#4056,#4057,#4058,#4059,#4060,#4061,#4062,#4063,#4064,#4065,#4066,#4067,#4068,#4069,#4070,#4071,#4072,#4073),(#4074,#4075,#4076,#4077,#4078,#4079,#4080,#4081,#4082,#4083,#4084,#4085,#4086,#4087,#4088,#4089,#4090,
#4091,#4092,#4093),(#4094,#4095,#4096,#4097,#4098,#4099,#4100,#4101,#4102,#4103,#4104,#4105,#4106,#4107,#4108,#4109,#4110,#4111,#4112,#4113),(#4114,#4115,#4116,#4117,#4118,#4119,#4120,#4121,#4122,#4123,#4124,#4125,#4126,#4127,#4128,#4129,#4130,#4131,
#4132,#4133),(#4134,#4135,#4136,#4137,#4138,#4139,#4140,#4141,#4142,#4143,#4144,#4145,#4146,#4147,#4148,#4149,#4150,#4151,#4152,#4153),(#4154,#4155,#4156,#4157,#4158,#4159,#4160,#4161,#4162,#4163,#4164,#4165,#4166,#4167,#4168,#4169,#4170,#4171,#4172,
#4173),(#4174,#4175,#4176,#4177,#4178,#4179,#4180,#4181,#4182,#4183,#4184,#4185,#4186,#4187,#4188,#4189,#4190,#4191,#4192,#4193),(#4194,#4195,#4196,#4197,#4198,#4199,#4200,#4201,#4202,#4203,#4204,#4205,#4206,#4207,#4208,#4209,#4210,#4211,#4212,#4213),
(#4214,#4215,#4216,#4217,#4218,#4219,#4220,#4221,#4222,#4223,#4224,#4225,#4226,#4227,#4228,#4229,#4230,#4231,#4232,#4233),(#4234,#4235,#4236,#4237,#4238,#4239,#4240,#4241,#4242,#4243,#4244,#4245,#4246,#4247,#4248,#4249,#4250,#4251,#4252,#4253),(#4254,
#4255,#4256,#4257,#4258,#4259,#4260,#4261,#4262,#4263,#4264,#4265,#4266,#4267,#4268,#4269,#4270,#4271,#4272,#4273),(#4274,#4275,#4276,#4277,#4278,#4279,#4280,#4281,#4282,#4283,#4284,#4285,#4286,#4287,#4288,#4289,#4290,#4291,#4292,#4293),(#4294,#4295,
#4296,#4297,#4298,#4299,#4300,#4301,#4302,#4303,#4304,#4305,#4306,#4307,#4308,#4309,#4310,#4311,#4312,#4313),(#4314,#4315,#4316,#4317,#4318,#4319,#4320,#4321,#4322,#4323,#4324,#4325,#4326,#4327,#4328,#4329,#4330,#4331,#4332,#4333),(#4334,#4335,#4336,
#4337,#4338,#4339,#4340,#4341,#4342,#4343,#4344,#4345,#4346,#4347,#4348,#4349,#4350,#4351,#4352,#4353),(#4354,#4355,#4356,#4357,#4358,#4359,#4360,#4361,#4362,#4363,#4364,#4365,#4366,#4367,#4368,#4369,#4370,#4371,#4372,#4373),(#4374,#4375,#4376,#4377,
#4378,#4379,#4380,#4381,#4382,#4383,#4384,#4385,#4386,#4387,#4388,#4389,#4390,#4391,#4392,#4393),(#4394,#4395,#4396,#4397,#4398,#4399,#4400,#4401,#4402,#4403,#4404,#4405,#4406,#4407,#4408,#4409,#4410,#4411,#4412,#4413),(#4414,#4415,#4416,#4417,#4418,
#4419,#4420,#4421,#4422,#4423,#4424,#4425,#4426,#4427,#4428,#4429,#4430,#4431,#4432,#4433),(#4434,#4435,#4436,#4437,#4438,#4439,#4440,#4441,#4442,#4443,#4444,#4445,#4446,#4447,#4448,#4449,#4450,#4451,#4452,#4453),(#4454,#4455,#4456,#4457,#4458,#4459,
#4460,#4461,#4462,#4463,#4464,#4465,#4466,#4467,#4468,#4469,#4470,#4471,#4472,#4473),(#4474,#4475,#4476,#4477,#4478,#4479,#4480,#4481,#4482,#4483,#4484,#4485,#4486,#4487,#4488,#4489,#4490,#4491,#4492,#4493),(#4494,#4495,#4496,#4497,#4498,#4499,#4500,
#4501,#4502,#4503,#4504,#4505,#4506,#4507,#4508,#4509,#4510,#4511,#4512,#4513),(#4514,#4515,#4516,#4517,#4518,#4519,#4520,#4521,#4522,#4523,#4524,#4525,#4526,#4527,#4528,#4529,#4530,#4531,#4532,#4533),(#4534,#4535,#4536,#4537,#4538,#4539,#4540,#4541,
#4542,#4543,#4544,#4545,#4546,#4547,#4548,#4549,#4550,#4551,#4552,#4553),(#4554,#4555,#4556,#4557,#4558,#4559,#4560,#4561,#4562,#4563,#4564,#4565,#4566,#4567,#4568,#4569,#4570,#4571,#4572,#4573),(#4574,#4575,#4576,#4577,#4578,#4579,#4580,#4581,#4582,
#4583,#4584,#4585,#4586,#4587,#4588,#4589,#4590,#4591,#4592,#4593),(#4594,#4595,#4596,#4597,#4598,#4599,#4600,#4601,#4602,#4603,#4604,#4605,#4606,#4607,#4608,#4609,#4610,#4611,#4612,#4613),(#4614,#4615,#4616,#4617,#4618,#4619,#4620,#4621,#4622,#4623,
#4624,#4625,#4626,#4627,#4628,#4629,#4630,#4631,#4632,#4633),(#4634,#4635,#4636,#4637,#4638,#4639,#4640,#4641,#4642,#4643,#4644,#4645,#4646,#4647,#4648,#4649,#4650,#4651,#4652,#4653),(#4654,#4655,#4656,#4657,#4658,#4659,#4660,#4661,#4662,#4663,#4664,
#4665,#4666,#4667,#4668,#4669,#4670,#4671,#4672,#4673),(#4674,#4675,#4676,#4677,#4678,#4679,#4680,#4681,#4682,#4683,#4684,#4685,#4686,#4687,#4688,#4689,#4690,#4691,#4692,#4693),(#4694,#4695,#4696,#4697,#4698,#4699,#4700,#4701,#4702,#4703,#4704,#4705,
#4706,#4707,#4708,#4709,#4710,#4711,#4712,#4713),(#4714,#4715,#4716,#4717,#4718,#4719,#4720,#4721,#4722,#4723,#4724,#4725,#4726,#4727,#4728,#4729,#4730,#4731,#4732,#4733),(#4734,#4735,#4736,#4737,#4738,#4739,#4740,#4741,#4742,#4743,#4744,#4745,#4746,
#4747,#4748,#4749,#4750,#4751,#4752,#4753),(#4754,#4755,#4756,#4757,#4758,#4759,#4760,#4761,#4762,#4763,#4764,#4765,#4766,#4767,#4768,#4769,#4770,#4771,#4772,#4773),(#4774,#4775,#4776,#4777,#4778,#4779,#4780,#4781,#4782,#4783,#4784,#4785,#4786,#4787,
#4788,#4789,#4790,#4791,#4792,#4793),(#4794,#4795,#4796,#4797,#4798,#4799,#4800,#4801,#4802,#4803,#4804,#4805,#4806,#4807,#4808,#4809,#4810,#4811,#4812,#4813),(#4814,#4815,#4816,#4817,#4818,#4819,#4820,#4821,#4822,#4823,#4824,#4825,#4826,#4827,#4828,
#4829,#4830,#4831,#4832,#4833),(#4834,#4835,#4836,#4837,#4838,#4839,#4840,#4841,#4842,#4843,#4844,#4845,#4846,#4847,#4848,#4849,#4850,#4851,#4852,#4853),(#4854,#4855,#4856,#4857,#4858,#4859,#4860,#4861,#4862,#4863,#4864,#4865,#4866,#4867,#4868,#4869,
#4870,#4871,#4872,#4873),(#4874,#4875,#4876,#4877,#4878,#4879,#4880,#4881,#4882,#4883,#4884,#4885,#4886,#4887,#4888,#4889,#4890,#4891,#4892,#4893)),.UNSPECIFIED.,.F.,.F.,.F.,(4,1,1,1,1,1,1,1,1,1,1,1,1,1,1,1,1,1,1,1,1,1,1,1,1,1,1,1,1,1,1,1,1,1,1,1,1,1,
1,1,1,1,1,1,1,4),(4,1,1,1,1,1,1,1,1,1,1,1,1,1,1,1,1,4),(0.,0.0318239518643,0.0479160846625,0.0642311528261,0.0808529568627,0.097870334591,0.115375419081,0.133461037419,0.152217825019,0.171789047782,0.192203156262,0.213425483526,0.235304362748,
0.257740557003,0.280638317511,0.303905045955,0.327450710977,0.351187166162,0.375027427306,0.398884923863,0.422672717148,0.446287525972,0.469676338804,0.4928209168,0.515753772878,0.538491814112,0.561052358813,0.58345310759,0.605712110566,
0.627847730986,0.649878605546,0.671823601853,0.693701773493,0.715532313235,0.737334504953,0.759127674856,0.780930076509,0.802753596379,0.824602688814,0.846475461987,0.868368959517,0.890280228889,0.912206321085,0.934144290206,0.956091193086,1.),(0.,
0.105262916135,0.157894459329,0.210526064841,0.263157690358,0.3157893131,0.368420931381,0.421052545203,0.47368415734,0.526315769477,0.578947381614,0.63157898588,0.68421057816,0.736842158454,0.789473734632,0.84210531081,0.894736886989,1.),
.UNSPECIFIED.);
#4895 = B_SPLINE_CURVE_WITH_KNOTS('',3,(#3934,#3935,#3936,#3937,#3938,#3939,#3940,#3941,#3942,#3943,#3944,#3945,#3946,#3947,#3948,#3949,#3950,#3951,#3952,#3953),.UNSPECIFIED.,.F.,.F.,(4,1,1,1,1,1,1,1,1,1,1,1,1,1,1,1,1,4),(0.,0.105262916135,
0.157894459329,0.210526064841,0.263157690358,0.3157893131,0.368420931381,0.421052545203,0.47368415734,0.526315769477,0.578947381614,0.63157898588,0.68421057816,0.736842158454,0.789473734632,0.84210531081,0.894736886989,1.),.UNSPECIFIED.);
#4896 = B_SPLINE_CURVE_WITH_KNOTS('',3,(#4874,#4875,#4876,#4877,#4878,#4879,#4880,#4881,#4882,#4883,#4884,#4885,#4886,#4887,#4888,#4889,#4890,#4891,#4892,#4893),.UNSPECIFIED.,.F.,.F.,(4,1,1,1,1,1,1,1,1,1,1,1,1,1,1,1,1,4),(0.,0.105262916135,
0.157894459329,0.210526064841,0.263157690358,0.3157893131,0.368420931381,0.421052545203,0.47368415734,0.526315769477,0.578947381614,0.63157898588,0.68421057816,0.736842158454,0.789473734632,0.84210531081,0.894736886989,1.),.UNSPECIFIED.);
#4897 = B_SPLINE_CURVE_WITH_KNOTS('',3,(#3934,#3954,#3974,#3994,#4014,#4034,#4054,#4074,#4094,#4114,#4134,#4154,#4174,#4194,#4214,#4234,#4254,#4274,#4294,#4314,#4334,#4354,#4374,#4394,#4414,#4434,#4454,#4474,#4494,#4514,#4534,#4554,#4574,#4594,#4614,
#4634,#4654,#4674,#4694,#4714,#4734,#4754,#4774,#4794,#4814,#4834,#4854,#4874),.UNSPECIFIED.,.F.,.F.,(4,1,1,1,1,1,1,1,1,1,1,1,1,1,1,1,1,1,1,1,1,1,1,1,1,1,1,1,1,1,1,1,1,1,1,1,1,1,1,1,1,1,1,1,1,4),(0.,0.0318239518643,0.0479160846625,0.0642311528261,
0.0808529568627,0.097870334591,0.115375419081,0.133461037419,0.152217825019,0.171789047782,0.192203156262,0.213425483526,0.235304362748,0.257740557003,0.280638317511,0.303905045955,0.327450710977,0.351187166162,0.375027427306,0.398884923863,
0.422672717148,0.446287525972,0.469676338804,0.4928209168,0.515753772878,0.538491814112,0.561052358813,0.58345310759,0.605712110566,0.627847730986,0.649878605546,0.671823601853,0.693701773493,0.715532313235,0.737334504953,0.759127674856,
0.780930076509,0.802753596379,0.824602688814,0.846475461987,0.868368959517,0.890280228889,0.912206321085,0.934144290206,0.956091193086,1.),.UNSPECIFIED.);
#4898 = B_SPLINE_CURVE_WITH_KNOTS('',3,(#3953,#3973,#3993,#4013,#4033,#4053,#4073,#4093,#4113,#4133,#4153,#4173,#4193,#4213,#4233,#4253,#4273,#4293,#4313,#4333,#4353,#4373,#4393,#4413,#4433,#4453,#4473,#4493,#4513,#4533,#4553,#4573,#4593,#4613,#4633,
#4653,#4673,#4693,#4713,#4733,#4753,#4773,#4793,#4813,#4833,#4853,#4873,#4893),.UNSPECIFIED.,.F.,.F.,(4,1,1,1,1,1,1,1,1,1,1,1,1,1,1,1,1,1,1,1,1,1,1,1,1,1,1,1,1,1,1,1,1,1,1,1,1,1,1,1,1,1,1,1,1,4),(0.,0.0318239518643,0.0479160846625,0.0642311528261,
0.0808529568627,0.097870334591,0.115375419081,0.133461037419,0.152217825019,0.171789047782,0.192203156262,0.213425483526,0.235304362748,0.257740557003,0.280638317511,0.303905045955,0.327450710977,0.351187166162,0.375027427306,0.398884923863,
0.422672717148,0.446287525972,0.469676338804,0.4928209168,0.515753772878,0.538491814112,0.561052358813,0.58345310759,0.605712110566,0.627847730986,0.649878605546,0.671823601853,0.693701773493,0.715532313235,0.737334504953,0.759127674856,
0.780930076509,0.802753596379,0.824602688814,0.846475461987,0.868368959517,0.890280228889,0.912206321085,0.934144290206,0.956091193086,1.),.UNSPECIFIED.);
#4899 = VERTEX_POINT('',#3934);
#4900 = VERTEX_POINT('',#4874);
#4901 = VERTEX_POINT('',#4893);
#4902 = VERTEX_POINT('',#3953);
#4903 = EDGE_CURVE('',#4899,#4900,#4897,.T.);
#4904 = ORIENTED_EDGE('',*,*,#4903,.T.);
#4905 = EDGE_CURVE('',#4900,#4901,#4896,.T.);
#4906 = ORIENTED_EDGE('',*,*,#4905,.T.);
#4907 = EDGE_CURVE('',#4902,#4901,#4898,.T.);
#4908 = ORIENTED_EDGE('',*,*,#4907,.F.);
#4909 = EDGE_CURVE('',#4899,#4902,#4895,.T.);
#4910 = ORIENTED_EDGE('',*,*,#4909,.F.);
#4911 = EDGE_LOOP('',(#4904,#4906,#4908,#4910));
#4912 = FACE_OUTER_BOUND('',#4911,.T.);
#4913 = ADVANCED_FACE('',(#4912),#4894,.T.);
#4914 = CARTESIAN_POINT('',(-22.0067128748,0.,-86.0731304581));
#4915 = CARTESIAN_POINT('',(-31.8282113072,0.,-79.3149132164));
#4916 = CARTESIAN_POINT('',(-46.0728537924,0.,-68.4525406416));
#4917 = CARTESIAN_POINT('',(-63.4818355997,0.,-52.1802772559));
#4918 = CARTESIAN_POINT('',(-75.9303890675,0.,-39.3534495085));
#4919 = CARTESIAN_POINT('',(-87.7674705866,0.,-25.9585452537));
#4920 = CARTESIAN_POINT('',(-98.9368749779,0.,-12.0034259104));
#4921 = CARTESIAN_POINT('',(-109.669220078,0.,2.30390067486));
#4922 = CARTESIAN_POINT('',(-119.812147672,0.,17.0114464995));
#4923 = CARTESIAN_POINT('',(-129.518250357,0.,32.0061206889));
#4924 = CARTESIAN_POINT('',(-138.864736883,0.,47.2189646531));
#4925 = CARTESIAN_POINT('',(-147.794597133,0.,62.7196160064));
#4926 = CARTESIAN_POINT('',(-156.421834301,0.,78.3763008384));
#4927 = CARTESIAN_POINT('',(-164.792570545,0.,94.1699146351));
#4928 = CARTESIAN_POINT('',(-172.879437871,0.,110.110164448));
#4929 = CARTESIAN_POINT('',(-180.771938056,0.,126.146922042));
#4930 = CARTESIAN_POINT('',(-188.510886071,0.,142.257696831));
#4931 = CARTESIAN_POINT('',(-198.628413566,0.,163.836145753));
#4932 = CARTESIAN_POINT('',(-206.084467092,0.,180.082829885));
#4933 = CARTESIAN_POINT('',(-211.043401408,0.,190.917272932));
#4934 = CARTESIAN_POINT('',(-8.30693279161,0.,-94.9735107463));
#4935 = CARTESIAN_POINT('',(-17.5944456077,-0.336088734449,-87.5269145359));
#4936 = CARTESIAN_POINT('',(-31.0784224779,-0.840589497637,-75.6943005742));
#4937 = CARTESIAN_POINT('',(-47.6050616665,-1.56152218618,-58.3022341604));
#4938 = CARTESIAN_POINT('',(-59.4427658799,-2.14181897687,-44.7064671423));
#4939 = CARTESIAN_POINT('',(-70.7200286999,-2.77268579086,-30.6168124146));
#4940 = CARTESIAN_POINT('',(-81.385360071,-3.46666797789,-16.0493950317));
#4941 = CARTESIAN_POINT('',(-91.6503952063,-4.24126297267,-1.2081121374));
#4942 = CARTESIAN_POINT('',(-101.374728618,-5.09991868613,13.9394165264));
#4943 = CARTESIAN_POINT('',(-110.69865979,-6.06354159302,29.2676632181));
#4944 = CARTESIAN_POINT('',(-119.692795096,-7.11739039618,44.7140624874));
#4945 = CARTESIAN_POINT('',(-128.305906347,-8.2528670508,60.3474568243));
#4946 = CARTESIAN_POINT('',(-136.641379329,-9.4520145575,76.0513676805));
#4947 = CARTESIAN_POINT('',(-144.741715563,-10.7028120133,91.817973336));
#4948 = CARTESIAN_POINT('',(-152.581869175,-11.9969666427,107.662226359));
#4949 = CARTESIAN_POINT('',(-160.243876008,-13.3229077457,123.550536663));
#4950 = CARTESIAN_POINT('',(-167.765132319,-14.673846425,139.46993399));
#4951 = CARTESIAN_POINT('',(-177.609232878,-16.4993426791,160.748342549));
#4952 = CARTESIAN_POINT('',(-184.871275659,-17.8853736907,176.738381828));
#4953 = CARTESIAN_POINT('',(-189.701809888,-18.8093574696,187.401064517));
#4954 = CARTESIAN_POINT('',(13.2062648143,0.,-106.926979641));
#4955 = CARTESIAN_POINT('',(4.69128213313,-0.841900327449,-98.0129700747));
#4956 = CARTESIAN_POINT('',(-7.69446956078,-2.10567012156,-84.8368687726));
#4957 = CARTESIAN_POINT('',(-22.9550553683,-3.91150053104,-65.8932166756));
#4958 = CARTESIAN_POINT('',(-33.9197754956,-5.36498361161,-51.243295925));
#4959 = CARTESIAN_POINT('',(-44.4007787834,-6.94504082494,-36.2102378433));
#4960 = CARTESIAN_POINT('',(-54.3536669759,-8.68307259096,-20.8235770764));
#4961 = CARTESIAN_POINT('',(-63.9615628515,-10.6228747271,-5.2808212238));
#4962 = CARTESIAN_POINT('',(-73.1019509614,-12.7730753434,10.4270223208));
#4963 = CARTESIAN_POINT('',(-81.8966949297,-15.1860033092,26.155654216));
#4964 = CARTESIAN_POINT('',(-90.4064575796,-17.8247616365,41.8521528685));
#4965 = CARTESIAN_POINT('',(-98.5888125514,-20.6678319634,57.5839229187));
#4966 = CARTESIAN_POINT('',(-106.531065251,-23.670266436,73.2577392161));
#4967 = CARTESIAN_POINT('',(-114.270297811,-26.8019779268,88.8826844558));
#4968 = CARTESIAN_POINT('',(-121.784959718,-30.0422101383,104.481585715));
#4969 = CARTESIAN_POINT('',(-129.145862134,-33.362002225,120.045710186));
#4970 = CARTESIAN_POINT('',(-136.385259945,-36.7443619031,135.576399745));
#4971 = CARTESIAN_POINT('',(-145.87885624,-41.3148580885,156.269079535));
#4972 = CARTESIAN_POINT('',(-152.894652526,-44.7850522043,171.772295939));
#4973 = CARTESIAN_POINT('',(-157.562431913,-47.0984225001,182.109442224));
#4974 = CARTESIAN_POINT('',(43.7313746893,0.,-118.979236967));
#4975 = CARTESIAN_POINT('',(36.2323332406,-1.52420349668,-107.946872505));
#4976 = CARTESIAN_POINT('',(25.2935977426,-3.81203380144,-93.3013530079));
#4977 = CARTESIAN_POINT('',(11.7108037836,-7.07296414595,-72.6838581188));
#4978 = CARTESIAN_POINT('',(1.90731648201,-9.69143458939,-56.9190248987));
#4979 = CARTESIAN_POINT('',(-7.50979795876,-12.5305157936,-40.9096678525));
#4980 = CARTESIAN_POINT('',(-16.5051359059,-15.6449419076,-24.7027199585));
#4981 = CARTESIAN_POINT('',(-25.2256120593,-19.111100176,-8.48682595352));
#4982 = CARTESIAN_POINT('',(-33.5715044186,-22.9438769484,7.71806731515));
#4983 = CARTESIAN_POINT('',(-41.6412308543,-27.234567312,23.744753759));
#4984 = CARTESIAN_POINT('',(-49.4828582576,-31.9188300713,39.5525623537));
#4985 = CARTESIAN_POINT('',(-57.0649992275,-36.9593636154,55.2065171782));
#4986 = CARTESIAN_POINT('',(-64.4546954916,-42.2776066908,70.6430366513));
#4987 = CARTESIAN_POINT('',(-71.6821247238,-47.8211643763,85.8921212126));
#4988 = CARTESIAN_POINT('',(-78.7301663587,-53.5538668958,100.986290304));
#4989 = CARTESIAN_POINT('',(-85.6553898544,-59.4252378231,115.947762763));
#4990 = CARTESIAN_POINT('',(-92.4835285657,-65.4056580491,130.79568175));
#4991 = CARTESIAN_POINT('',(-101.460881587,-73.4853287644,150.494142152));
#4992 = CARTESIAN_POINT('',(-108.110592356,-79.6188536947,165.192632386));
#4993 = CARTESIAN_POINT('',(-112.536108235,-83.707700856,174.99207243));
#4994 = CARTESIAN_POINT('',(67.5463884875,0.,-126.733919284));
#4995 = CARTESIAN_POINT('',(60.8455677887,-2.05188003921,-114.145362138));
#4996 = CARTESIAN_POINT('',(51.04821438,-5.13159110352,-98.521725487));
#4997 = CARTESIAN_POINT('',(38.804424403,-9.51167378192,-76.8032340838));
#4998 = CARTESIAN_POINT('',(29.9346653206,-13.0215744247,-60.3144465935));
#4999 = CARTESIAN_POINT('',(21.3805532095,-16.8185221945,-43.6807284779));
#5000 = CARTESIAN_POINT('',(13.1709617561,-20.9737405634,-26.9614705797));
#5001 = CARTESIAN_POINT('',(5.18533892173,-25.5866857065,-10.3383561478));
#5002 = CARTESIAN_POINT('',(-2.49331436012,-30.6765434355,6.1480958564));
#5003 = CARTESIAN_POINT('',(-9.9462884323,-36.3622097149,22.3148358857));
#5004 = CARTESIAN_POINT('',(-17.2125319514,-42.559928942,38.1300760481));
#5005 = CARTESIAN_POINT('',(-24.2684625463,-49.221410228,53.6568772982));
#5006 = CARTESIAN_POINT('',(-31.1666312734,-56.2441692749,68.8530859151));
#5007 = CARTESIAN_POINT('',(-37.9321512703,-63.5600871166,83.7635282007));
#5008 = CARTESIAN_POINT('',(-44.551112561,-71.1221101832,98.4275387467));
#5009 = CARTESIAN_POINT('',(-51.0697364754,-78.8645618558,112.889363868));
#5010 = CARTESIAN_POINT('',(-57.5090207357,-86.7489001519,127.180794697));
#5011 = CARTESIAN_POINT('',(-65.9912150426,-97.398994723,146.077716617));
#5012 = CARTESIAN_POINT('',(-72.2848773891,-105.482562589,160.133121552));
#5013 = CARTESIAN_POINT('',(-76.4743395032,-110.871377279,169.502966968));
#5014 = CARTESIAN_POINT('',(92.164731413,0.,-133.12899259));
#5015 = CARTESIAN_POINT('',(86.3130061121,-2.59678904903,-119.182098199));
#5016 = CARTESIAN_POINT('',(77.7360769706,-6.49410843554,-102.718886894));
#5017 = CARTESIAN_POINT('',(66.9459036003,-12.0218619308,-80.0750108443));
#5018 = CARTESIAN_POINT('',(59.099475984,-16.4399180571,-62.987470387));
#5019 = CARTESIAN_POINT('',(51.5015748748,-21.205463682,-45.8482239057));
#5020 = CARTESIAN_POINT('',(44.1748847469,-26.4047298225,-28.7279105389));
#5021 = CARTESIAN_POINT('',(37.0239568298,-32.1582217835,-11.800952188));
#5022 = CARTESIAN_POINT('',(30.1156790247,-38.4888634984,4.8732045932));
#5023 = CARTESIAN_POINT('',(23.3851569273,-45.5407637325,21.0976058805));
#5024 = CARTESIAN_POINT('',(16.8020443592,-53.2124660465,36.8488562823));
#5025 = CARTESIAN_POINT('',(10.3828448072,-61.4459193659,52.1879309683));
#5026 = CARTESIAN_POINT('',(4.08840556734,-70.1166201907,67.0927505071));
#5027 = CARTESIAN_POINT('',(-2.10150689792,-79.1421952604,81.6217215327));
#5028 = CARTESIAN_POINT('',(-8.17601731684,-88.465697303,95.8203337314));
#5029 = CARTESIAN_POINT('',(-14.1715253024,-98.0076213613,109.753100558));
#5030 = CARTESIAN_POINT('',(-20.1045383585,-107.721304566,123.463426989));
#5031 = CARTESIAN_POINT('',(-27.9338143069,-120.839528608,141.530895462));
#5032 = CARTESIAN_POINT('',(-33.7523160563,-130.794421967,154.925781702));
#5033 = CARTESIAN_POINT('',(-37.6262627788,-137.4307219,163.854471122));
#5034 = CARTESIAN_POINT('',(117.41847226,0.,-138.280638324));
#5035 = CARTESIAN_POINT('',(112.493255389,-3.1634970881,-123.326099911));
#5036 = CARTESIAN_POINT('',(105.256244344,-7.91097192312,-106.162474923));
#5037 = CARTESIAN_POINT('',(96.0904602134,-14.622581947,-82.7728223374));
#5038 = CARTESIAN_POINT('',(89.3999796502,-19.9701205263,-65.2124087703));
#5039 = CARTESIAN_POINT('',(82.8953860441,-25.7181203081,-47.6857817117));
#5040 = CARTESIAN_POINT('',(76.5935993484,-31.9659731015,-30.2730746599));
#5041 = CARTESIAN_POINT('',(70.4227219456,-38.8527160904,-13.141116991));
#5042 = CARTESIAN_POINT('',(64.4342465312,-46.4043114492,3.63373036185));
#5043 = CARTESIAN_POINT('',(58.5787873256,-54.7871025743,19.8430509309));
#5044 = CARTESIAN_POINT('',(52.8339517438,-63.8840762254,35.4712368847));
#5045 = CARTESIAN_POINT('',(47.2101177128,-73.6289225525,50.5769882542));
#5046 = CARTESIAN_POINT('',(41.6801185389,-83.8775113094,65.1566583987));
#5047 = CARTESIAN_POINT('',(36.2283817868,-94.5350488277,79.2806667522));
#5048 = CARTESIAN_POINT('',(30.8629685119,-105.535928277,92.9998447034));
#5049 = CARTESIAN_POINT('',(25.5566467519,-116.78852684,106.396784643));
#5050 = CARTESIAN_POINT('',(20.2970935937,-128.239060619,119.525191769));
#5051 = CARTESIAN_POINT('',(13.3451529914,-143.698518271,136.76835744));
#5052 = CARTESIAN_POINT('',(8.17111121685,-155.427075892,149.510922802));
#5053 = CARTESIAN_POINT('',(4.72561057217,-163.245748561,158.004009138));
#5054 = CARTESIAN_POINT('',(143.399053091,0.,-142.565489638));
#5055 = CARTESIAN_POINT('',(139.491885368,-3.75570253796,-127.088010261));
#5056 = CARTESIAN_POINT('',(133.736141709,-9.39139900633,-109.350209002));
#5057 = CARTESIAN_POINT('',(126.396908815,-17.3290201951,-85.3799203849));
#5058 = CARTESIAN_POINT('',(121.019422963,-23.630723828,-67.4594023968));
#5059 = CARTESIAN_POINT('',(115.770545214,-30.3769491665,-49.6490659454));
#5060 = CARTESIAN_POINT('',(110.661938983,-37.6780457321,-32.0362656578));
#5061 = CARTESIAN_POINT('',(105.64339996,-45.688580097,-14.7798735045));
#5062 = CARTESIAN_POINT('',(100.751887259,-54.436716794,2.02918084716));
#5063 = CARTESIAN_POINT('',(95.9524605391,-64.1074895516,18.1739783033));
#5064 = CARTESIAN_POINT('',(91.2299051186,-74.5708527222,33.6459034291));
#5065 = CARTESIAN_POINT('',(86.5896100235,-85.7541510033,48.501665518));
#5066 = CARTESIAN_POINT('',(82.0147090672,-97.4964013432,62.7535205476));
#5067 = CARTESIAN_POINT('',(77.4940286622,-109.692569724,76.4821748011));
#5068 = CARTESIAN_POINT('',(73.0330792829,-122.269861443,89.7428079381));
#5069 = CARTESIAN_POINT('',(68.6130141191,-135.126573554,102.633462798));
#5070 = CARTESIAN_POINT('',(64.2253292618,-148.202992594,115.216671857));
#5071 = CARTESIAN_POINT('',(58.4170613505,-165.851476191,131.691469539));
#5072 = CARTESIAN_POINT('',(54.0884127785,-179.236576171,143.828966192));
#5073 = CARTESIAN_POINT('',(51.2053909387,-188.159534396,151.917993729));
#5074 = CARTESIAN_POINT('',(168.97033777,0.,-145.748433769));
#5075 = CARTESIAN_POINT('',(166.245935455,-4.38140227769,-130.425288405));
#5076 = CARTESIAN_POINT('',(162.223088278,-10.9553459897,-112.257910822));
#5077 = CARTESIAN_POINT('',(157.061566004,-20.1755928089,-87.9011942334));
#5078 = CARTESIAN_POINT('',(153.266703009,-27.4657961283,-69.752739734));
#5079 = CARTESIAN_POINT('',(149.549321073,-35.2341347309,-51.780497349));
#5080 = CARTESIAN_POINT('',(145.916415137,-43.5993341468,-34.076159343));
#5081 = CARTESIAN_POINT('',(142.337397246,-52.7279713248,-16.7902252546));
#5082 = CARTESIAN_POINT('',(138.835522481,-62.6494331205,-0.0254274861806));
#5083 = CARTESIAN_POINT('',(135.389168078,-73.5632586416,15.9962441885));
#5084 = CARTESIAN_POINT('',(131.989373903,-85.3294598026,31.2724844631));
#5085 = CARTESIAN_POINT('',(128.63805839,-97.8707981013,45.8566652528));
#5086 = CARTESIAN_POINT('',(125.326491189,-111.013000843,59.7758836863));
#5087 = CARTESIAN_POINT('',(122.047644327,-124.643380287,73.1186198598));
#5088 = CARTESIAN_POINT('',(118.804788201,-138.683681086,85.9433413575));
#5089 = CARTESIAN_POINT('',(115.586563899,-153.024519306,98.3605402369));
#5090 = CARTESIAN_POINT('',(112.387864368,-167.601653382,110.439474348));
#5091 = CARTESIAN_POINT('',(108.148159328,-187.267264392,126.210502853));
#5092 = CARTESIAN_POINT('',(104.984933436,-202.176493039,137.797081026));
#5093 = CARTESIAN_POINT('',(102.877823319,-212.115453546,145.518430672));
#5094 = CARTESIAN_POINT('',(199.707269518,0.,-148.697946937));
#5095 = CARTESIAN_POINT('',(198.178262478,-5.05321793037,-134.247909425));
#5096 = CARTESIAN_POINT('',(195.911817851,-12.6343413201,-115.754807613));
#5097 = CARTESIAN_POINT('',(192.974513905,-23.2185264565,-91.1548955922));
#5098 = CARTESIAN_POINT('',(190.803079116,-31.5496916137,-72.8720593754));
#5099 = CARTESIAN_POINT('',(188.663897637,-40.3816428307,-54.8211373767));
#5100 = CARTESIAN_POINT('',(186.5598474,-49.8387705816,-37.09505045));
#5101 = CARTESIAN_POINT('',(184.47783098,-60.0959898243,-19.8352801187));
#5102 = CARTESIAN_POINT('',(182.428582751,-71.1828137896,-3.15366181909));
#5103 = CARTESIAN_POINT('',(180.402491338,-83.3090548186,12.726750341));
#5104 = CARTESIAN_POINT('',(178.39604654,-96.3274874755,27.8083460346));
#5105 = CARTESIAN_POINT('',(176.408631187,-110.160157261,42.1465168359));
#5106 = CARTESIAN_POINT('',(174.438136185,-124.621895524,55.7745136642));
#5107 = CARTESIAN_POINT('',(172.4813201,-139.594971605,68.7879860073));
#5108 = CARTESIAN_POINT('',(170.539491616,-154.997477545,81.2471474739));
#5109 = CARTESIAN_POINT('',(168.607917535,-170.714825248,93.2715583439));
#5110 = CARTESIAN_POINT('',(166.684489195,-186.679695822,104.93653794));
#5111 = CARTESIAN_POINT('',(164.130352871,-208.206620245,120.127133753));
#5112 = CARTESIAN_POINT('',(162.221591839,-224.519508175,131.263229809));
#5113 = CARTESIAN_POINT('',(160.94985276,-235.394148677,138.683217236));
#5114 = CARTESIAN_POINT('',(215.007331533,0.,-150.114027379));
#5115 = CARTESIAN_POINT('',(215.806569172,-5.87890362888,-138.183447295));
#5116 = CARTESIAN_POINT('',(216.997570867,-14.697566536,-119.534888389));
#5117 = CARTESIAN_POINT('',(218.562205803,-26.9387240978,-94.9646709826));
#5118 = CARTESIAN_POINT('',(219.727328576,-36.5194109939,-76.7337216524));
#5119 = CARTESIAN_POINT('',(220.883701196,-46.6090412659,-58.7812303876));
#5120 = CARTESIAN_POINT('',(222.030575872,-57.3341080444,-41.1958573822));
#5121 = CARTESIAN_POINT('',(223.171860661,-68.8730506159,-24.1083746874));
#5122 = CARTESIAN_POINT('',(224.303617462,-81.253989449,-7.63606284468));
#5123 = CARTESIAN_POINT('',(225.429047978,-94.6908974021,8.00175901283));
#5124 = CARTESIAN_POINT('',(226.548890676,-109.035312898,22.8148342943));
#5125 = CARTESIAN_POINT('',(227.664691165,-124.204784475,36.8360476754));
#5126 = CARTESIAN_POINT('',(228.775537002,-140.012128244,50.1292475513));
#5127 = CARTESIAN_POINT('',(229.882615063,-156.338619317,62.7873175166));
#5128 = CARTESIAN_POINT('',(230.985621602,-173.101126481,74.8721069042));
#5129 = CARTESIAN_POINT('',(232.08584537,-190.183323465,86.5093633206));
#5130 = CARTESIAN_POINT('',(233.183841627,-207.516818166,97.7726212147));
#5131 = CARTESIAN_POINT('',(234.645070767,-230.872400305,112.437516078));
#5132 = CARTESIAN_POINT('',(235.739184646,-248.559454958,123.164956044));
#5133 = CARTESIAN_POINT('',(236.468329364,-260.35008733,130.314922525));
#5134 = CARTESIAN_POINT('',(329.828346424,0.,-156.149066326));
#5135 = CARTESIAN_POINT('',(328.703254051,-6.4830720211,-145.850159416));
#5136 = CARTESIAN_POINT('',(326.994753484,-16.2070022081,-127.043500648));
#5137 = CARTESIAN_POINT('',(324.643811291,-29.6448547081,-102.389484064));
#5138 = CARTESIAN_POINT('',(322.851103469,-40.1155551742,-84.1015441402));
#5139 = CARTESIAN_POINT('',(321.029582394,-51.0851761482,-66.1075353239));
#5140 = CARTESIAN_POINT('',(319.176463401,-62.6777369677,-48.4907497313));
#5141 = CARTESIAN_POINT('',(317.301147972,-75.0690142601,-31.3727974533));
#5142 = CARTESIAN_POINT('',(315.400694431,-88.2840066168,-14.8725601759));
#5143 = CARTESIAN_POINT('',(313.479838799,-102.53599912,0.803617428291));
#5144 = CARTESIAN_POINT('',(311.543102481,-117.670097424,15.6514136403));
#5145 = CARTESIAN_POINT('',(309.582106474,-133.641386168,29.8156174056));
#5146 = CARTESIAN_POINT('',(307.608355077,-150.241630088,43.2338575758));
#5147 = CARTESIAN_POINT('',(305.62275151,-167.353122253,56.0317164619));
#5148 = CARTESIAN_POINT('',(303.623794285,-184.89436034,68.2624136201));
#5149 = CARTESIAN_POINT('',(301.615681591,-202.750626557,80.0462105679));
#5150 = CARTESIAN_POINT('',(299.600406104,-220.854515845,91.4815765803));
#5151 = CARTESIAN_POINT('',(296.903628841,-245.233855936,106.252736423));
#5152 = CARTESIAN_POINT('',(294.874623263,-263.686340033,117.096961803));
#5153 = CARTESIAN_POINT('',(293.521630106,-275.98716924,124.308990946));
#5154 = CARTESIAN_POINT('',(415.094133322,0.,-159.255040079));
#5155 = CARTESIAN_POINT('',(413.829117764,-7.29941401932,-150.512744934));
#5156 = CARTESIAN_POINT('',(411.895201936,-18.2463132074,-132.012469615));
#5157 = CARTESIAN_POINT('',(409.191742357,-33.2883509237,-107.866325873));
#5158 = CARTESIAN_POINT('',(407.114255886,-44.9419221382,-89.9599437527));
#5159 = CARTESIAN_POINT('',(404.987703574,-57.0679048392,-72.3525356924));
#5160 = CARTESIAN_POINT('',(402.807399273,-69.7836899564,-55.1200278922));
#5161 = CARTESIAN_POINT('',(400.589953407,-83.2573200296,-38.3700662313));
#5162 = CARTESIAN_POINT('',(398.328619576,-97.5074375147,-22.2217537986));
#5163 = CARTESIAN_POINT('',(396.032468761,-112.744984537,-6.85315362506));
#5164 = CARTESIAN_POINT('',(393.708838374,-128.795870746,7.68625753814));
#5165 = CARTESIAN_POINT('',(391.34579335,-145.721428586,21.8711383407));
#5166 = CARTESIAN_POINT('',(388.960410548,-163.254336871,35.264061596));
#5167 = CARTESIAN_POINT('',(386.554748685,-181.278407129,48.0851954261));
#5168 = CARTESIAN_POINT('',(384.126337743,-199.716317952,60.3632497142));
#5169 = CARTESIAN_POINT('',(381.682334663,-218.457396872,72.1998753153));
#5170 = CARTESIAN_POINT('',(379.226104302,-237.436789818,83.7658179018));
#5171 = CARTESIAN_POINT('',(375.934648854,-262.974613083,98.3531664822));
#5172 = CARTESIAN_POINT('',(373.455201512,-282.289795783,109.170826151));
#5173 = CARTESIAN_POINT('',(371.801591974,-295.165635767,116.319092014));
#5174 = CARTESIAN_POINT('',(512.227322416,0.,-162.221719907));
#5175 = CARTESIAN_POINT('',(510.5163901,-8.13319087055,-154.571673928));
#5176 = CARTESIAN_POINT('',(507.905153604,-20.3289370056,-136.639673205));
#5177 = CARTESIAN_POINT('',(504.269103041,-36.9949030142,-113.288430657));
#5178 = CARTESIAN_POINT('',(501.480251934,-49.8342103096,-95.9672063776));
#5179 = CARTESIAN_POINT('',(498.630686959,-63.1041047468,-78.9321633446));
#5180 = CARTESIAN_POINT('',(495.714597004,-76.9115026095,-62.2506180354));
#5181 = CARTESIAN_POINT('',(492.752401355,-91.4117271827,-46.0146352029));
#5182 = CARTESIAN_POINT('',(489.736140629,-106.614935415,-30.3410023703));
#5183 = CARTESIAN_POINT('',(486.676814164,-122.726436306,-15.3693753525));
#5184 = CARTESIAN_POINT('',(483.583582232,-139.546680452,-1.21452186532));
#5185 = CARTESIAN_POINT('',(480.441154432,-157.285981121,13.0623656255));
#5186 = CARTESIAN_POINT('',(477.271223921,-175.596763524,26.4937442599));
#5187 = CARTESIAN_POINT('',(474.076221684,-194.365840535,39.4310802237));
#5188 = CARTESIAN_POINT('',(470.853071899,-213.522480485,51.8683581266));
#5189 = CARTESIAN_POINT('',(467.610628773,-232.962741094,63.8785883721));
#5190 = CARTESIAN_POINT('',(464.35306233,-252.62598086,75.7327089785));
#5191 = CARTESIAN_POINT('',(459.989221469,-279.060911382,90.2076644471));
#5192 = CARTESIAN_POINT('',(456.702889772,-299.038695092,101.101431259));
#5193 = CARTESIAN_POINT('',(454.511225546,-312.356142976,108.235911026));
#5194 = CARTESIAN_POINT('',(605.431518021,0.,-164.12098319));
#5195 = CARTESIAN_POINT('',(603.58847153,-8.99542824548,-157.220205772));
#5196 = CARTESIAN_POINT('',(600.774666861,-22.4824982154,-140.098450528));
#5197 = CARTESIAN_POINT('',(596.85350388,-40.8186820468,-117.819955786));
#5198 = CARTESIAN_POINT('',(593.844837249,-54.8700962014,-101.284851265));
#5199 = CARTESIAN_POINT('',(590.769564217,-69.2995552477,-85.010940458));
#5200 = CARTESIAN_POINT('',(587.621312592,-84.2008216757,-69.0561493321));
#5201 = CARTESIAN_POINT('',(584.422514758,-99.7129879182,-53.4957660275));
#5202 = CARTESIAN_POINT('',(581.164348268,-115.836337905,-38.4421803219));
#5203 = CARTESIAN_POINT('',(577.858932448,-132.767726345,-23.9904938131));
#5204 = CARTESIAN_POINT('',(574.516297737,-150.279784922,-10.3312061832));
#5205 = CARTESIAN_POINT('',(571.119791406,-168.754202286,4.00683367545));
#5206 = CARTESIAN_POINT('',(567.693080956,-187.753257899,17.4465165115));
#5207 = CARTESIAN_POINT('',(564.238860452,-207.168245991,30.4886867371));
#5208 = CARTESIAN_POINT('',(560.753760082,-226.936734833,43.0870728876));
#5209 = CARTESIAN_POINT('',(557.247493801,-246.963547806,55.2801107089));
#5210 = CARTESIAN_POINT('',(553.724634868,-267.193492174,67.4526531549));
#5211 = CARTESIAN_POINT('',(549.005094685,-294.364977087,81.7872481205));
#5212 = CARTESIAN_POINT('',(545.450687256,-314.881905818,92.7628151856));
#5213 = CARTESIAN_POINT('',(543.080225565,-328.558651743,99.8779308122));
#5214 = CARTESIAN_POINT('',(698.538067992,0.,-165.28357171));
#5215 = CARTESIAN_POINT('',(696.67356375,-9.85750035372,-158.820221616));
#5216 = CARTESIAN_POINT('',(693.82729309,-24.6355283513,-142.670587043));
#5217 = CARTESIAN_POINT('',(689.861843945,-44.6344721701,-121.643128164));
#5218 = CARTESIAN_POINT('',(686.819553243,-59.8867508234,-106.021951958));
#5219 = CARTESIAN_POINT('',(683.71025933,-75.4572856184,-90.6273936036));
#5220 = CARTESIAN_POINT('',(680.527551154,-91.424892269,-75.5075995501));
#5221 = CARTESIAN_POINT('',(677.29398507,-107.909969149,-60.720822927));
#5222 = CARTESIAN_POINT('',(674.000714034,-124.902310255,-46.3730436737));
#5223 = CARTESIAN_POINT('',(670.659913377,-142.587375106,-32.5126915739));
#5224 = CARTESIAN_POINT('',(667.281679122,-160.712137853,-19.4065872813));
#5225 = CARTESIAN_POINT('',(663.849221771,-179.830783177,-5.05223774522));
#5226 = CARTESIAN_POINT('',(660.386390285,-199.418018768,8.36290852905));
#5227 = CARTESIAN_POINT('',(656.895886402,-219.371396895,21.4872409657));
#5228 = CARTESIAN_POINT('',(653.374318834,-239.637980979,34.2335146549));
#5229 = CARTESIAN_POINT('',(649.831459281,-260.133024387,46.6034097121));
#5230 = CARTESIAN_POINT('',(646.271908704,-280.807756537,59.094178429));
#5231 = CARTESIAN_POINT('',(641.503311139,-308.549763664,73.2953718385));
#5232 = CARTESIAN_POINT('',(637.912021477,-329.478889083,84.3620165754));
#5233 = CARTESIAN_POINT('',(635.516968057,-343.430299067,91.4641688994));
#5234 = CARTESIAN_POINT('',(790.644798447,0.,-165.70841471));
#5235 = CARTESIAN_POINT('',(788.891773802,-10.7080950835,-159.43929507));
#5236 = CARTESIAN_POINT('',(786.215652639,-26.7598212863,-144.362974769));
#5237 = CARTESIAN_POINT('',(782.487158345,-48.394999363,-124.694749119));
#5238 = CARTESIAN_POINT('',(779.626622451,-64.8253871976,-110.065016268));
#5239 = CARTESIAN_POINT('',(776.703050352,-81.5105721901,-95.6212210922));
#5240 = CARTESIAN_POINT('',(773.710410664,-98.5135429674,-81.4016960767));
#5241 = CARTESIAN_POINT('',(770.669925269,-115.934646029,-67.4480847763));
#5242 = CARTESIAN_POINT('',(767.573268019,-133.753282248,-53.8581324142));
#5243 = CARTESIAN_POINT('',(764.431895071,-152.140598005,-40.6352708604));
#5244 = CARTESIAN_POINT('',(761.255304096,-170.824279167,-28.1137616903));
#5245 = CARTESIAN_POINT('',(758.027703543,-190.511912976,-13.826612916));
#5246 = CARTESIAN_POINT('',(754.771526161,-210.604903373,-0.497393453652));
#5247 = CARTESIAN_POINT('',(751.489314599,-231.00906447,12.6491535512));
#5248 = CARTESIAN_POINT('',(748.177878498,-251.68161689,25.4886837363));
#5249 = CARTESIAN_POINT('',(744.846411028,-272.549492253,37.9876474809));
#5250 = CARTESIAN_POINT('',(741.499240697,-293.57102786,50.7397740827));
#5251 = CARTESIAN_POINT('',(737.015150901,-321.750413266,64.8103793598));
#5252 = CARTESIAN_POINT('',(733.63812091,-342.990134306,75.9525467985));
#5253 = CARTESIAN_POINT('',(731.385958047,-357.148474186,83.0406889064));
#5254 = CARTESIAN_POINT('',(882.144087196,0.,-165.485147523));
#5255 = CARTESIAN_POINT('',(880.596152021,-11.5311911303,-159.22549211));
#5256 = CARTESIAN_POINT('',(878.233162884,-28.815403756,-145.257784865));
#5257 = CARTESIAN_POINT('',(874.941094242,-52.0317855141,-126.978964379));
#5258 = CARTESIAN_POINT('',(872.415446242,-69.59890832,-113.361735634));
#5259 = CARTESIAN_POINT('',(869.834198418,-87.3572426707,-99.8869018393));
#5260 = CARTESIAN_POINT('',(867.192030762,-105.353972531,-86.5833082821));
#5261 = CARTESIAN_POINT('',(864.507660029,-123.669124208,-73.4771765559));
#5262 = CARTESIAN_POINT('',(861.773746879,-142.272529597,-60.6563082695));
#5263 = CARTESIAN_POINT('',(859.00039334,-161.31809117,-48.0846857108));
#5264 = CARTESIAN_POINT('',(856.195977595,-180.524851802,-36.145589634));
#5265 = CARTESIAN_POINT('',(853.346564874,-200.714275011,-22.0409515368));
#5266 = CARTESIAN_POINT('',(850.471948158,-221.240589436,-8.88044344187));
#5267 = CARTESIAN_POINT('',(847.574368766,-242.020118156,4.19829645022));
#5268 = CARTESIAN_POINT('',(844.65101248,-263.020373409,17.0423395657));
#5269 = CARTESIAN_POINT('',(841.709987929,-284.180809176,29.5881398908));
#5270 = CARTESIAN_POINT('',(838.755113062,-305.467275437,42.4954009748));
#5271 = CARTESIAN_POINT('',(834.796584089,-333.97333088,56.4446984865));
#5272 = CARTESIAN_POINT('',(831.815371674,-355.439537132,67.6297911928));
#5273 = CARTESIAN_POINT('',(829.827182946,-369.748735498,74.7007206924));
#5274 = CARTESIAN_POINT('',(973.082578327,0.,-164.67946362));
#5275 = CARTESIAN_POINT('',(971.810502707,-12.3119747129,-158.305864702));
#5276 = CARTESIAN_POINT('',(969.868653977,-30.7653202858,-145.417073249));
#5277 = CARTESIAN_POINT('',(967.163404104,-55.4818138657,-128.481322905));
#5278 = CARTESIAN_POINT('',(965.087993829,-74.1275376698,-115.84241465));
#5279 = CARTESIAN_POINT('',(962.96692964,-92.9043356656,-103.302821776));
#5280 = CARTESIAN_POINT('',(960.795843102,-111.844527019,-90.8826021406));
#5281 = CARTESIAN_POINT('',(958.590101884,-131.008646869,-78.5944503));
#5282 = CARTESIAN_POINT('',(956.343682316,-150.358514431,-66.5147992353));
#5283 = CARTESIAN_POINT('',(954.064877724,-170.027842814,-54.5775210171));
#5284 = CARTESIAN_POINT('',(951.76056815,-189.742007437,-43.1868346126));
#5285 = CARTESIAN_POINT('',(949.419307799,-210.37614611,-29.4141841116));
#5286 = CARTESIAN_POINT('',(947.057353024,-231.27544366,-16.5288618708));
#5287 = CARTESIAN_POINT('',(944.67654338,-252.369228932,-3.640409957));
#5288 = CARTESIAN_POINT('',(942.274567925,-273.634907842,9.08285054182));
#5289 = CARTESIAN_POINT('',(939.858084774,-295.024893889,21.5563702785));
#5290 = CARTESIAN_POINT('',(937.430228953,-316.51267136,34.4605646769));
#5291 = CARTESIAN_POINT('',(934.177736243,-345.25998749,48.3016872509));
#5292 = CARTESIAN_POINT('',(931.728253973,-366.888211768,59.4778369149));
#5293 = CARTESIAN_POINT('',(930.094679845,-381.305294825,66.5248226737));
#5294 = CARTESIAN_POINT('',(1063.57450189,0.,-163.358236941));
#5295 = CARTESIAN_POINT('',(1062.62281675,-13.0355721331,-156.807582291));
#5296 = CARTESIAN_POINT('',(1061.17006179,-32.5724638563,-144.904742494));
#5297 = CARTESIAN_POINT('',(1059.14622056,-58.6817069214,-129.191267605));
#5298 = CARTESIAN_POINT('',(1057.59358627,-78.3309085244,-117.442720122));
#5299 = CARTESIAN_POINT('',(1056.00681126,-98.0579840823,-105.754114129));
#5300 = CARTESIAN_POINT('',(1054.38262871,-117.882197904,-94.1377391547));
#5301 = CARTESIAN_POINT('',(1052.73253042,-137.84650706,-82.5955066203));
#5302 = CARTESIAN_POINT('',(1051.0520129,-157.906974313,-71.190737695));
#5303 = CARTESIAN_POINT('',(1049.34727739,-178.174208111,-59.8405808693));
#5304 = CARTESIAN_POINT('',(1047.62346912,-198.398939363,-48.9329877645));
#5305 = CARTESIAN_POINT('',(1045.87202728,-219.430276711,-35.6736389968));
#5306 = CARTESIAN_POINT('',(1044.10511022,-240.653766375,-23.1919096215));
#5307 = CARTESIAN_POINT('',(1042.32409324,-262.014447139,-10.6466293905));
#5308 = CARTESIAN_POINT('',(1040.52724814,-283.498700677,1.79616970993));
#5309 = CARTESIAN_POINT('',(1038.71955395,-305.071928278,14.0434822504));
#5310 = CARTESIAN_POINT('',(1036.90335512,-326.715088523,26.7372937244));
#5311 = CARTESIAN_POINT('',(1034.47027643,-355.642802525,40.4867094736));
#5312 = CARTESIAN_POINT('',(1032.6379049,-377.387654881,51.5836094243));
#5313 = CARTESIAN_POINT('',(1031.41588576,-391.882369167,58.5964051736));
#5314 = CARTESIAN_POINT('',(1153.81003056,0.,-161.597050439));
#5315 = CARTESIAN_POINT('',(1153.19412819,-13.686138549,-154.868327176));
#5316 = CARTESIAN_POINT('',(1152.25401526,-34.1973076732,-143.787892223));
#5317 = CARTESIAN_POINT('',(1150.94455655,-61.5640569169,-129.092408478));
#5318 = CARTESIAN_POINT('',(1149.94005771,-82.1236821105,-118.085913161));
#5319 = CARTESIAN_POINT('',(1148.91355029,-102.718722733,-107.107185522));
#5320 = CARTESIAN_POINT('',(1147.86292813,-123.358243803,-96.1622884069));
#5321 = CARTESIAN_POINT('',(1146.79559715,-144.070667574,-85.2454315908));
#5322 = CARTESIAN_POINT('',(1145.70866059,-164.809381219,-74.4070042239));
#5323 = CARTESIAN_POINT('',(1144.60611235,-185.65882573,-63.5639262391));
#5324 = CARTESIAN_POINT('',(1143.49127059,-206.419239015,-53.0395218988));
#5325 = CARTESIAN_POINT('',(1142.35860803,-227.810023045,-40.5141668472));
#5326 = CARTESIAN_POINT('',(1141.21597174,-249.320549931,-28.5916832566));
#5327 = CARTESIAN_POINT('',(1140.06424639,-270.914643107,-16.5792882215));
#5328 = CARTESIAN_POINT('',(1138.90231758,-292.586176903,-4.6178382121));
#5329 = CARTESIAN_POINT('',(1137.73339499,-314.313170029,7.20807990602));
#5330 = CARTESIAN_POINT('',(1136.55899004,-336.083609619,19.4256455529));
#5331 = CARTESIAN_POINT('',(1134.9857157,-365.155587384,33.1071023324));
#5332 = CARTESIAN_POINT('',(1133.80088453,-386.990893951,44.0343319864));
#5333 = CARTESIAN_POINT('',(1133.01071499,-401.545798921,51.0001210091));
#5334 = CARTESIAN_POINT('',(1243.5583434,0.,-159.474201675));
#5335 = CARTESIAN_POINT('',(1243.2780515,-14.2512462252,-152.621278856));
#5336 = CARTESIAN_POINT('',(1242.85006259,-35.6088383887,-142.154032726));
#5337 = CARTESIAN_POINT('',(1242.25343453,-64.0756000038,-128.219417279));
#5338 = CARTESIAN_POINT('',(1241.79557134,-85.4379201933,-117.768590688));
#5339 = CARTESIAN_POINT('',(1241.32749693,-106.806599574,-107.323154622));
#5340 = CARTESIAN_POINT('',(1240.84823459,-128.183759187,-96.8842569552));
#5341 = CARTESIAN_POINT('',(1240.36122546,-149.587299889,-86.4437249844));
#5342 = CARTESIAN_POINT('',(1239.86511094,-170.971373339,-76.0328003296));
#5343 = CARTESIAN_POINT('',(1239.36175253,-192.391732977,-65.591247743));
#5344 = CARTESIAN_POINT('',(1238.85268668,-213.723308541,-55.3259123824));
#5345 = CARTESIAN_POINT('',(1238.33536854,-235.445015875,-43.7640894712));
#5346 = CARTESIAN_POINT('',(1237.81341775,-257.217046617,-32.5617476018));
#5347 = CARTESIAN_POINT('',(1237.28724915,-279.024825884,-21.2826301414));
#5348 = CARTESIAN_POINT('',(1236.75634642,-300.867834741,-10.0170344745));
#5349 = CARTESIAN_POINT('',(1236.22219881,-322.735890275,1.17717268876));
#5350 = CARTESIAN_POINT('',(1235.68550732,-344.623285427,12.6314253128));
#5351 = CARTESIAN_POINT('',(1234.96648576,-373.828071631,26.2633431161));
#5352 = CARTESIAN_POINT('',(1234.42495825,-395.746845403,36.9183756109));
#5353 = CARTESIAN_POINT('',(1234.06380823,-410.357293897,43.819326132));
#5354 = CARTESIAN_POINT('',(1333.89259783,0.,-157.033595266));
#5355 = CARTESIAN_POINT('',(1333.88105784,-14.7045605011,-150.192847438));
#5356 = CARTESIAN_POINT('',(1333.86399075,-36.741385756,-139.992739911));
#5357 = CARTESIAN_POINT('',(1333.84200134,-66.1050731204,-126.396992756));
#5358 = CARTESIAN_POINT('',(1333.82579726,-88.1337639726,-116.195995566));
#5359 = CARTESIAN_POINT('',(1333.80988637,-110.160067978,-105.993734475));
#5360 = CARTESIAN_POINT('',(1333.79429502,-132.185209113,-95.7903140878));
#5361 = CARTESIAN_POINT('',(1333.77890634,-154.222151995,-85.5756968294));
#5362 = CARTESIAN_POINT('',(1333.7638116,-176.231315604,-75.3801946879));
#5363 = CARTESIAN_POINT('',(1333.7489271,-198.235324939,-65.1830782726));
#5364 = CARTESIAN_POINT('',(1333.7342196,-220.224846216,-54.9915867983));
#5365 = CARTESIAN_POINT('',(1333.71969195,-242.259194462,-44.7425343056));
#5366 = CARTESIAN_POINT('',(1333.70531588,-264.27807447,-34.5067560643));
#5367 = CARTESIAN_POINT('',(1333.6910638,-286.293324143,-24.2673916144));
#5368 = CARTESIAN_POINT('',(1333.67694792,-308.307135692,-14.0265382289));
#5369 = CARTESIAN_POINT('',(1333.66292525,-330.320013752,-3.78504540022));
#5370 = CARTESIAN_POINT('',(1333.64897652,-352.331511441,6.46131674247));
#5371 = CARTESIAN_POINT('',(1333.63047346,-381.681930423,20.1013284972));
#5372 = CARTESIAN_POINT('',(1333.61665865,-403.696077634,30.3395285024));
#5373 = CARTESIAN_POINT('',(1333.60745542,-418.370020592,37.1610262007));
#5374 = CARTESIAN_POINT('',(1421.20868044,0.,-154.454961334));
#5375 = CARTESIAN_POINT('',(1421.52141391,-15.0732424171,-147.741000429));
#5376 = CARTESIAN_POINT('',(1421.99677513,-37.662604336,-137.665382681));
#5377 = CARTESIAN_POINT('',(1422.65239746,-67.7647640622,-124.239652884));
#5378 = CARTESIAN_POINT('',(1423.15291183,-90.3491419224,-114.166807775));
#5379 = CARTESIAN_POINT('',(1423.66203075,-112.933665694,-104.095197884));
#5380 = CARTESIAN_POINT('',(1424.18058379,-135.51862656,-94.0200226566));
#5381 = CARTESIAN_POINT('',(1424.70574192,-158.116898656,-83.9508802668));
#5382 = CARTESIAN_POINT('',(1425.23844568,-180.696401853,-73.8465055405));
#5383 = CARTESIAN_POINT('',(1425.7772448,-203.249331734,-63.7832859769));
#5384 = CARTESIAN_POINT('',(1426.32080199,-225.884091073,-53.5574738199));
#5385 = CARTESIAN_POINT('',(1426.8715361,-248.219951131,-44.6790580706));
#5386 = CARTESIAN_POINT('',(1427.4261014,-270.485092594,-35.4441006641));
#5387 = CARTESIAN_POINT('',(1427.98420956,-292.71627038,-26.3029731316));
#5388 = CARTESIAN_POINT('',(1428.54630588,-314.916761846,-17.1559907536));
#5389 = CARTESIAN_POINT('',(1429.11113635,-337.095816357,-7.94388414755));
#5390 = CARTESIAN_POINT('',(1429.67810691,-359.257072749,0.99869496741));
#5391 = CARTESIAN_POINT('',(1430.43697339,-388.791480029,14.5799887135));
#5392 = CARTESIAN_POINT('',(1431.00803833,-410.932657774,24.326996935));
#5393 = CARTESIAN_POINT('',(1431.38884808,-425.691213912,31.0279182291));
#5394 = CARTESIAN_POINT('',(1509.31147345,0.,-151.710783184));
#5395 = CARTESIAN_POINT('',(1509.85685193,-15.3993330126,-145.153203039));
#5396 = CARTESIAN_POINT('',(1510.68573357,-38.477282222,-135.328512331));
#5397 = CARTESIAN_POINT('',(1511.82859198,-69.2301397822,-122.234513656));
#5398 = CARTESIAN_POINT('',(1512.7009427,-92.3018601649,-112.408426805));
#5399 = CARTESIAN_POINT('',(1513.58816401,-115.37456723,-102.584985469));
#5400 = CARTESIAN_POINT('',(1514.49169008,-138.441611006,-92.744537282));
#5401 = CARTESIAN_POINT('',(1515.4066362,-161.51816896,-82.9506239559));
#5402 = CARTESIAN_POINT('',(1516.33461474,-184.576094625,-72.9585695315));
#5403 = CARTESIAN_POINT('',(1517.27312689,-207.586609372,-63.017453416));
#5404 = CARTESIAN_POINT('',(1518.21985876,-230.735990763,-52.7807415299));
#5405 = CARTESIAN_POINT('',(1519.1790083,-253.356649847,-45.0085340858));
#5406 = CARTESIAN_POINT('',(1520.14477436,-275.866200308,-36.5809931073));
#5407 = CARTESIAN_POINT('',(1521.11666257,-298.318564577,-28.3227068663));
#5408 = CARTESIAN_POINT('',(1522.09544315,-320.718284105,-20.0494448706));
#5409 = CARTESIAN_POINT('',(1523.07894895,-343.081083654,-11.6680342991));
#5410 = CARTESIAN_POINT('',(1524.06615312,-365.413712241,-3.73379565523));
#5411 = CARTESIAN_POINT('',(1525.3874479,-395.164790856,9.60309801342));
#5412 = CARTESIAN_POINT('',(1526.38172932,-417.460214051,18.8754777));
#5413 = CARTESIAN_POINT('',(1527.04475533,-432.321538806,25.3953132018));
#5414 = CARTESIAN_POINT('',(1597.35760824,0.,-148.877117861));
#5415 = CARTESIAN_POINT('',(1598.08460549,-15.676709587,-142.516999938));
#5416 = CARTESIAN_POINT('',(1599.18911769,-39.1702086198,-132.982701713));
#5417 = CARTESIAN_POINT('',(1600.71071019,-70.4772423939,-120.27390709));
#5418 = CARTESIAN_POINT('',(1601.87166011,-93.9642901118,-110.734349575));
#5419 = CARTESIAN_POINT('',(1603.05191888,-117.454585559,-101.200126979));
#5420 = CARTESIAN_POINT('',(1604.25335029,-140.931522384,-91.6310745511));
#5421 = CARTESIAN_POINT('',(1605.46962918,-164.414824882,-82.1658276802));
#5422 = CARTESIAN_POINT('',(1606.70279884,-187.878421397,-72.2774039459));
#5423 = CARTESIAN_POINT('',(1607.94964379,-211.27913274,-62.4341908827));
#5424 = CARTESIAN_POINT('',(1609.20714909,-234.856668072,-52.1873794963));
#5425 = CARTESIAN_POINT('',(1610.48083311,-257.747337186,-45.3557191565));
#5426 = CARTESIAN_POINT('',(1611.76309056,-280.498443266,-37.61558084));
#5427 = CARTESIAN_POINT('',(1613.05329459,-303.175851446,-30.1102284894));
#5428 = CARTESIAN_POINT('',(1614.35244778,-325.785072865,-22.5807867542));
#5429 = CARTESIAN_POINT('',(1615.65773646,-348.3464019,-14.9151910064));
#5430 = CARTESIAN_POINT('',(1616.96782644,-370.868793771,-7.81856924587));
#5431 = CARTESIAN_POINT('',(1618.72113785,-400.864520311,5.15420096748));
#5432 = CARTESIAN_POINT('',(1620.04042209,-423.337585017,13.9537158888));
#5433 = CARTESIAN_POINT('',(1620.92016515,-438.317287019,20.2509731639));
#5434 = CARTESIAN_POINT('',(1685.6672674,0.,-145.94309871));
#5435 = CARTESIAN_POINT('',(1686.51985022,-15.9119080998,-139.809912486));
#5436 = CARTESIAN_POINT('',(1687.8147497,-39.757710949,-130.615752308));
#5437 = CARTESIAN_POINT('',(1689.59727357,-71.5345182837,-118.357589626));
#5438 = CARTESIAN_POINT('',(1690.95680167,-95.3732841422,-109.153009164));
#5439 = CARTESIAN_POINT('',(1692.33844279,-119.21786079,-99.9567845926));
#5440 = CARTESIAN_POINT('',(1693.74433311,-143.03927599,-90.7040840127));
#5441 = CARTESIAN_POINT('',(1695.16724733,-166.863302569,-81.6236480177));
#5442 = CARTESIAN_POINT('',(1696.6094721,-190.664069926,-71.8494946639));
#5443 = CARTESIAN_POINT('',(1698.06735591,-214.390251164,-62.0997775414));
#5444 = CARTESIAN_POINT('',(1699.53743481,-238.310787563,-51.8646239943));
#5445 = CARTESIAN_POINT('',(1701.02610033,-261.45672856,-45.7985618172));
#5446 = CARTESIAN_POINT('',(1702.52456542,-284.445607205,-38.6227864329));
#5447 = CARTESIAN_POINT('',(1704.03212818,-307.350201502,-31.7341678015));
#5448 = CARTESIAN_POINT('',(1705.54993949,-330.176824467,-24.8117926791));
#5449 = CARTESIAN_POINT('',(1707.07477728,-352.94861045,-17.7392527331));
#5450 = CARTESIAN_POINT('',(1708.60511272,-375.675919454,-11.301028366));
#5451 = CARTESIAN_POINT('',(1710.65303572,-405.939587834,1.20029328953));
#5452 = CARTESIAN_POINT('',(1712.19390572,-428.609922678,9.53843062505));
#5453 = CARTESIAN_POINT('',(1713.22140169,-443.721097802,15.5781483246));
#5454 = CARTESIAN_POINT('',(1774.16685829,0.,-142.916861425));
#5455 = CARTESIAN_POINT('',(1775.09625031,-16.1077867373,-137.034712735));
#5456 = CARTESIAN_POINT('',(1776.50731866,-40.2469513411,-128.215182675));
#5457 = CARTESIAN_POINT('',(1778.44815837,-72.4150719444,-116.453496967));
#5458 = CARTESIAN_POINT('',(1779.9278309,-96.5466656484,-107.618062208));
#5459 = CARTESIAN_POINT('',(1781.43097895,-120.686936471,-98.7942653506));
#5460 = CARTESIAN_POINT('',(1782.95987239,-144.793374508,-89.8906965741));
#5461 = CARTESIAN_POINT('',(1784.50686315,-168.898718813,-81.2332083823));
#5462 = CARTESIAN_POINT('',(1786.07431399,-192.975860871,-71.5904953904));
#5463 = CARTESIAN_POINT('',(1787.65838591,-216.970607324,-61.9413270822));
#5464 = CARTESIAN_POINT('',(1789.25538804,-241.161089823,-51.7493459051));
#5465 = CARTESIAN_POINT('',(1790.87219277,-264.547857088,-46.2924046229));
#5466 = CARTESIAN_POINT('',(1792.49937786,-287.76957244,-39.5746242366));
#5467 = CARTESIAN_POINT('',(1794.13621759,-310.90168656,-33.1839313766));
#5468 = CARTESIAN_POINT('',(1795.78393699,-333.951113151,-26.7501146709));
#5469 = CARTESIAN_POINT('',(1797.43911575,-356.942314716,-20.1637165072));
#5470 = CARTESIAN_POINT('',(1799.1001298,-379.886345233,-14.2306520686));
#5471 = CARTESIAN_POINT('',(1801.32275565,-410.436419831,-2.28194453237));
#5472 = CARTESIAN_POINT('',(1802.99495945,-433.319776966,5.60961028251));
#5473 = CARTESIAN_POINT('',(1804.1100231,-448.572935772,11.3665337566));
#5474 = CARTESIAN_POINT('',(1862.86405337,0.,-139.802008807));
#5475 = CARTESIAN_POINT('',(1863.82539977,-16.2680915633,-134.187947399));
#5476 = CARTESIAN_POINT('',(1865.28444395,-40.6473040329,-125.769008919));
#5477 = CARTESIAN_POINT('',(1867.28950524,-73.1356831779,-114.538361458));
#5478 = CARTESIAN_POINT('',(1868.81747316,-97.5067799658,-106.098001657));
#5479 = CARTESIAN_POINT('',(1870.36902847,-121.889427329,-97.6725191037));
#5480 = CARTESIAN_POINT('',(1871.94645423,-146.2274777,-89.1440672427));
#5481 = CARTESIAN_POINT('',(1873.54209132,-170.560927566,-80.9350935302));
#5482 = CARTESIAN_POINT('',(1875.1582403,-194.860305861,-71.4509002105));
#5483 = CARTESIAN_POINT('',(1876.79108643,-219.073040892,-61.9229843193));
#5484 = CARTESIAN_POINT('',(1878.43690593,-243.469510401,-51.8184350353));
#5485 = CARTESIAN_POINT('',(1880.10270262,-267.082809744,-46.8249521351));
#5486 = CARTESIAN_POINT('',(1881.77890306,-290.531266434,-40.4700346765));
#5487 = CARTESIAN_POINT('',(1883.46480009,-313.889390739,-34.4693370647));
#5488 = CARTESIAN_POINT('',(1885.16162824,-337.164504598,-28.4169283285));
#5489 = CARTESIAN_POINT('',(1886.86595126,-360.381091838,-22.2190923039));
#5490 = CARTESIAN_POINT('',(1888.57613609,-383.550282542,-16.6545181925));
#5491 = CARTESIAN_POINT('',(1890.86436551,-414.400379043,-5.31703523567));
#5492 = CARTESIAN_POINT('',(1892.58580036,-437.508621737,2.14785904022));
#5493 = CARTESIAN_POINT('',(1893.73368194,-452.911681171,7.60563775958));
#5494 = CARTESIAN_POINT('',(1951.74418749,0.,-136.603371574));
#5495 = CARTESIAN_POINT('',(1952.69743559,-16.396330274,-131.267838454));
#5496 = CARTESIAN_POINT('',(1954.1436079,-40.9675493657,-123.265132741));
#5497 = CARTESIAN_POINT('',(1956.12907768,-73.7121441972,-112.586591489));
#5498 = CARTESIAN_POINT('',(1957.64139732,-98.2747562085,-104.557388463));
#5499 = CARTESIAN_POINT('',(1959.176357,-122.851582193,-96.5460175474));
#5500 = CARTESIAN_POINT('',(1960.73615069,-147.37385306,-88.4104401441));
#5501 = CARTESIAN_POINT('',(1962.31345507,-171.888498608,-80.6615282746));
#5502 = CARTESIAN_POINT('',(1963.91039685,-196.362906921,-71.3719468318));
#5503 = CARTESIAN_POINT('',(1965.52336167,-220.749775642,-61.9990575505));
#5504 = CARTESIAN_POINT('',(1967.14875835,-245.29816323,-52.0381539991));
#5505 = CARTESIAN_POINT('',(1968.79341878,-269.123886843,-47.3753071812));
#5506 = CARTESIAN_POINT('',(1970.4480362,-292.79182943,-41.3007950197));
#5507 = CARTESIAN_POINT('',(1972.11195626,-316.372617973,-35.5947639234));
#5508 = CARTESIAN_POINT('',(1973.78636798,-339.873787733,-29.8297940856));
#5509 = CARTESIAN_POINT('',(1975.46797346,-363.318745401,-23.9339984607));
#5510 = CARTESIAN_POINT('',(1977.15520395,-386.718171602,-18.6203073536));
#5511 = CARTESIAN_POINT('',(1979.4125121,-417.87705951,-7.92914101696));
#5512 = CARTESIAN_POINT('',(1981.11054844,-441.218163554,-0.866336477569));
#5513 = CARTESIAN_POINT('',(1982.24281618,-456.776447897,4.28506719286));
#5514 = CARTESIAN_POINT('',(2040.79816151,0.,-133.325469411));
#5515 = CARTESIAN_POINT('',(2041.70784211,-16.4960742339,-128.272178224));
#5516 = CARTESIAN_POINT('',(2043.08731248,-41.2166263059,-120.69150261));
#5517 = CARTESIAN_POINT('',(2044.97922177,-74.1605111146,-110.573230385));
#5518 = CARTESIAN_POINT('',(2046.41952693,-98.872048612,-102.961846473));
#5519 = CARTESIAN_POINT('',(2047.88065684,-123.600015355,-95.3707068994));
#5520 = CARTESIAN_POINT('',(2049.36463239,-148.26514075,-87.6379146107));
#5521 = CARTESIAN_POINT('',(2050.86474776,-172.92034573,-80.3469801931));
#5522 = CARTESIAN_POINT('',(2052.38287145,-197.52943701,-71.2973464144));
#5523 = CARTESIAN_POINT('',(2053.91572969,-222.053201396,-62.1264738838));
#5524 = CARTESIAN_POINT('',(2055.46000096,-246.709116561,-52.3775843424));
#5525 = CARTESIAN_POINT('',(2057.02208719,-270.733333721,-47.9248564554));
#5526 = CARTESIAN_POINT('',(2058.59330092,-294.612346838,-42.0605837748));
#5527 = CARTESIAN_POINT('',(2060.17306654,-318.410615461,-36.5660346354));
#5528 = CARTESIAN_POINT('',(2061.76248214,-342.13569379,-31.0072317119));
#5529 = CARTESIAN_POINT('',(2063.35851463,-365.809020396,-25.3375552008));
#5530 = CARTESIAN_POINT('',(2064.95971961,-389.440393349,-20.1755391014));
#5531 = CARTESIAN_POINT('',(2067.10171785,-420.911995229,-10.1425227522));
#5532 = CARTESIAN_POINT('',(2068.71287054,-444.490048484,-3.45246322078));
#5533 = CARTESIAN_POINT('',(2069.78719153,-460.206289047,1.39439675025));
#5534 = CARTESIAN_POINT('',(2130.01661023,0.,-129.972854549));
#5535 = CARTESIAN_POINT('',(2130.85183907,-16.5708772574,-125.198820403));
#5536 = CARTESIAN_POINT('',(2132.11779716,-41.403430117,-118.035997574));
#5537 = CARTESIAN_POINT('',(2133.85202417,-74.4967670298,-108.473090501));
#5538 = CARTESIAN_POINT('',(2135.17152837,-99.3200211912,-101.276651326));
#5539 = CARTESIAN_POINT('',(2136.50936546,-124.161238768,-94.1020717758));
#5540 = CARTESIAN_POINT('',(2137.86731745,-148.933876707,-86.7740263681));
#5541 = CARTESIAN_POINT('',(2139.23951268,-173.695286557,-79.9252392071));
#5542 = CARTESIAN_POINT('',(2140.62750427,-198.405593471,-71.1701002097));
#5543 = CARTESIAN_POINT('',(2142.02846335,-223.035661783,-62.2614460962));
#5544 = CARTESIAN_POINT('',(2143.43944672,-247.764452002,-52.8050785584));
#5545 = CARTESIAN_POINT('',(2144.8662136,-271.973411262,-48.4543886157));
#5546 = CARTESIAN_POINT('',(2146.30098318,-296.053919065,-42.7425850833));
#5547 = CARTESIAN_POINT('',(2147.74327626,-320.062645373,-37.3885974396));
#5548 = CARTESIAN_POINT('',(2149.19406412,-344.006968626,-31.9675146545));
#5549 = CARTESIAN_POINT('',(2150.65067705,-367.905676037,-26.4587562443));
#5550 = CARTESIAN_POINT('',(2152.11184194,-391.76734246,-21.3677841555));
#5551 = CARTESIAN_POINT('',(2154.0662813,-423.550733212,-11.981405647));
#5552 = CARTESIAN_POINT('',(2155.53621222,-447.365935016,-5.62999699495));
#5553 = CARTESIAN_POINT('',(2156.51635412,-463.240269746,-1.07676618125));
#5554 = CARTESIAN_POINT('',(2219.38572711,0.,-126.550258507));
#5555 = CARTESIAN_POINT('',(2220.12041647,-16.6243008623,-122.045799739));
#5556 = CARTESIAN_POINT('',(2221.23338882,-41.5368751777,-115.286726183));
#5557 = CARTESIAN_POINT('',(2222.75608133,-74.7369283243,-106.261273747));
#5558 = CARTESIAN_POINT('',(2223.91389477,-99.6400804017,-99.4674106776));
#5559 = CARTESIAN_POINT('',(2225.08706392,-124.561816344,-92.6959720918));
#5560 = CARTESIAN_POINT('',(2226.27708445,-149.412650458,-85.7667151307));
#5561 = CARTESIAN_POINT('',(2227.47907059,-174.252189826,-79.3305685881));
#5562 = CARTESIAN_POINT('',(2228.69422958,-199.037116515,-70.933583556));
#5563 = CARTESIAN_POINT('',(2229.92024621,-223.74953112,-62.3604357865));
#5564 = CARTESIAN_POINT('',(2231.1546357,-248.526255828,-53.2890991432));
#5565 = CARTESIAN_POINT('',(2232.40234782,-272.906385703,-48.944812817));
#5566 = CARTESIAN_POINT('',(2233.6567298,-297.177653918,-43.3400715387));
#5567 = CARTESIAN_POINT('',(2234.91740832,-321.387979153,-38.0679665818));
#5568 = CARTESIAN_POINT('',(2236.18520162,-345.544369466,-32.7289536958));
#5569 = CARTESIAN_POINT('',(2237.45787394,-369.662485063,-27.3266101803));
#5570 = CARTESIAN_POINT('',(2238.73435741,-393.749429369,-22.2445796991));
#5571 = CARTESIAN_POINT('',(2240.4415508,-425.83883928,-13.4700675389));
#5572 = CARTESIAN_POINT('',(2241.72538559,-449.887502787,-7.41849218767));
#5573 = CARTESIAN_POINT('',(2242.58142775,-465.917477821,-3.13891967815));
#5574 = CARTESIAN_POINT('',(2308.90967406,0.,-123.061667125));
#5575 = CARTESIAN_POINT('',(2309.52168852,-16.6598939066,-118.810369086));
#5576 = CARTESIAN_POINT('',(2310.44827346,-41.6258446168,-112.430950701));
#5577 = CARTESIAN_POINT('',(2311.71416346,-74.8969540129,-103.911955282));
#5578 = CARTESIAN_POINT('',(2312.67602861,-99.8535568605,-97.4987514781));
#5579 = CARTESIAN_POINT('',(2313.64997849,-124.828211197,-91.1072260131));
#5580 = CARTESIAN_POINT('',(2314.63719306,-149.733947123,-84.562864813));
#5581 = CARTESIAN_POINT('',(2315.63385851,-174.629822785,-78.4960112288));
#5582 = CARTESIAN_POINT('',(2316.64083467,-199.469658455,-70.5303792902));
#5583 = CARTESIAN_POINT('',(2317.65635176,-224.247116247,-62.3796163163));
#5584 = CARTESIAN_POINT('',(2318.67843549,-249.056592909,-53.7983885023));
#5585 = CARTESIAN_POINT('',(2319.71110252,-273.594497173,-49.377148995));
#5586 = CARTESIAN_POINT('',(2320.74898658,-298.0446255,-43.8464534352));
#5587 = CARTESIAN_POINT('',(2321.79182094,-322.445846999,-38.6097667021));
#5588 = CARTESIAN_POINT('',(2322.84025405,-346.804604124,-33.309959427));
#5589 = CARTESIAN_POINT('',(2323.89252681,-371.133162356,-27.9701980682));
#5590 = CARTESIAN_POINT('',(2324.94779734,-395.436997929,-22.8535550588));
#5591 = CARTESIAN_POINT('',(2326.3589349,-427.821800787,-14.6326188951));
#5592 = CARTESIAN_POINT('',(2327.41999932,-452.096343872,-8.83720804407));
#5593 = CARTESIAN_POINT('',(2328.12749053,-468.276907481,-4.80218014637));
#5594 = CARTESIAN_POINT('',(2398.52532116,0.,-119.513864927));
#5595 = CARTESIAN_POINT('',(2398.99963697,-16.681248661,-115.492722371));
#5596 = CARTESIAN_POINT('',(2399.71723898,-41.6793286406,-109.459082733));
#5597 = CARTESIAN_POINT('',(2400.6959502,-74.9930014223,-101.402720319));
#5598 = CARTESIAN_POINT('',(2401.43897361,-99.982044928,-95.3388833255));
#5599 = CARTESIAN_POINT('',(2402.1907078,-124.987241149,-89.2944344105));
#5600 = CARTESIAN_POINT('',(2402.95200615,-149.930620134,-83.1131690992));
#5601 = CARTESIAN_POINT('',(2403.72015024,-174.867312649,-77.3590070034));
#5602 = CARTESIAN_POINT('',(2404.49567133,-199.749186374,-69.9058582806));
#5603 = CARTESIAN_POINT('',(2405.277345,-224.580970199,-62.2760613088));
#5604 = CARTESIAN_POINT('',(2406.06372972,-249.417617363,-54.3004597496));
#5605 = CARTESIAN_POINT('',(2406.85783965,-274.10009332,-49.7318544272));
#5606 = CARTESIAN_POINT('',(2407.65567865,-298.716043761,-44.2545043255));
#5607 = CARTESIAN_POINT('',(2408.45708097,-323.295643177,-39.0191186279));
#5608 = CARTESIAN_POINT('',(2409.26251844,-347.844574876,-33.7285110164));
#5609 = CARTESIAN_POINT('',(2410.0707235,-372.371648689,-28.4183024541));
#5610 = CARTESIAN_POINT('',(2410.88108786,-396.880650298,-23.2420128048));
#5611 = CARTESIAN_POINT('',(2411.96454195,-429.545407506,-15.4937921261));
#5612 = CARTESIAN_POINT('',(2412.77909095,-454.034386483,-9.9065099919));
#5613 = CARTESIAN_POINT('',(2413.32220162,-470.357911548,-6.07808833889));
#5614 = CARTESIAN_POINT('',(2488.42044562,0.,-115.90320051));
#5615 = CARTESIAN_POINT('',(2488.73737181,-16.6917970162,-112.082084713));
#5616 = CARTESIAN_POINT('',(2489.2165506,-41.7059219183,-106.34979702));
#5617 = CARTESIAN_POINT('',(2489.86908223,-75.0404947659,-98.6984555554));
#5618 = CARTESIAN_POINT('',(2490.36409323,-100.04616352,-92.9426813324));
#5619 = CARTESIAN_POINT('',(2490.86453121,-125.064410701,-87.20212506));
#5620 = CARTESIAN_POINT('',(2491.37092966,-150.0341595,-81.3541541889));
#5621 = CARTESIAN_POINT('',(2491.88161474,-175.00245428,-75.8406463219));
#5622 = CARTESIAN_POINT('',(2492.39686024,-199.920502662,-68.9950424699));
#5623 = CARTESIAN_POINT('',(2492.91593647,-224.802735495,-62.0035337466));
#5624 = CARTESIAN_POINT('',(2493.4379334,-249.671154592,-54.7674555528));
#5625 = CARTESIAN_POINT('',(2493.96480569,-274.48512497,-49.9915232408));
#5626 = CARTESIAN_POINT('',(2494.49398096,-299.252616324,-44.559404864));
#5627 = CARTESIAN_POINT('',(2495.02537308,-323.996154454,-39.3030477859));
#5628 = CARTESIAN_POINT('',(2495.55927886,-348.720463211,-34.0042148906));
#5629 = CARTESIAN_POINT('',(2496.09490886,-373.431046846,-28.7008306269));
#5630 = CARTESIAN_POINT('',(2496.63188315,-398.130029777,-23.4584750963));
#5631 = CARTESIAN_POINT('',(2497.34970178,-431.054325849,-16.0760074595));
#5632 = CARTESIAN_POINT('',(2497.88928857,-455.742309717,-10.6426444916));
#5633 = CARTESIAN_POINT('',(2498.24905857,-472.198509894,-6.97288114269));
#5634 = CARTESIAN_POINT('',(2577.66878149,0.,-112.272197974));
#5635 = CARTESIAN_POINT('',(2577.84817864,-16.6955616169,-108.615517468));
#5636 = CARTESIAN_POINT('',(2578.11891666,-41.7156751273,-103.131971749));
#5637 = CARTESIAN_POINT('',(2578.48594702,-75.0575590437,-95.8171650537));
#5638 = CARTESIAN_POINT('',(2578.76374675,-100.070122707,-90.3199929863));
#5639 = CARTESIAN_POINT('',(2579.04397057,-125.090072799,-84.8320480693));
#5640 = CARTESIAN_POINT('',(2579.32686004,-150.081048544,-79.2793302466));
#5641 = CARTESIAN_POINT('',(2579.61170239,-175.077863518,-73.9268211851));
#5642 = CARTESIAN_POINT('',(2579.89851898,-200.032532809,-67.7739862834));
#5643 = CARTESIAN_POINT('',(2580.18704233,-224.967125874,-61.5290814696));
#5644 = CARTESIAN_POINT('',(2580.47684492,-249.879843678,-55.1534635955));
#5645 = CARTESIAN_POINT('',(2580.76893547,-274.812374457,-50.1304901641));
#5646 = CARTESIAN_POINT('',(2581.06201886,-299.716004566,-44.7469734786));
#5647 = CARTESIAN_POINT('',(2581.35608688,-324.607219314,-39.4611535842));
#5648 = CARTESIAN_POINT('',(2581.65127715,-349.489609821,-34.1503129546));
#5649 = CARTESIAN_POINT('',(2581.94723751,-374.365726047,-28.8432102256));
#5650 = CARTESIAN_POINT('',(2582.24379659,-399.236155184,-23.5467423176));
#5651 = CARTESIAN_POINT('',(2582.64004276,-432.394744292,-16.4096489607));
#5652 = CARTESIAN_POINT('',(2582.93777831,-457.262425592,-11.076363752));
#5653 = CARTESIAN_POINT('',(2583.13628347,-473.838429189,-7.51151234068));
#5654 = CARTESIAN_POINT('',(2668.81446179,0.,-108.519416097));
#5655 = CARTESIAN_POINT('',(2668.75259492,-16.6943758422,-104.979112032));
#5656 = CARTESIAN_POINT('',(2668.65981458,-41.7132394704,-99.6734448292));
#5657 = CARTESIAN_POINT('',(2668.53596644,-75.0523086416,-92.6032306068));
#5658 = CARTESIAN_POINT('',(2668.44296681,-100.064808539,-87.2987663925));
#5659 = CARTESIAN_POINT('',(2668.34988675,-125.07663787,-81.994376039));
#5660 = CARTESIAN_POINT('',(2668.25671344,-150.08912476,-76.689723982));
#5661 = CARTESIAN_POINT('',(2668.16341894,-175.117907841,-71.381592934));
#5662 = CARTESIAN_POINT('',(2668.07015175,-200.11820241,-66.0790238993));
#5663 = CARTESIAN_POINT('',(2667.97683432,-225.116287603,-60.7762483597));
#5664 = CARTESIAN_POINT('',(2667.88351194,-250.101595782,-55.4776492968));
#5665 = CARTESIAN_POINT('',(2667.7899507,-275.139059981,-50.1539371329));
#5666 = CARTESIAN_POINT('',(2667.69640948,-300.160985375,-44.8374602752));
#5667 = CARTESIAN_POINT('',(2667.60284386,-325.180489149,-39.5204740437));
#5668 = CARTESIAN_POINT('',(2667.50924179,-350.199768097,-34.2035581803));
#5669 = CARTESIAN_POINT('',(2667.41561429,-375.219023681,-28.8874173955));
#5670 = CARTESIAN_POINT('',(2667.32196948,-400.237526414,-23.5681902627));
#5671 = CARTESIAN_POINT('',(2667.1970726,-433.598311006,-16.4951022445));
#5672 = CARTESIAN_POINT('',(2667.10337469,-458.620962196,-11.1839456875));
#5673 = CARTESIAN_POINT('',(2667.04091708,-475.30028317,-7.64862961646));
#5674 = CARTESIAN_POINT('',(2751.58444096,0.,-105.076807493));
#5675 = CARTESIAN_POINT('',(2751.65517819,-16.6981951495,-101.620130125));
#5676 = CARTESIAN_POINT('',(2751.75964435,-41.7232933572,-96.4432355521));
#5677 = CARTESIAN_POINT('',(2751.89373279,-75.0699905175,-89.5523552186));
#5678 = CARTESIAN_POINT('',(2751.99233891,-100.090508972,-84.3914940755));
#5679 = CARTESIAN_POINT('',(2752.08895355,-125.103092673,-79.2223187902));
#5680 = CARTESIAN_POINT('',(2752.18339697,-150.145190624,-74.1148007026));
#5681 = CARTESIAN_POINT('',(2752.27645602,-175.21413651,-68.8100832384));
#5682 = CARTESIAN_POINT('',(2752.3675311,-200.268807824,-64.2798941624));
#5683 = CARTESIAN_POINT('',(2752.45717906,-225.337503992,-59.8409724802));
#5684 = CARTESIAN_POINT('',(2752.5456298,-250.409292824,-55.5244066211));
#5685 = CARTESIAN_POINT('',(2752.63283659,-275.540950611,-49.9595650767));
#5686 = CARTESIAN_POINT('',(2752.71902105,-300.666445322,-44.7293805934));
#5687 = CARTESIAN_POINT('',(2752.80436439,-325.797297619,-39.4116513782));
#5688 = CARTESIAN_POINT('',(2752.88878266,-350.934393741,-34.1180839463));
#5689 = CARTESIAN_POINT('',(2752.97256782,-376.076221998,-28.8182198225));
#5690 = CARTESIAN_POINT('',(2753.05585111,-401.221035633,-23.5214199738));
#5691 = CARTESIAN_POINT('',(2753.16624718,-434.753851068,-16.4522553307));
#5692 = CARTESIAN_POINT('',(2753.24861887,-459.908046778,-11.1541114761));
#5693 = CARTESIAN_POINT('',(2753.30348935,-476.675066025,-7.61264698804));
#5694 = CARTESIAN_POINT('',(2836.17302917,0.,-101.52927672));
#5695 = CARTESIAN_POINT('',(2836.27987576,-16.712594985,-98.176802286));
#5696 = CARTESIAN_POINT('',(2836.43746503,-41.7595426763,-93.1580669335));
#5697 = CARTESIAN_POINT('',(2836.63905369,-75.1358887487,-86.4828848891));
#5698 = CARTESIAN_POINT('',(2836.78702072,-100.180501583,-81.4889486807));
#5699 = CARTESIAN_POINT('',(2836.93171685,-125.214466077,-76.4832037222));
#5700 = CARTESIAN_POINT('',(2837.07284609,-150.293455161,-71.570843707));
#5701 = CARTESIAN_POINT('',(2837.21169219,-175.406023296,-66.3657727631));
#5702 = CARTESIAN_POINT('',(2837.34729522,-200.51282165,-62.3197728141));
#5703 = CARTESIAN_POINT('',(2837.48055537,-225.643901167,-58.4117104361));
#5704 = CARTESIAN_POINT('',(2837.61185543,-250.786538458,-54.6882715929));
#5705 = CARTESIAN_POINT('',(2837.74108516,-275.998308165,-49.0935209961));
#5706 = CARTESIAN_POINT('',(2837.86864463,-301.210370278,-44.0019232568));
#5707 = CARTESIAN_POINT('',(2837.994824,-326.432955661,-38.7795396407));
#5708 = CARTESIAN_POINT('',(2838.11948413,-351.666134465,-33.5944876441));
#5709 = CARTESIAN_POINT('',(2838.24310443,-376.907230235,-28.401097031));
#5710 = CARTESIAN_POINT('',(2838.36590086,-402.15381806,-23.2118201136));
#5711 = CARTESIAN_POINT('',(2838.52856306,-435.824758515,-16.290873687));
#5712 = CARTESIAN_POINT('',(2838.6498599,-461.084239942,-11.1125405187));
#5713 = CARTESIAN_POINT('',(2838.73065359,-477.921449243,-7.6151630981));
#5714 = CARTESIAN_POINT('',(2920.09967548,0.,-97.982263857));
#5715 = CARTESIAN_POINT('',(2920.27020177,-16.734892099,-94.7392643801));
#5716 = CARTESIAN_POINT('',(2920.52264078,-41.8153839227,-89.8857222332));
#5717 = CARTESIAN_POINT('',(2920.84868821,-75.2375583984,-83.4338772295));
#5718 = CARTESIAN_POINT('',(2921.08927693,-100.318065961,-78.6102494405));
#5719 = CARTESIAN_POINT('',(2921.32584095,-125.387721474,-73.7740564461));
#5720 = CARTESIAN_POINT('',(2921.55801939,-150.510109084,-69.0454938402));
#5721 = CARTESIAN_POINT('',(2921.78742791,-175.670413985,-63.9851322875));
#5722 = CARTESIAN_POINT('',(2922.01278113,-200.830094857,-60.2469063192));
#5723 = CARTESIAN_POINT('',(2922.23524705,-226.020258116,-56.6680262277));
#5724 = CARTESIAN_POINT('',(2922.45527498,-251.227468428,-53.301093202));
#5725 = CARTESIAN_POINT('',(2922.67286925,-276.508313963,-47.80583342));
#5726 = CARTESIAN_POINT('',(2922.88837134,-301.793189316,-42.8850598342));
#5727 = CARTESIAN_POINT('',(2923.1021695,-327.091634783,-37.8167293231));
#5728 = CARTESIAN_POINT('',(2923.31409774,-352.403227591,-32.7924003004));
#5729 = CARTESIAN_POINT('',(2923.52474643,-377.724610674,-27.7594432271));
#5730 = CARTESIAN_POINT('',(2923.73437958,-403.052958695,-22.7328967206));
#5731 = CARTESIAN_POINT('',(2924.01258493,-436.834341658,-16.0251129674));
#5732 = CARTESIAN_POINT('',(2924.22038273,-462.17765151,-11.0205063891));
#5733 = CARTESIAN_POINT('',(2924.35882169,-479.070744047,-7.59142830555));
#5734 = CARTESIAN_POINT('',(3004.23278275,0.,-94.4028607293));
#5735 = CARTESIAN_POINT('',(3004.46130076,-16.7647012782,-91.2775936782));
#5736 = CARTESIAN_POINT('',(3004.80042623,-41.8898668559,-86.6007905705));
#5737 = CARTESIAN_POINT('',(3005.2412513,-75.3730528601,-80.3859006583));
#5738 = CARTESIAN_POINT('',(3005.56766458,-100.500400102,-75.7405882817));
#5739 = CARTESIAN_POINT('',(3005.8897646,-125.618742592,-71.0842504431));
#5740 = CARTESIAN_POINT('',(3006.20716856,-150.790339529,-66.5340459565));
#5741 = CARTESIAN_POINT('',(3006.52165017,-176.00177673,-61.6629922325));
#5742 = CARTESIAN_POINT('',(3006.83170976,-201.214393204,-58.0796586875));
#5743 = CARTESIAN_POINT('',(3007.13866982,-226.459840808,-54.6539950172));
#5744 = CARTESIAN_POINT('',(3007.44298641,-251.724300321,-51.437111854));
#5745 = CARTESIAN_POINT('',(3007.74482824,-277.064376937,-46.1529462969));
#5746 = CARTESIAN_POINT('',(3008.04438453,-302.409895343,-41.4298166023));
#5747 = CARTESIAN_POINT('',(3008.34210797,-327.770139372,-36.5651821367));
#5748 = CARTESIAN_POINT('',(3008.63782677,-353.144504154,-31.7452359875));
#5749 = CARTESIAN_POINT('',(3008.93217419,-378.529372799,-26.9181724609));
#5750 = CARTESIAN_POINT('',(3009.22543118,-403.921766641,-22.099125945));
#5751 = CARTESIAN_POINT('',(3009.61504911,-437.789092126,-15.6664786371));
#5752 = CARTESIAN_POINT('',(3009.90635068,-463.197241296,-10.8823591402));
#5753 = CARTESIAN_POINT('',(3010.10044547,-480.133555918,-7.5497929892));
#5754 = CARTESIAN_POINT('',(3088.37399635,0.,-90.8031253068));
#5755 = CARTESIAN_POINT('',(3088.66355568,-16.8010173344,-87.801731343));
#5756 = CARTESIAN_POINT('',(3089.09424582,-41.9805148194,-83.310217297));
#5757 = CARTESIAN_POINT('',(3089.65737056,-75.5375927164,-77.3421521952));
#5758 = CARTESIAN_POINT('',(3090.07564955,-100.720941953,-72.8808637207));
#5759 = CARTESIAN_POINT('',(3090.48972353,-125.898317826,-68.411502855));
#5760 = CARTESIAN_POINT('',(3090.899225,-151.12416147,-64.0355825094));
#5761 = CARTESIAN_POINT('',(3091.30594481,-176.389697082,-59.3843441931));
#5762 = CARTESIAN_POINT('',(3091.70824271,-201.655484749,-55.8485141749));
#5763 = CARTESIAN_POINT('',(3092.10751123,-226.953228937,-52.4522290999));
#5764 = CARTESIAN_POINT('',(3092.50415781,-252.269177851,-49.2396928648));
#5765 = CARTESIAN_POINT('',(3092.89858636,-277.660134325,-44.2437685838));
#5766 = CARTESIAN_POINT('',(3093.29072344,-303.055940504,-39.7355542258));
#5767 = CARTESIAN_POINT('',(3093.6810638,-328.466018926,-35.1075861311));
#5768 = CARTESIAN_POINT('',(3094.06944888,-353.889841289,-30.5205220381));
#5769 = CARTESIAN_POINT('',(3094.45649685,-379.323891754,-25.9288228243));
#5770 = CARTESIAN_POINT('',(3094.84247868,-404.765248729,-21.3463285875));
#5771 = CARTESIAN_POINT('',(3095.35577595,-438.697654819,-15.227305682));
#5772 = CARTESIAN_POINT('',(3095.73986824,-464.154472763,-10.6909737354));
#5773 = CARTESIAN_POINT('',(3095.99581644,-481.123227622,-7.47907384589));
#5774 = CARTESIAN_POINT('',(3172.56631969,0.,-87.1845039123));
#5775 = CARTESIAN_POINT('',(3172.917381,-16.8429936436,-84.3123361453));
#5776 = CARTESIAN_POINT('',(3173.44058322,-42.0852411189,-80.0136191166));
#5777 = CARTESIAN_POINT('',(3174.1281225,-75.7271230097,-74.3010267291));
#5778 = CARTESIAN_POINT('',(3174.64018584,-100.97408968,-70.0289639445));
#5779 = CARTESIAN_POINT('',(3175.14848357,-126.218542533,-65.7524325239));
#5780 = CARTESIAN_POINT('',(3175.65269448,-151.502897418,-61.5492291537));
#5781 = CARTESIAN_POINT('',(3176.15450696,-176.824966717,-57.1378506269));
#5782 = CARTESIAN_POINT('',(3176.65220729,-202.144077862,-53.58149637));
#5783 = CARTESIAN_POINT('',(3177.14718429,-227.491556662,-50.1355268514));
#5784 = CARTESIAN_POINT('',(3177.63975182,-252.854059595,-46.8338811724));
#5785 = CARTESIAN_POINT('',(3178.1306005,-278.288913594,-42.1734010275));
#5786 = CARTESIAN_POINT('',(3178.61931023,-303.726358153,-37.8888832236));
#5787 = CARTESIAN_POINT('',(3179.10639744,-329.176277576,-33.5158940167));
#5788 = CARTESIAN_POINT('',(3179.59173238,-354.638437773,-29.1767910713));
#5789 = CARTESIAN_POINT('',(3180.07586975,-380.109724616,-24.8359145624));
#5790 = CARTESIAN_POINT('',(3180.55904818,-405.587449293,-20.504690838));
#5791 = CARTESIAN_POINT('',(3181.202097,-439.567514821,-14.7197527419));
#5792 = CARTESIAN_POINT('',(3181.68360645,-465.05949831,-10.4423107303));
#5793 = CARTESIAN_POINT('',(3182.00449787,-482.051690009,-7.37332848464));
#5794 = CARTESIAN_POINT('',(3256.7883274,0.,-83.5510953507));
#5795 = CARTESIAN_POINT('',(3257.20178601,-16.8897409771,-80.8123695207));
#5796 = CARTESIAN_POINT('',(3257.8190476,-42.2018542794,-76.7124014338));
#5797 = CARTESIAN_POINT('',(3258.6337449,-75.9373941348,-71.2620436145));
#5798 = CARTESIAN_POINT('',(3259.24191633,-101.253983457,-67.183431095));
#5799 = CARTESIAN_POINT('',(3259.84702635,-126.571160958,-63.1038094778));
#5800 = CARTESIAN_POINT('',(3260.44882482,-151.917518538,-59.0739667125));
#5801 = CARTESIAN_POINT('',(3261.04880257,-177.298053099,-54.9110660603));
#5802 = CARTESIAN_POINT('',(3261.64522461,-202.670627959,-51.3071764295));
#5803 = CARTESIAN_POINT('',(3262.23941799,-228.065808649,-47.7792175307));
#5804 = CARTESIAN_POINT('',(3262.83156661,-253.470953022,-44.3495453487));
#5805 = CARTESIAN_POINT('',(3263.42269104,-278.944124499,-40.0405675566));
#5806 = CARTESIAN_POINT('',(3264.01195518,-304.416293137,-35.9797636639));
#5807 = CARTESIAN_POINT('',(3264.59988134,-329.898064867,-31.8648777051));
#5808 = CARTESIAN_POINT('',(3265.1863811,-355.389673439,-27.7749381302));
#5809 = CARTESIAN_POINT('',(3265.77190698,-380.888646967,-23.6858101826));
#5810 = CARTESIAN_POINT('',(3266.35664738,-406.392669889,-19.605880265));
#5811 = CARTESIAN_POINT('',(3267.13535621,-440.406467334,-14.1560090038));
#5812 = CARTESIAN_POINT('',(3267.718772,-465.922821,-10.1314962919));
#5813 = CARTESIAN_POINT('',(3268.10760377,-482.931251637,-7.2252086124));
#5814 = CARTESIAN_POINT('',(3369.12550387,0.,-78.6913757294));
#5815 = CARTESIAN_POINT('',(3369.6228853,-16.9572664951,-76.1348020062));
#5816 = CARTESIAN_POINT('',(3370.36685362,-42.3703150615,-72.3058772589));
#5817 = CARTESIAN_POINT('',(3371.35350157,-76.2398349328,-67.211903479));
#5818 = CARTESIAN_POINT('',(3372.0918882,-101.655144085,-63.395721879));
#5819 = CARTESIAN_POINT('',(3372.82841733,-127.073663882,-59.581903507));
#5820 = CARTESIAN_POINT('',(3373.56295831,-152.506322404,-55.7871172148));
#5821 = CARTESIAN_POINT('',(3374.29664323,-177.96671042,-51.9521242073));
#5822 = CARTESIAN_POINT('',(3375.0277615,-203.410720704,-48.302913778));
#5823 = CARTESIAN_POINT('',(3375.75749933,-228.867466634,-44.6841719003));
#5824 = CARTESIAN_POINT('',(3376.48583119,-254.325546014,-41.1037778584));
#5825 = CARTESIAN_POINT('',(3377.21426007,-279.844228358,-37.2437960254));
#5826 = CARTESIAN_POINT('',(3377.94132664,-305.355782472,-33.4697139965));
#5827 = CARTESIAN_POINT('',(3378.66754499,-330.872035562,-29.6830739831));
#5828 = CARTESIAN_POINT('',(3379.39289437,-356.394019111,-25.9086188458));
#5829 = CARTESIAN_POINT('',(3380.11765232,-381.920358136,-22.1372023594));
#5830 = CARTESIAN_POINT('',(3380.84192239,-407.449375297,-18.3729005083));
#5831 = CARTESIAN_POINT('',(3381.80708412,-441.494220031,-13.3456458505));
#5832 = CARTESIAN_POINT('',(3382.53061254,-467.032270926,-9.62798540559));
#5833 = CARTESIAN_POINT('',(3383.01286084,-484.055154925,-6.96190223546));
#5834 = CARTESIAN_POINT('',(3453.38971896,0.,-75.0361139023));
#5835 = CARTESIAN_POINT('',(3453.95062889,-17.0124220283,-72.6192641944));
#5836 = CARTESIAN_POINT('',(3454.79066011,-42.5079717072,-68.9981721594));
#5837 = CARTESIAN_POINT('',(3455.90815833,-76.4851315272,-64.1763441078));
#5838 = CARTESIAN_POINT('',(3456.74582127,-101.978691313,-60.5606519536));
#5839 = CARTESIAN_POINT('',(3457.58272812,-127.474555484,-56.9472732539));
#5840 = CARTESIAN_POINT('',(3458.41885646,-152.974848552,-53.3365196861));
#5841 = CARTESIAN_POINT('',(3459.25499791,-178.496485374,-49.7267018863));
#5842 = CARTESIAN_POINT('',(3460.08949959,-203.994188981,-46.1248497931));
#5843 = CARTESIAN_POINT('',(3460.92339837,-229.49556862,-42.5284301387));
#5844 = CARTESIAN_POINT('',(3461.75648448,-254.990404612,-38.938620994));
#5845 = CARTESIAN_POINT('',(3462.59065476,-280.539028467,-35.3467860029));
#5846 = CARTESIAN_POINT('',(3463.42393088,-306.074930642,-31.761599684));
#5847 = CARTESIAN_POINT('',(3464.25680881,-331.611048148,-28.1805598917));
#5848 = CARTESIAN_POINT('',(3465.08932794,-357.149141166,-24.603134647));
#5849 = CARTESIAN_POINT('',(3465.92160558,-382.688837626,-21.0280806142));
#5850 = CARTESIAN_POINT('',(3466.75366821,-408.22904417,-17.4566267262));
#5851 = CARTESIAN_POINT('',(3467.86292925,-442.286723322,-12.6902840099));
#5852 = CARTESIAN_POINT('',(3468.69478024,-467.832946699,-9.14316120705));
#5853 = CARTESIAN_POINT('',(3469.24925292,-484.861269682,-6.67982094729));
#5854 = CARTESIAN_POINT('',(3509.57052707,0.,-72.599031192));
#5855 = CARTESIAN_POINT('',(3510.17378316,-17.050029724,-70.2753077111));
#5856 = CARTESIAN_POINT('',(3511.07784708,-42.6018922316,-66.7928819412));
#5857 = CARTESIAN_POINT('',(3512.2825666,-76.651285007,-62.1523402659));
#5858 = CARTESIAN_POINT('',(3513.18640462,-102.196763026,-58.6707846285));
#5859 = CARTESIAN_POINT('',(3514.09022088,-127.741625649,-55.1893128627));
#5860 = CARTESIAN_POINT('',(3514.99406507,-153.287278053,-51.7077334588));
#5861 = CARTESIAN_POINT('',(3515.89850186,-178.849678988,-48.223871422));
#5862 = CARTESIAN_POINT('',(3516.80191683,-204.383199989,-44.7439453892));
#5863 = CARTESIAN_POINT('',(3517.70524729,-229.914332613,-41.2643448647));
#5864 = CARTESIAN_POINT('',(3518.60816065,-255.433676253,-37.7863510434));
#5865 = CARTESIAN_POINT('',(3519.51281628,-281.002262723,-34.3016459893));
#5866 = CARTESIAN_POINT('',(3520.41688988,-306.554398838,-30.8191829299));
#5867 = CARTESIAN_POINT('',(3521.32086534,-332.103760903,-27.3370979416));
#5868 = CARTESIAN_POINT('',(3522.22482211,-357.652595091,-23.855084897));
#5869 = CARTESIAN_POINT('',(3523.1287707,-383.201197927,-20.3731033829));
#5870 = CARTESIAN_POINT('',(3524.03268619,-408.748865408,-16.891249347));
#5871 = CARTESIAN_POINT('',(3525.23800169,-442.815102566,-12.2484119756));
#5872 = CARTESIAN_POINT('',(3526.1420589,-468.366775509,-8.76601204115));
#5873 = CARTESIAN_POINT('',(3526.7446753,-485.398725313,-6.44475264613));
#5874 = B_SPLINE_SURFACE_WITH_KNOTS('',3,3,((#4914,#4915,#4916,#4917,#4918,#4919,#4920,#4921,#4922,#4923,#4924,#4925,#4926,#4927,#4928,#4929,#4930,#4931,#4932,#4933),(#4934,#4935,#4936,#4937,#4938,#4939,#4940,#4941,#4942,#4943,#4944,#4945,#4946,#4947,
#4948,#4949,#4950,#4951,#4952,#4953),(#4954,#4955,#4956,#4957,#4958,#4959,#4960,#4961,#4962,#4963,#4964,#4965,#4966,#4967,#4968,#4969,#4970,#4971,#4972,#4973),(#4974,#4975,#4976,#4977,#4978,#4979,#4980,#4981,#4982,#4983,#4984,#4985,#4986,#4987,#4988,
#4989,#4990,#4991,#4992,#4993),(#4994,#4995,#4996,#4997,#4998,#4999,#5000,#5001,#5002,#5003,#5004,#5005,#5006,#5007,#5008,#5009,#5010,#5011,#5012,#5013),(#5014,#5015,#5016,#5017,#5018,#5019,#5020,#5021,#5022,#5023,#5024,#5025,#5026,#5027,#5028,#5029,
#5030,#5031,#5032,#5033),(#5034,#5035,#5036,#5037,#5038,#5039,#5040,#5041,#5042,#5043,#5044,#5045,#5046,#5047,#5048,#5049,#5050,#5051,#5052,#5053),(#5054,#5055,#5056,#5057,#5058,#5059,#5060,#5061,#5062,#5063,#5064,#5065,#5066,#5067,#5068,#5069,#5070,
#5071,#5072,#5073),(#5074,#5075,#5076,#5077,#5078,#5079,#5080,#5081,#5082,#5083,#5084,#5085,#5086,#5087,#5088,#5089,#5090,#5091,#5092,#5093),(#5094,#5095,#5096,#5097,#5098,#5099,#5100,#5101,#5102,#5103,#5104,#5105,#5106,#5107,#5108,#5109,#5110,#5111,
#5112,#5113),(#5114,#5115,#5116,#5117,#5118,#5119,#5120,#5121,#5122,#5123,#5124,#5125,#5126,#5127,#5128,#5129,#5130,#5131,#5132,#5133),(#5134,#5135,#5136,#5137,#5138,#5139,#5140,#5141,#5142,#5143,#5144,#5145,#5146,#5147,#5148,#5149,#5150,#5151,#5152,
#5153),(#5154,#5155,#5156,#5157,#5158,#5159,#5160,#5161,#5162,#5163,#5164,#5165,#5166,#5167,#5168,#5169,#5170,#5171,#5172,#5173),(#5174,#5175,#5176,#5177,#5178,#5179,#5180,#5181,#5182,#5183,#5184,#5185,#5186,#5187,#5188,#5189,#5190,#5191,#5192,#5193),
(#5194,#5195,#5196,#5197,#5198,#5199,#5200,#5201,#5202,#5203,#5204,#5205,#5206,#5207,#5208,#5209,#5210,#5211,#5212,#5213),(#5214,#5215,#5216,#5217,#5218,#5219,#5220,#5221,#5222,#5223,#5224,#5225,#5226,#5227,#5228,#5229,#5230,#5231,#5232,#5233),(#5234,
#5235,#5236,#5237,#5238,#5239,#5240,#5241,#5242,#5243,#5244,#5245,#5246,#5247,#5248,#5249,#5250,#5251,#5252,#5253),(#5254,#5255,#5256,#5257,#5258,#5259,#5260,#5261,#5262,#5263,#5264,#5265,#5266,#5267,#5268,#5269,#5270,#5271,#5272,#5273),(#5274,#5275,
#5276,#5277,#5278,#5279,#5280,#5281,#5282,#5283,#5284,#5285,#5286,#5287,#5288,#5289,#5290,#5291,#5292,#5293),(#5294,#5295,#5296,#5297,#5298,#5299,#5300,#5301,#5302,#5303,#5304,#5305,#5306,#5307,#5308,#5309,#5310,#5311,#5312,#5313),(#5314,#5315,#5316,
#5317,#5318,#5319,#5320,#5321,#5322,#5323,#5324,#5325,#5326,#5327,#5328,#5329,#5330,#5331,#5332,#5333),(#5334,#5335,#5336,#5337,#5338,#5339,#5340,#5341,#5342,#5343,#5344,#5345,#5346,#5347,#5348,#5349,#5350,#5351,#5352,#5353),(#5354,#5355,#5356,#5357,
#5358,#5359,#5360,#5361,#5362,#5363,#5364,#5365,#5366,#5367,#5368,#5369,#5370,#5371,#5372,#5373),(#5374,#5375,#5376,#5377,#5378,#5379,#5380,#5381,#5382,#5383,#5384,#5385,#5386,#5387,#5388,#5389,#5390,#5391,#5392,#5393),(#5394,#5395,#5396,#5397,#5398,
#5399,#5400,#5401,#5402,#5403,#5404,#5405,#5406,#5407,#5408,#5409,#5410,#5411,#5412,#5413),(#5414,#5415,#5416,#5417,#5418,#5419,#5420,#5421,#5422,#5423,#5424,#5425,#5426,#5427,#5428,#5429,#5430,#5431,#5432,#5433),(#5434,#5435,#5436,#5437,#5438,#5439,
#5440,#5441,#5442,#5443,#5444,#5445,#5446,#5447,#5448,#5449,#5450,#5451,#5452,#5453),(#5454,#5455,#5456,#5457,#5458,#5459,#5460,#5461,#5462,#5463,#5464,#5465,#5466,#5467,#5468,#5469,#5470,#5471,#5472,#5473),(#5474,#5475,#5476,#5477,#5478,#5479,#5480,
#5481,#5482,#5483,#5484,#5485,#5486,#5487,#5488,#5489,#5490,#5491,#5492,#5493),(#5494,#5495,#5496,#5497,#5498,#5499,#5500,#5501,#5502,#5503,#5504,#5505,#5506,#5507,#5508,#5509,#5510,#5511,#5512,#5513),(#5514,#5515,#5516,#5517,#5518,#5519,#5520,#5521,
#5522,#5523,#5524,#5525,#5526,#5527,#5528,#5529,#5530,#5531,#5532,#5533),(#5534,#5535,#5536,#5537,#5538,#5539,#5540,#5541,#5542,#5543,#5544,#5545,#5546,#5547,#5548,#5549,#5550,#5551,#5552,#5553),(#5554,#5555,#5556,#5557,#5558,#5559,#5560,#5561,#5562,
#5563,#5564,#5565,#5566,#5567,#5568,#5569,#5570,#5571,#5572,#5573),(#5574,#5575,#5576,#5577,#5578,#5579,#5580,#5581,#5582,#5583,#5584,#5585,#5586,#5587,#5588,#5589,#5590,#5591,#5592,#5593),(#5594,#5595,#5596,#5597,#5598,#5599,#5600,#5601,#5602,#5603,
#5604,#5605,#5606,#5607,#5608,#5609,#5610,#5611,#5612,#5613),(#5614,#5615,#5616,#5617,#5618,#5619,#5620,#5621,#5622,#5623,#5624,#5625,#5626,#5627,#5628,#5629,#5630,#5631,#5632,#5633),(#5634,#5635,#5636,#5637,#5638,#5639,#5640,#5641,#5642,#5643,#5644,
#5645,#5646,#5647,#5648,#5649,#5650,#5651,#5652,#5653),(#5654,#5655,#5656,#5657,#5658,#5659,#5660,#5661,#5662,#5663,#5664,#5665,#5666,#5667,#5668,#5669,#5670,#5671,#5672,#5673),(#5674,#5675,#5676,#5677,#5678,#5679,#5680,#5681,#5682,#5683,#5684,#5685,
#5686,#5687,#5688,#5689,#5690,#5691,#5692,#5693),(#5694,#5695,#5696,#5697,#5698,#5699,#5700,#5701,#5702,#5703,#5704,#5705,#5706,#5707,#5708,#5709,#5710,#5711,#5712,#5713),(#5714,#5715,#5716,#5717,#5718,#5719,#5720,#5721,#5722,#5723,#5724,#5725,#5726,
#5727,#5728,#5729,#5730,#5731,#5732,#5733),(#5734,#5735,#5736,#5737,#5738,#5739,#5740,#5741,#5742,#5743,#5744,#5745,#5746,#5747,#5748,#5749,#5750,#5751,#5752,#5753),(#5754,#5755,#5756,#5757,#5758,#5759,#5760,#5761,#5762,#5763,#5764,#5765,#5766,#5767,
#5768,#5769,#5770,#5771,#5772,#5773),(#5774,#5775,#5776,#5777,#5778,#5779,#5780,#5781,#5782,#5783,#5784,#5785,#5786,#5787,#5788,#5789,#5790,#5791,#5792,#5793),(#5794,#5795,#5796,#5797,#5798,#5799,#5800,#5801,#5802,#5803,#5804,#5805,#5806,#5807,#5808,
#5809,#5810,#5811,#5812,#5813),(#5814,#5815,#5816,#5817,#5818,#5819,#5820,#5821,#5822,#5823,#5824,#5825,#5826,#5827,#5828,#5829,#5830,#5831,#5832,#5833),(#5834,#5835,#5836,#5837,#5838,#5839,#5840,#5841,#5842,#5843,#5844,#5845,#5846,#5847,#5848,#5849,
#5850,#5851,#5852,#5853),(#5854,#5855,#5856,#5857,#5858,#5859,#5860,#5861,#5862,#5863,#5864,#5865,#5866,#5867,#5868,#5869,#5870,#5871,#5872,#5873)),.UNSPECIFIED.,.F.,.F.,.F.,(4,1,1,1,1,1,1,1,1,1,1,1,1,1,1,1,1,1,1,1,1,1,1,1,1,1,1,1,1,1,1,1,1,1,1,1,1,1,
1,1,1,1,1,1,1,4),(4,1,1,1,1,1,1,1,1,1,1,1,1,1,1,1,1,4),(0.,0.027391365779,0.0413175153067,0.0554839438082,0.0699421257173,0.0847402444438,0.0999240947869,0.115534242096,0.131611457711,0.150021580309,0.170717269321,0.193617940393,0.216787229303,
0.240176888789,0.263744550894,0.287449545427,0.311252327359,0.33511440615,0.358998257963,0.382867082735,0.406684680668,0.430355937958,0.453862459009,0.477202292971,0.500447579864,0.523608654633,0.546694198543,0.569712774622,0.592672996363,
0.615583514823,0.638453012809,0.661290199452,0.684103805178,0.706902577088,0.729695274713,0.752490666114,0.775161412932,0.79771239759,0.820144965391,0.842593024731,0.86505467801,0.887527984205,0.910010967306,0.932501644545,0.95499802224,1.),(0.,
0.10523714891,0.157902025397,0.210591266879,0.263298321434,0.316017614056,0.368759785483,0.42152605379,0.474304984789,0.527043921183,0.57972352956,0.632343064764,0.684928819708,0.737487255749,0.790021716827,0.842534713874,0.895031139404,1.),
.UNSPECIFIED.);
#5875 = B_SPLINE_CURVE_WITH_KNOTS('',3,(#4914,#4915,#4916,#4917,#4918,#4919,#4920,#4921,#4922,#4923,#4924,#4925,#4926,#4927,#4928,#4929,#4930,#4931,#4932,#4933),.UNSPECIFIED.,.F.,.F.,(4,1,1,1,1,1,1,1,1,1,1,1,1,1,1,1,1,4),(0.,0.10523714891,
0.157902025397,0.210591266879,0.263298321434,0.316017614056,0.368759785483,0.42152605379,0.474304984789,0.527043921183,0.57972352956,0.632343064764,0.684928819708,0.737487255749,0.790021716827,0.842534713874,0.895031139404,1.),.UNSPECIFIED.);
#5876 = B_SPLINE_CURVE_WITH_KNOTS('',3,(#5854,#5855,#5856,#5857,#5858,#5859,#5860,#5861,#5862,#5863,#5864,#5865,#5866,#5867,#5868,#5869,#5870,#5871,#5872,#5873),.UNSPECIFIED.,.F.,.F.,(4,1,1,1,1,1,1,1,1,1,1,1,1,1,1,1,1,4),(0.,0.10523714891,
0.157902025397,0.210591266879,0.263298321434,0.316017614056,0.368759785483,0.42152605379,0.474304984789,0.527043921183,0.57972352956,0.632343064764,0.684928819708,0.737487255749,0.790021716827,0.842534713874,0.895031139404,1.),.UNSPECIFIED.);
#5877 = B_SPLINE_CURVE_WITH_KNOTS('',3,(#4914,#4934,#4954,#4974,#4994,#5014,#5034,#5054,#5074,#5094,#5114,#5134,#5154,#5174,#5194,#5214,#5234,#5254,#5274,#5294,#5314,#5334,#5354,#5374,#5394,#5414,#5434,#5454,#5474,#5494,#5514,#5534,#5554,#5574,#5594,
#5614,#5634,#5654,#5674,#5694,#5714,#5734,#5754,#5774,#5794,#5814,#5834,#5854),.UNSPECIFIED.,.F.,.F.,(4,1,1,1,1,1,1,1,1,1,1,1,1,1,1,1,1,1,1,1,1,1,1,1,1,1,1,1,1,1,1,1,1,1,1,1,1,1,1,1,1,1,1,1,1,4),(0.,0.027391365779,0.0413175153067,0.0554839438082,
0.0699421257173,0.0847402444438,0.0999240947869,0.115534242096,0.131611457711,0.150021580309,0.170717269321,0.193617940393,0.216787229303,0.240176888789,0.263744550894,0.287449545427,0.311252327359,0.33511440615,0.358998257963,0.382867082735,
0.406684680668,0.430355937958,0.453862459009,0.477202292971,0.500447579864,0.523608654633,0.546694198543,0.569712774622,0.592672996363,0.615583514823,0.638453012809,0.661290199452,0.684103805178,0.706902577088,0.729695274713,0.752490666114,
0.775161412932,0.79771239759,0.820144965391,0.842593024731,0.86505467801,0.887527984205,0.910010967306,0.932501644545,0.95499802224,1.),.UNSPECIFIED.);
#5878 = B_SPLINE_CURVE_WITH_KNOTS('',3,(#4933,#4953,#4973,#4993,#5013,#5033,#5053,#5073,#5093,#5113,#5133,#5153,#5173,#5193,#5213,#5233,#5253,#5273,#5293,#5313,#5333,#5353,#5373,#5393,#5413,#5433,#5453,#5473,#5493,#5513,#5533,#5553,#5573,#5593,#5613,
#5633,#5653,#5673,#5693,#5713,#5733,#5753,#5773,#5793,#5813,#5833,#5853,#5873),.UNSPECIFIED.,.F.,.F.,(4,1,1,1,1,1,1,1,1,1,1,1,1,1,1,1,1,1,1,1,1,1,1,1,1,1,1,1,1,1,1,1,1,1,1,1,1,1,1,1,1,1,1,1,1,4),(0.,0.027391365779,0.0413175153067,0.0554839438082,
0.0699421257173,0.0847402444438,0.0999240947869,0.115534242096,0.131611457711,0.150021580309,0.170717269321,0.193617940393,0.216787229303,0.240176888789,0.263744550894,0.287449545427,0.311252327359,0.33511440615,0.358998257963,0.382867082735,
0.406684680668,0.430355937958,0.453862459009,0.477202292971,0.500447579864,0.523608654633,0.546694198543,0.569712774622,0.592672996363,0.615583514823,0.638453012809,0.661290199452,0.684103805178,0.706902577088,0.729695274713,0.752490666114,
0.775161412932,0.79771239759,0.820144965391,0.842593024731,0.86505467801,0.887527984205,0.910010967306,0.932501644545,0.95499802224,1.),.UNSPECIFIED.);
#5879 = VERTEX_POINT('',#4914);
#5880 = VERTEX_POINT('',#5854);
#5881 = VERTEX_POINT('',#5873);
#5882 = VERTEX_POINT('',#4933);
#5883 = EDGE_CURVE('',#5879,#5880,#5877,.T.);
#5884 = ORIENTED_EDGE('',*,*,#5883,.T.);
#5885 = EDGE_CURVE('',#5880,#5881,#5876,.T.);
#5886 = ORIENTED_EDGE('',*,*,#5885,.T.);
#5887 = EDGE_CURVE('',#5882,#5881,#5878,.T.);
#5888 = ORIENTED_EDGE('',*,*,#5887,.F.);
#5889 = EDGE_CURVE('',#5879,#5882,#5875,.T.);
#5890 = ORIENTED_EDGE('',*,*,#5889,.F.);
#5891 = EDGE_LOOP('',(#5884,#5886,#5888,#5890));
#5892 = FACE_OUTER_BOUND('',#5891,.T.);
#5893 = ADVANCED_FACE('',(#5892),#5874,.T.);
#5894 = OPEN_SHELL('hull',(#993,#1973,#2953,#3933,#4913,#5893));
#5895 = SHELL_BASED_SURFACE_MODEL('hull',(#5894));
#5896 = CARTESIAN_POINT('',(0.,0.,0.));
#5897 = DIRECTION('',(0.,0.,1.));
#5898 = DIRECTION('',(1.,0.,0.));
#5899 = AXIS2_PLACEMENT_3D('',#5896,#5897,#5898);
#5900 = MANIFOLD_SURFACE_SHAPE_REPRESENTATION('hull',(#5899,#5895),#13);
#5901 = SHAPE_DEFINITION_REPRESENTATION(#8,#5900);
ENDSEC;
END-ISO-10303-21;
